numero,votos_nominais,situacao,nome,nome_urna,sexo,data_nasc,destino_voto,numero_partido
27058,145,Suplente,WAGNER ANTONIO LICINIO CAMARGO,WAGNER CAMARGO,M,27/05/1984,Válido,27
27050,249,Suplente,JOSÉ EMILIO PORTO CALDEIRA,EMILIO CALDEIRA,M,10/09/1966,Válido,27
27054,56,Suplente,MARIA TEREZINHA VALIENTE,TERE BRASIL,F,01/12/1954,Válido,27
27055,288,Suplente,EWERSON CRISTHIAN STORI,EWERSON DA SAÚDE,M,11/01/1981,Válido,27
27800,32,Suplente,ANA PAULA DA ROSA,ANA PAULA,F,28/07/1978,Válido,27
27489,142,Suplente,ARIOVALDO HIANCKI STIVANIN,PROFESSOR ARIOVALDO,M,04/12/1973,Válido,27
27511,73,Suplente,NEILDES ARAGÃO DA ROCHA,NEILDES ARAGÃO,F,29/12/1959,Válido,27
27111,936,Suplente,ALEXANDRE DE FREITAS,ALEXANDRE ROLLER,M,27/05/1978,Válido,27
27047,448,Suplente,LOURDES FONSECA GAFFKE,LOURDES FONSECA DA SAÚDE,F,29/09/1954,Válido,27
27900,202,Suplente,EWERTON HYRA ROCHI,YURA,M,09/09/1985,Válido,27
27700,258,Suplente,GERALDO CARDOSO SOBRINHO,PROFESSOR GERALDO ,M,10/07/1957,Válido,27
27500,366,Suplente,CLAUDECI DA SILVA,CLAUDESILVA,M,20/09/1968,Válido,27
27270,454,Suplente,LEANDRO PIERIN BORGES DA SILVEIRA,LEANDRO BORGES DA SILVEIRA,M,08/11/1976,Válido,27
27118,94,Suplente,MARIA DAS GRAÇAS DE JESUS,MARIA DAS GRAÇAS,F,01/08/1967,Válido,27
27190,145,Suplente,AMANTINO PEDRO LARA DOS SANTOS,PEDRÃO DO SABARÁ,M,20/04/1957,Válido,27
27128,586,Suplente,ANTONIO MARCOS MONTALDI,MONTALDI PÉ VERMELHO,M,13/10/1971,Válido,27
27300,415,Suplente,VANIL BARBARINE,SARGENTO BARBARINE,M,13/01/1968,Válido,27
27123,1872,Suplente,ANTONINHO CARLOS CLAUDINO DOS SANTOS,TONINHO DA CIC,M,02/08/1969,Válido,27
27077,130,Suplente,JOANA ROSALDA NEVES,JOANINHA,F,29/03/1949,Válido,27
27041,36,Suplente,ROSELI PIRES DA CRUZ,ROSE DO RONDON,F,18/01/1954,Válido,27
27150,43,Suplente,MARIA ELIZABETH MOSCIBROSKI DA SILVA,BETH DO ARTESANATO,F,25/01/1958,Válido,27
27033,174,Suplente,REGINALDO APARECIDO DA SILVA,REGINALDO SILVA,M,13/08/1968,Válido,27
27310,552,Suplente,KAYAN ACASSIO DA SILVA,KAYAN ACASSIO,M,09/03/1993,Válido,27
27007,1741,Suplente,ADAO RODRIGUES VIEIRA,ADÃO DA AMBULÂNCIA,M,02/11/1946,Válido,27
27789,61,Suplente,JOSÉ VALDIR DE OLIVEIRA,VALDIR VENCESLAU,M,04/10/1973,Válido,27
27001,402,Suplente,MARINS LERILIO SAMPAIO,MARINS SAMPAIO,M,13/10/1957,Válido,27
27125,3,Suplente,IVANIR BENNERT,BENNERT,M,11/11/1974,Válido,27
27456,114,Suplente,DERALDO SOUZA DE OLIVEIRA,OLIVEIRA DO SABARÁ,M,23/04/1967,Válido,27
27038,61,Suplente,ALESSANDRA HARUMI MATSUBARA COUTINHO,ALESSANDRA COUTINHO,F,28/06/1974,Válido,27
27013,58,Suplente,CLAUDECIR DO ESPIRITO SANTO,RAPOSÃO DA MEGA,M,28/01/1978,Válido,27
27888,190,Suplente,GILMAR GASPARINI,MANECO DO ACORDEON,M,17/03/1973,Válido,27
27222,197,Suplente,LUIZ CARLOS PIMENTEL MACHADO RAICOSKI,LUIZ PIMENTEL R,M,24/03/1980,Válido,27
27333,102,Suplente,DANIEL BRAZILIO DOS SANTOS,DANIEL BRAZILIO,M,14/12/1974,Válido,27
27777,437,Suplente,IRENE CANDIDO DA SILVA,IRENE DO POSTINHO,F,12/12/1961,Válido,27
27200,17,Suplente,JOÃO DOS SANTOS,JOÃO DO PINHEIRINHO,M,23/08/1960,Válido,27
27045,57,Suplente,DIVINA DA APARECIDA LARA PANICIO,DIVINA DA CIC,F,07/06/1965,Válido,27
27000,2527,Eleito,NILSON SALES,SALLES DO FAZENDINHA,M,23/02/1973,Válido,27
27555,242,Suplente,MARCO AURELIO NAKASHIMA BERGAMO,MARCO BÉRGAMO,M,04/08/1978,Válido,27
27750,382,Suplente,CARLOS JOSE VENTURA,VENTURA,M,15/09/1945,Válido,27
27004,0,Suplente,JACIRA CAMARGO CORREA,JACI CAMARGO,F,11/10/1982,Válido,27
27010,124,Suplente,MARCOS AURELIO DOMINGUES,PROFESSOR MARCÃO,M,16/11/1965,Válido,27
27110,188,Suplente,COSME FERREIRA DA SILVA,COSME PINTOR,M,25/10/1972,Válido,27
27156,73,Suplente,JOÃO ALEXANDRE DE SOUZA,JOÃO CURITIBANO,M,10/12/1964,Válido,27
27027,1262,Suplente,MATHEUS MOKDESE DOS SANTOS,MATHEUS MOKDESE,M,17/05/1996,Válido,27
27100,461,Suplente,ADEMIR FRANCISCO DA SILVA,ADEMIR FRANCISCO,M,15/01/1971,Válido,27
27244,386,Suplente,MIGUELINA TEREZINHA PAZDZIORA,PROFESSORA TEREZA DO TATUQUARA,F,29/09/1966,Válido,27
70705,12,Não eleito,ELLA PATRICIA MARQUES DOS SANTOS,ELLA SANTOS,F,31/03/1973,Válido,70
70170,224,Não eleito,VALMIR CORDEIRO DE ALMEIDA,VALMIR CORDEIRO,M,24/02/1976,Válido,70
70017,48,Não eleito,RONALDO ANDERSON PINTO,RONALDO PINTO,M,17/10/1975,Válido,70
70001,118,Não eleito,MARINA AGUIAR MAYER,MARINA MAYER,F,13/02/1977,Válido,70
70038,169,Não eleito,LEANDRO CHAGAS MOREIRA DA COSTA,LEANDRO COSTA,M,24/04/1990,Válido,70
70367,142,Não eleito,SIMONE ARAUJO DA SILVA RODRIGUES,PASTORA SIMONE ARAUJO,F,18/05/1977,Válido,70
70777,498,Não eleito,ISABEL TOFANELLI,ISABEL TOFANELLI,F,20/05/1960,Válido,70
70055,237,Não eleito,ROBERTA KISY GUIMARÃES LOURENÇO,ROBERTA KISY,F,05/05/1980,Válido,70
70089,332,Não eleito,MAURO GIOVANI DO NASCIMENTO,MAURO NASCIMENTO,M,28/12/1971,Válido,70
70450,62,Não eleito,GRAZIELLA MATRA MINUTILLO,GRAZI MATRA,F,31/07/1975,Válido,70
70007,490,Não eleito,DAVID EGDOBERTO DA SILVA,DAVI EG SILVA,M,09/05/1977,Válido,70
70000,172,Não eleito,FABIO RODRIGO DE JESUS,FABIO JESUS,M,26/10/1980,Válido,70
70070,292,Não eleito,IZAIAS MEIRELES,IZAIAS MEIRELES,M,28/02/1973,Válido,70
70717,191,Não eleito,TIAGO AUGUSTO TILLMANN,TIAGO TILLMANN,M,20/09/1984,Válido,70
70789,803,Não eleito,ADMILSON GOMES DA SILVA,BA DO ESPORTE,M,08/05/1968,Válido,70
70323,10,Não eleito,TANIA QUERINO SOARES ANDRADE DHOM,TANIA DHOM,F,23/01/1962,Válido,70
70321,73,Não eleito,CARLOS EDUARDO ALVES DE OLIVEIRA,EDUARDÃO DO XAXIM,M,22/06/1979,Válido,70
70150,125,Não eleito,LENETH DE OLIVEIRA SANTOS,LENETH SANTOS,F,15/06/1989,Válido,70
70888,456,Não eleito,RIVANIO APARECIDO RODRIGUES,RIVAS RODRIGUES,M,02/04/1972,Válido,70
70678,265,Não eleito,ELISABETE DINIZ MIRANDA,BETINHA DINIZ,F,24/04/1969,Válido,70
70555,90,Não eleito,PAULO ROBERTO RIBEIRO CANALI,PAULO NINJA,M,16/12/1969,Válido,70
70100,58,Não eleito,AROLDO GALDINO DE BRITO,GALDINO BRITO,M,18/07/1962,Válido,70
70047,60,Não eleito,LEHI HUMBERTO ILLESCAS,LEHI ILLESCAS,M,10/03/1961,Válido,70
70102,76,Não eleito,ANA MARIA DIAS,ANA MARIA DIAS,F,01/09/1978,Válido,70
70900,74,Não eleito,ELAINE APARECIDA MIGUEL,ELAINE MIGUEL,F,25/02/1969,Válido,70
70490,144,Não eleito,MARCELINO RIBEIRO ANTUNES,PROFESSOR MARCELINO,M,21/07/1960,Válido,70
70456,142,Não eleito,DOMINGOS DE SOUZA BARBOSA,DOMINGOS BARBOSA,M,10/04/1953,Válido,70
70500,141,Não eleito,EMERSON TELEDZINSKI,EMERSON TELEDZINSKI,M,07/08/1972,Válido,70
70077,1519,Não eleito,WANDERLEY DE CARVALHO,WANDERLEY DE CARVALHO,M,28/05/1959,Válido,70
70123,80,Não eleito,KASSIUS VIDA,RONAN MARINO,M,14/08/1971,Válido,70
70022,1774,Não eleito,CARLOS EDUARDO ALVES TEIXEIRA DO PRADO,KADU PRADO,M,22/01/1990,Válido,70
70722,54,Não eleito,LEANDRA DIEGA WAGNER,LEANDRA WAGNER,F,21/09/1972,Válido,70
70707,401,Não eleito,ISABEL FONTOURA,ISABEL FONTOURA,F,27/07/1972,Válido,70
70999,213,Não eleito,MURILO MANOEL DOS SANTOS JUNIOR,JUNINHO DA DISTRIBUIDORA,M,03/12/1982,Válido,70
70700,154,Não eleito,MOISES BRASILEIRO NOGUEIRA,MOISES BRASILEIRO,M,21/07/1953,Válido,70
70266,2,Não eleito,MARIANE MORAES CHAVES,MARIANE CHAVES,F,11/02/1993,Válido,70
70190,538,Não eleito,MARCOS DE OLIVEIRA LUZ,SOLDADO LUZ,M,12/03/1974,Válido,70
23833,174,Suplente,LUIZ CARLOS DOS SANTOS,MANINHO DAS FRUTAS,M,10/01/1968,Válido,23
23123,2605,Suplente,NARCISO DORO JUNIOR,NARCISO DORO,M,28/04/1962,Válido,23
23333,418,Suplente,MIRELLA NEVES FERRAZ,MIRELLA FERRAZ,F,08/08/1980,Válido,23
23001,244,Suplente,SERGIO ANTONIO SCORSIM,SERGIO SCORSIM,M,18/06/1951,Válido,23
23060,182,Suplente,IVETE GUALBERTO,IVETE GUALBERTO,F,17/05/1957,Válido,23
23077,2348,Suplente,GABRIEL KIO DE CAMPOS KOSEKI,GABRIEL KIO,M,15/09/1995,Válido,23
23030,61,Suplente,EDILSON GRECZYSCZYN,EDILSON POLAKO,M,17/11/1989,Válido,23
23303,239,Suplente,EIDILAMAR DO ROCIO MACHADO CIT,EIDI MACHADO,F,03/08/1966,Válido,23
23000,70,Suplente,VALDECIR ANTONIO GIELDA,PR DO BEM GIELDA,M,05/06/1966,Válido,23
23223,83,Suplente,IVAIR LUIZ CABRAL,IVAN CABRAL,M,26/02/1968,Válido,23
23456,383,Suplente,ALEX SANDRY BOZON MODELLI,ALEX CORUJA,M,09/01/1980,Válido,23
23400,776,Suplente,JOSUE ALEXANDRE SANDER,JOSUÉ SANDER,M,24/09/1985,Válido,23
23100,526,Suplente,SAULO DA FE DE FREITAS,SAULO TIGRE DA VILA,M,01/08/1967,Válido,23
23323,51,Suplente,LUCIANE DOREA DA SILVA KRAMEK,PROFESSORA LUCIANE,F,15/11/1975,Válido,23
23066,28,Suplente,WALDEIR GARCIA DE SOUZA,WGS MANINHO,M,05/09/1963,Válido,23
23737,43,Suplente,PATRICIA DE BONA MATTOS,PATRICIA MATTOS,F,10/08/1979,Válido,23
23300,48,Suplente,ANDRE AZEVEDO ROCHA,ANDRE ROCHA,M,03/03/1975,Válido,23
23276,22,Suplente,SUELI COSTA ROSA,SUELI COSTA ROSA,F,27/06/1960,Válido,23
23444,6441,Eleito,HERIVELTO ALVES DE OLIVEIRA,HERIVELTO OLIVEIRA,M,24/09/1963,Válido,23
23147,71,Suplente,SIDNEI DE QUADROS,SIDNEI VIZINHO DA FRUTARIA,M,03/04/1957,Válido,23
23200,666,Suplente,CASSIO LUIZ COSCIA RICCI II,CASSIO RICCI II,M,23/02/2002,Válido,23
23040,985,Suplente,FRANCINEDI MARTINS,FRAN DA DONA LUORDES,F,24/07/1966,Válido,23
23233,197,Suplente,EDSON APARECIDO ZANARDO,EDSON ZAZA,M,09/08/1963,Válido,23
23723,92,Suplente,ROSILENE DO NASCIMENTO ANTUNES,ROSE CABELEIREIRA,F,24/12/1966,Válido,23
23410,338,Suplente,AULIO COSTA ZAMBENEDETTI,AULIO ZAMBENEDETTI,M,05/01/1965,Válido,23
23045,1573,Suplente,EGBERT SCHLOGEL,EGBERT SCHLOGEL,M,19/02/1964,Válido,23
23007,64,Suplente,MONICA CAETANO DA SILVA,MÔNICA CAETANO,F,12/03/1963,Válido,23
23232,223,Suplente,CARLOS ODALJAR GOMES,PROF CARLOS GOMES,M,05/03/1952,Válido,23
23033,1386,Suplente,OSMAR JEFERSON SALLES DA SILVA,JEFERSON SALLES,M,27/05/1990,Válido,23
23023,192,Suplente,NICEIA MARILU GLOWASKI,NICEIA MARILU,F,07/03/1958,Válido,23
15150,119,Suplente,SILENE FARIA SANTOS,PEDAGOGA SILENE,F,08/06/1963,Válido,15
15222,110,Suplente,GREIDS ALVES MATOS SANTOS,GREIDS ALVES,M,29/10/1982,Válido,15
15156,162,Suplente,LUCIANO PEREIRA DE CARVALHO,LUCIANO,M,20/10/1984,Válido,15
15876,253,Suplente,VILSON PINHEIRO SIMOES,VILSON SIMÕES,M,30/07/1969,Válido,15
15007,4439,Eleito,NOEMIA DE SOUZA E SILVA ALVES ROCHA,NOEMIA ROCHA,F,07/07/1961,Válido,15
15888,163,Suplente,WILLIAN JOSE GATTO,WILLIAN DO QUEIJO,M,24/03/1960,Válido,15
15151,1317,Suplente,HENRY BAPTISTA XAVIER,HENRY XAVIER,M,12/03/1981,Válido,15
15021,80,Suplente,SEBASTIAO DOMINGOS PEREIRA,BARAO DA KOMBI VERDE,M,18/11/1937,Válido,15
15023,357,Suplente,VALMIR DE SOUZA,PASTOR VALMIR,M,27/07/1981,Válido,15
15444,150,Suplente,CAMILA MOREIRA DA SILVA,CAMILA MOREIRA,F,13/12/1981,Válido,15
15002,512,Suplente,EVA TERESINHA FERREIRA DE MACEDO,EVA DA SAUDE,F,01/02/1952,Válido,15
15020,560,Suplente,JACKSON CESAR DE LIMA,PROFESSOR JACKSON,M,07/11/1969,Válido,15
15100,540,Suplente,VICENTE NUNES DOS SANTOS,VICENTE DA SAUDE,M,29/08/1965,Válido,15
15223,40,Suplente,WAGNER PADILHA RIBEIRO,WAGNER RIBEIRO,M,03/09/1989,Válido,15
15008,816,Suplente,ALESSANDRA MARA DO NASCIMENTO,ALLE NASCIMENTO,F,04/06/1978,Válido,15
15051,336,Suplente,GEOVANNI CASTELLI DE LUCA,GEOVANNI DE LUCA,M,19/06/1982,Válido,15
15015,423,Suplente,SILVIA JULIANA RIBEIRO BOBERG,JULIANA RIBEIRO,F,28/06/1979,Válido,15
15615,71,Suplente,BRUNO VIVAN BERNARTT,BRUNO BERNARTT,M,24/07/1990,Válido,15
15123,1582,Suplente,JOSE CARLOS CHICARELLI,CHICARELLI CIR DENTISTA,M,20/09/1962,Válido,15
15128,965,Suplente,OCTAVIO AUGUSTO DE LEÃO BUCHI,OCTAVIO BUCHI,M,13/09/1979,Válido,15
15345,95,Suplente,IARA LEMES DA SILVA,IARA DO AGUA VERDE,F,03/02/1953,Válido,15
15555,139,Suplente,GENIARIO DE FREITAS BAIAO,GENIARIO BAIAO,M,15/04/1963,Válido,15
15155,509,Suplente,FRANCISCO SCORSIN LEITE,CHICO DA BALANCA,M,31/12/1985,Válido,15
15033,36,Suplente,SANDRO CORREA DA SILVA,SANDRO CORRÊA,M,07/12/1970,Válido,15
15125,123,Suplente,CLEILDO JOSE DA SILVA,CLEILDO SILVA,M,29/07/1980,Válido,15
15520,206,Suplente,ARMELINDO ANTONIO DE NARDIN,ARMELINDO DO COSTELAO,M,26/12/1956,Válido,15
15041,274,Suplente,LARISSA ESTEVES MAFTUM,LARISSA MAFTUM,F,04/06/1981,Válido,15
15322,231,Suplente,JULIANA GUEDES DA SILVA WAZNY,PROFESSORA JULIANA WAZNY,F,10/12/1974,Válido,15
15215,454,Suplente,JOSELENI DE ARAUJO AGOSTINHO,JOSI AGOSTINHO,F,29/11/1976,Válido,15
15661,60,Suplente,SILVIA DE CASSIA ROSA,SILVIA ROSA,F,12/10/1962,Válido,15
15425,41,Suplente,GILBERTO WILSENSKI,GILBERTO DO BAIRRO,M,25/04/1955,Válido,15
15090,645,Suplente,WALDIR APARECIDO RANGEL DA SILVA,WALDIR DO CONTRADIÇÃO,M,13/08/1970,Válido,15
15551,185,Suplente,FLORENCIA VALERIA GALASTRI,PROFESSORA FLORENCIA,F,11/09/1960,Válido,15
15190,1176,Suplente,JOSE ANTONIO DE MELO FILHO,ZECA MELO,M,11/01/1979,Válido,15
15040,181,Suplente,ITURIEL INACIO PEREIRA DOS SANTOS,ITURIEL INÁCIO,M,01/02/1971,Válido,15
15576,103,Suplente,ANTONIO DAS NEVES,PROF NEVES,M,05/08/1960,Válido,15
15456,897,Suplente,ANTONIO MENDES DE MELO,PROF ANTÔNIO DO COLEGIÃO,M,10/11/1960,Válido,15
15000,217,Suplente,JOAO VALENTIN DA SILVA,JOAO DE CROQUI,M,20/10/1951,Válido,15
15315,175,Suplente,VICTOR HUGO NOBLE TEIXEIRA,VICTOR CARTEIRO,M,17/02/1962,Válido,15
15333,196,Suplente,SANDRO LUIZ SOLERA,SANDRO SOLERA,M,13/07/1974,Válido,15
15006,39,Suplente,ADRIANO PAULO PASSERINI,ADRIANO DO CAJURU,M,01/02/1973,Válido,15
15153,797,Suplente,ANA PAULA VILAR RIBEIRO DA SILVA,ANA PAULA VILAR,F,05/05/1972,Válido,15
15800,144,Suplente,ELOIR DE ALMEIDA GONCALVES,ELOIR ALMEIDA,M,04/08/1967,Válido,15
15777,1040,Suplente,SILVIA CRISTINA DE LIMA,PROFESSORA SILVIA,F,23/05/1980,Válido,15
15225,3,Suplente,MARILDA BARON CASEMIRO,MARILDA BARON,F,22/05/1960,Válido,15
15673,36,Suplente,AROLDO DOS SANTOS,AROLDO DO POSTO,M,23/11/1972,Válido,15
15678,680,Suplente,JOSE MARIA DE PAULA CORREIA,DELEGADO ZÉ MARIA,M,01/08/1948,Válido,15
15130,11,Suplente,JAKELINE ROSA DE MORAES,JAKELINE MORAES,F,16/01/1967,Válido,15
15632,187,Suplente,IRIO SCOLIMOSKI,IRIO SCOLIMOSKI,M,02/07/1963,Válido,15
15009,36,Suplente,ISRAEL TAGLIARI,PROFESSOR PARDAL,M,29/08/1948,Válido,15
15084,74,Suplente,ALCEU DE CASTRO,ALCEU DE CASTRO,M,25/03/1950,Válido,15
15001,3867,Suplente,SILBERTO CARDOSO,PROFESSOR SILBERTO,M,04/02/1970,Válido,15
15920,33,Suplente,CICERO MARCELINO DA SILVA,NETO FEITOSA,M,14/05/1977,Válido,15
25123,6466,Eleito,JOSE ORTIZ LINS,ZEZINHO DO SABARA,M,01/07/1963,Válido,25
25100,572,Suplente,GERALDO GONCALVES DOS SANTOS,ATALAIA,M,25/05/1956,Válido,25
25041,901,Suplente,RAFAEL MAGOSSO,RAFAEL MAGOSSO,M,12/09/1984,Válido,25
25202,126,Suplente,DOUGLAS ARTUR WAGNER,DOUGLAS WAGNER,M,04/05/1962,Válido,25
25015,120,Suplente,ISABELA KETLEN FERREIRA CASTRO,BELA DA MALVINAS,F,23/03/1989,Válido,25
25772,75,Suplente,PAULO CESAR PIVA BASSO,PAULO CESAR BASSO,M,07/09/1972,Válido,25
25777,151,Suplente,AUREA REGINA MULLER MILANI,REGINA MÜLLER,F,18/03/1949,Válido,25
25678,10061,Eleito,SERGIO RENATO BUENO BALAGUER,SERGINHO DO POSTO,M,20/08/1967,Válido,25
25321,778,Suplente,DENILSON CHRYSTIAN DE ANDRADE,DIMI ANDRADE,M,18/02/1982,Válido,25
25625,6061,Eleito,SABINO PICOLO,SABINO PICOLO,M,10/12/1950,Válido,25
25333,154,Suplente,MARCIO JOSE DO NASCIMENTO BEZERRA,MARCIO DA OBRA,M,12/10/1994,Válido,25
25999,1460,Suplente,ANTONIO BORGES DOS REIS,ENGENHEIRO BORGES DOS REIS,M,21/04/1958,Válido,25
25111,1769,Suplente,SHIRLEY PEREIRA ORDONIO,SHIRLEY ORDONIO,F,01/04/1976,Válido,25
25125,1213,Suplente,MARIA JULIA XAVIER RODRIGUES,MARIA JULIA DO VOVÔ VITORINO,F,17/11/1964,Válido,25
25222,400,Suplente,LUIZ CARLOS DE OLIVEIRA RUELA,LUIZÃO CAPOTAS CURITIBA,M,29/09/1970,Válido,25
25555,4032,Suplente,RAFAELA MARCHIORATO LUPION MELLO,RAFAELA LUPION,F,07/02/1984,Válido,25
25255,332,Suplente,FABIANO RIBEIRO VIEIRA,FABIANO VIEIRA,M,04/01/1990,Válido,25
25297,75,Suplente,CASSIA SERGIO OLIVEIRA DE JESUS,CASSIA OLIVEIRA,F,13/08/1991,Válido,25
25252,1376,Suplente,JOAO LUIZ SIMOES CORDEIRO,JOAO DO SUCO,M,09/06/1958,Válido,25
25925,2209,Suplente,GENIVALDO JOSE DOS SANTOS,GENIVALDO SANTOS,M,25/10/1962,Válido,25
25052,111,Suplente,LUCAS NEKEL DA SILVA,LUCAS NEKEL,M,22/04/2000,Válido,25
25500,4853,Eleito,ANTONIO CARLOS DO CARMO,TONINHO DA FARMACIA,M,25/04/1963,Válido,25
25020,234,Suplente,GENI DE SOUZA RODRIGUES,GENI DA GALERIA TIJUCAS,F,30/12/1969,Válido,25
25762,441,Suplente,LUIZ NERES CARVALHO,SARGENTO NERES,M,15/03/1968,Válido,25
25156,1325,Suplente,PEDRO RODRIGO DE ANDRADE,PROFESSOR PEDRO,M,01/04/1975,Válido,25
25030,73,Suplente,EVELYN VASCO,EVELYN DA FEIRA DO LARGO,F,30/05/1959,Válido,25
25025,5755,Eleito,MAURO JOSE IGNACIO,MAURO IGNACIO,M,30/12/1963,Válido,25
25331,163,Suplente,ISABELA LUSTOSA MACHADO,ISABELA LUSTOSA,F,12/01/1978,Válido,25
25550,383,Suplente,JOAO LUIZ AVELINO DA SILVA,JOAO DO SALAO,M,18/11/1958,Válido,25
25620,276,Suplente,EDILENE FATIMA RAMOS,DILA DO ESPETINHO,F,05/02/1981,Válido,25
25077,326,Suplente,CRISTIANO FERNANDO VIEIRA DE SOUZA,PAI CRIS,M,06/12/1973,Válido,25
25000,987,Suplente,MARIA APARECIDA FRANCISCO,CIDA LEIT,F,08/05/1970,Válido,25
25663,48,Suplente,MAURICIO FORTES,MAURICIO FORTES,M,15/04/1980,Válido,25
25250,222,Suplente,FERNANDO VERDI,VERDI,M,25/02/1984,Válido,25
25975,42,Suplente,DANA ANGELA DANNA,DANA ANGELA,F,15/02/1975,Válido,25
25069,200,Suplente,IVAN RODRIGUES DE OLIVEIRA,IVAN BOM SUCESSO,M,22/08/1969,Válido,25
25711,1314,Suplente,ISAIAS PEREIRA DA SILVA,MAESTRO ISAIAS,M,19/02/1962,Válido,25
25257,772,Suplente,PAULINA HILEBRANT,PAULINA HILEBRANT DO HAUER,F,13/07/1959,Válido,25
25005,106,Suplente,SIRLEI BETTIO,SHIRLEY BETTIO,F,26/07/1937,Válido,25
25785,34,Suplente,MICHEL FAGUNDES,MICHEL FAGUNDES,M,07/10/1985,Válido,25
25175,1388,Suplente,ANDERSON PAULO ALMEIDA,ANDERSON CHINHO,M,03/08/1975,Válido,25
25888,538,Suplente,FRANCIELY PASSARELI,FRANCIELY PASSARELI,F,30/11/1985,Válido,25
25190,2969,Suplente,RITA APARECIDA DE OLIVEIRA,CORONEL APARECIDA,F,21/05/1959,Válido,25
25016,1,Suplente,FELIPE HENRIQUE DE ABREU,FELIPE HENRIQUE DE ABREU,M,16/11/1982,Válido,25
25725,120,Suplente,MARINYR DAS GRAÇAS CHILA,MARINYR CHILA,F,03/01/1961,Válido,25
11811,517,Suplente,LUIZ KARWOWSKI JUNIOR,LUIZ KARWOWSKI,M,22/09/1973,Válido,11
11100,102,Suplente,JOANITA TENTILIANO DOS SANTOS KINSKI,JOANITA KINSKI,F,12/09/1954,Válido,11
11444,822,Suplente,EDSON MACIEL,PROFESSOR EDSON MACIEL,M,13/07/1975,Válido,11
11777,4093,Eleito,OSCALINO DE MELO,OSCALINO DO POVO,M,13/04/1950,Válido,11
11727,8,Suplente,ELIANE RIBEIRO VOIGT,ELIANE VOIGT,F,21/11/1969,Válido,11
11877,96,Suplente,IVONETE LUIZ DA SILVEIRA EUZEBIO,IVONETE,F,25/08/1942,Válido,11
11723,206,Suplente,PAULO LUIZ SCARIOT,PAULO SCARIOT,M,23/07/1966,Válido,11
11121,340,Suplente,ALTAYR DIAS PACHECO,PACHECO,M,08/09/1972,Válido,11
11888,1774,Suplente,CAXIAS RIBAS,DR CAXIAS,M,13/12/1959,Válido,11
11500,430,Suplente,GRAZIELA ABDALLA LOYOLA LOBO,GRAZI ABDALLA,F,12/06/1980,Válido,11
11041,712,Suplente,LUCIANA MULLER,LUCIANA MULLER,F,03/12/1991,Válido,11
11800,277,Suplente,FERNANDO JOSE JOHNSON,JOHNSON,M,28/05/1962,Válido,11
11211,185,Suplente,MANASSES CAMARGO DOS SANTOS,MANASSES,M,07/11/1981,Válido,11
11321,231,Suplente,PAULO WOTKOSKI FILHO,PAULO POLATI,M,11/05/1949,Válido,11
11250,46,Suplente,FABRICIO SALGADO DE SOUZA,SALGADO,M,16/08/1972,Válido,11
11567,58,Suplente,SILMARIA MAGALHAES SATHLER JANUARIO,SILMARIA JANUARIO,F,23/10/1951,Válido,11
11147,1348,Suplente,JOSE CARLOS DA SILVA,CARLINHOS DA SINALEIRA,M,07/11/1961,Válido,11
11010,278,Suplente,FERNANDO NUNES GONÇALVES,FERNANDINHO,M,10/10/1977,Válido,11
11222,165,Suplente,MARIA ISABEL CARREIRA,MARIA DO BAIRRO,F,12/04/1948,Válido,11
11511,1230,Suplente,OCTAVIO BOSCARDIN BORGHETTI,OCTAVIO BOSCARDIN BORGHETTI,M,13/10/1987,Válido,11
11700,54,Suplente,FABIO JORGE PADILHA RIBEIRO,FABIO JORGE,M,07/12/1984,Válido,11
11300,152,Suplente,EDSON JOSE DA SILVA,DINHO HOMEM DE FERRO,M,03/06/1974,Válido,11
11234,638,Suplente,CHRYSTYAN YUZO KISHIDA,CHRYS KISHIDA,M,14/03/1977,Válido,11
11380,266,Suplente,GIVANILDO DE JESUS OLIVEIRA,GIVA CURITIBA,M,23/07/1975,Válido,11
11001,71,Suplente,SANDRA MARA DA SILVA,SANDRA MARA,F,21/08/1975,Válido,11
11110,118,Suplente,IVO ROBERTO DA SILVA,IVO ROBERTO,M,02/06/1953,Válido,11
11077,57,Suplente,PAULO CESAR HUSALUK,PAULO CESAR HUSALUK,M,12/03/1958,Válido,11
11137,97,Suplente,AMINI ALI ISMAEL EL ASSAL,AMINI ASSAL,F,31/03/1962,Válido,11
11550,2032,Suplente,RAFAEL GUSTAVO LOPES,RAFAEL LOPES RAGULO,M,10/09/1982,Válido,11
11099,167,Suplente,JOSE DA SILVA,ZE DA SILVA,M,15/05/1964,Válido,11
11911,290,Suplente,LUCIANA MOREIRA DA COSTA,LUCIANA MOREIRA DA COSTA,F,06/09/1972,Válido,11
11789,58,Suplente,DEISE MUCKE,DEISE MUCKE,F,26/06/1977,Válido,11
11020,104,Suplente,ANA CLAUDIA DO PILAR RUPPRECHT,ANA RUPPRECHT,F,06/05/1993,Válido,11
11111,2340,Suplente,LUCIANO CRUZ CARVALHO,LUCIANO CARVALHO,M,15/09/1978,Válido,11
11007,143,Suplente,LUIZ CARLOS ALVES MACHADO,LUIZ CARLOS ALVES MACHADO,M,22/11/1964,Válido,11
11324,209,Suplente,EDENIR DA SILVA,EDENIR DO CALDO DE CANA,M,02/11/1965,Válido,11
11333,126,Suplente,MARCIO TADEU STELLA,MARCIO DA CASCATA DE CHOCOLATE,M,03/03/1973,Válido,11
11555,194,Suplente,LUIZ LEOTERIO TAVARES,LÉO TAVARES,M,05/02/1958,Válido,11
11123,3866,Suplente,LUIZ CARLOS ALBORGHETTI NETO,ALBORGHETTI NETO,M,08/09/1992,Válido,11
11051,191,Suplente,OLISSES GOMES,ULISSES DO ACORDEON,M,08/02/1951,Válido,11
11611,134,Suplente,FABIANE SILVA MACHAKI,FABI MACHAKI,F,15/08/1994,Válido,11
11151,1325,Suplente,PAULO HENRIQUE OLIVEIRA COSTA,PUMA DO CIC EM ALERTA,M,31/12/1983,Válido,11
11089,77,Suplente,EDMIR TOMAZ,EDMIR TOMAZ,M,18/10/1973,Válido,11
11566,82,Suplente,MARA ROSANI DE OLIVEIRA,MARA ROSANI,F,30/10/1957,Válido,11
11025,395,Suplente,PAULO DUARTE,PAPAI NOEL PAULO DUARTE,M,18/02/1955,Válido,11
11354,233,Suplente,LUIZ FERNANDES DA SILVA,LUIZINHO DO TATUQUARA,M,23/10/1955,Válido,11
11999,429,Suplente,ADRIANO JOSE VIANA,ADRIANO DO GABINETO,M,14/03/1972,Válido,11
11400,202,Suplente,GERSON NAVARRO,GERSON NAVARRO DA ECOPET,M,24/11/1965,Válido,11
11900,30,Suplente,ANA CRISTINA SIMPLICIO VIEIRA,ANA CRISTINA,F,18/09/1993,Válido,11
11000,4085,Eleito,NORIYASSU KAWAHARA SETO TAKEGUMA,NORI SETO,M,19/02/1977,Válido,11
11669,1281,Suplente,EDSON LUIZ BUENO PIRES,EDSON PIRES,M,27/09/1961,Válido,11
11456,49,Suplente,INGO STENGER,INGO STENGER,M,28/01/1959,Válido,11
11600,531,Suplente,IRACI ROZANGELA DE ALMEIDA,ROZANGELA ALMEIDA,F,23/06/1966,Válido,11
11011,272,Suplente,ANA PAULA WATANABE,DRA ANA WATANABE,F,30/12/1970,Válido,11
11200,286,Suplente,ANTONINHO PUZIA,TONINHO DA JOLOCOLA,M,07/03/1972,Válido,11
11190,885,Suplente,AMARILDO DOS SANTOS,SARGENTO AMARILDO,M,22/12/1962,Válido,11
12789,212,Suplente,JULIANO FANTIN,JULIANO O JUBA,M,09/12/1981,Válido,12
12803,3369,Suplente,ROBERTA CIBIN DO NASCIMENTO,ROBERTA CIBIN,F,19/03/1980,Válido,12
12580,65,Suplente,PAULO ROBERTO FRANCO KERSTING,PAULO DA HENNA,M,30/10/1958,Válido,12
12102,1664,Suplente,CAMILLA DE MORAES GONDA,CAMILLA GONDA,F,14/10/2000,Válido,12
12335,271,Suplente,JOSIMAR LACERDA DA SILVA,JOSI DA RECICLAGEM,F,21/09/1981,Válido,12
12555,1943,Suplente,GERSON GUELMANN,GERSON GUELMANN ZS,M,08/11/1947,Válido,12
12020,149,Suplente,PAULA VANESSA KWIATKOWSKY LOBO,PAULA VANESSA,F,23/01/1976,Válido,12
12160,214,Suplente,MADELAINE LETICIA DOS SANTOS,MADE SANTOS,F,16/05/1974,Válido,12
12001,106,Suplente,TIAGO BATISTA DE OLIVEIRA,TIAGO BATISTA,M,11/02/1992,Válido,12
12112,1155,Suplente,LUAN HENRIQUE AZEVEDO DA SILVA,LUAN AZEVEDO,M,06/07/1998,Válido,12
12618,315,Suplente,JOÃO PEDRO LIPKA DE OLIVEIRA,JOÃO LIPKA,M,18/08/2000,Válido,12
12222,284,Suplente,MARCIO COUTO ANTUNES,MARCIO ANTUNES,M,24/04/1972,Válido,12
12122,230,Suplente,NILSON LANÇONI,NILSON LANÇONI GARRINCHA,M,28/01/1961,Válido,12
12727,49,Suplente,MARIA ZELINDA MACHADO DOS SANTOS,ZELINDA MACHADO,F,11/04/1954,Válido,12
12110,224,Suplente,RENATO DA CONCEIÇÃO FILHO,RENATINHO CONCEIÇÃO,M,27/04/1961,Válido,12
12358,71,Suplente,LUIZ RAMIRO CAMILOTTI CHEMIN,RAMIRO CHEMIN,M,03/01/1979,Válido,12
12000,4271,Suplente,DIOGO NASCIMENTO BUSSE,DIOGO BUSSE,M,03/05/1983,Válido,12
12123,350,Suplente,PAULO CESAR RUCHINSKI,PAULO CESAR RUCHISNKI,M,05/11/1968,Válido,12
12656,463,Suplente,RAFAEL RODRIGUES MANDRYK,MANDRYK,M,13/03/1981,Válido,12
12512,88,Suplente,MARIA ESTELA GOMES DICENCIA,PROFESSORA ESTELA GOMES,F,22/01/1971,Válido,12
12108,2914,Suplente,FLAVIA DE SÁ SOTTO MAIOR,FLAVIA SOTTO MAIOR,F,10/01/1989,Válido,12
12190,20,Suplente,LAEL CARNEIRO BERNAL,LAEL BERNAL,M,16/01/1974,Válido,12
12111,152,Suplente,PAULO ROGÉRIO MUDROVITSCH DE BITTENCOURT,DR PAULO BITTENCOURT,M,04/12/1953,Válido,12
12012,4428,Eleito,DALTON JOSÉ BORBA,DALTON BORBA,M,18/04/1965,Válido,12
12912,96,Suplente,MARTEL ALEXANDRE DEL COLLE,MARTEL DEL COLLE,M,07/08/1990,Válido,12
12041,584,Suplente,ELOY JACINTHO,ELOY JACINTHO,M,17/10/1978,Válido,12
12121,199,Suplente,SOLANGE SANTIAGO,SOLANGE SANTIAGO,F,07/12/1959,Válido,12
12016,66,Suplente,PRISCILA REQUIÃO LESSA,PRISCILA LESSA,F,16/02/1971,Válido,12
12025,181,Suplente,LUCIANO MARCIO DE ANDRADE,LUCIANO ANDRADE,M,29/03/1973,Válido,12
12128,488,Suplente,VANESSA ANTONELLI ROSSETTO,VAN VEGANA,F,29/03/1978,Válido,12
12333,453,Suplente,ALESSANDRO ADELINO OTTO,OTTO CULTURAL,M,03/09/1974,Válido,12
12777,510,Suplente,ELAINE CRISTINA FARIA MARINS,ELAINE MARINS,F,25/05/1978,Válido,12
12007,1756,Suplente,EVERTON RODRIGUES PASSOS,PROFESSOR EVERTON,M,23/02/1982,Válido,12
12345,4747,Eleito,TITO ZEGLIN,TITO ZEGLIN,M,11/01/1954,Válido,12
12068,137,Suplente,FERNANDO ARAUJO DE AZEVEDO,FERNANDO SANGUE LARANJA,M,14/10/1968,Válido,12
12021,763,Suplente,LUIZ CARLOS STÉDILE,LUIZ STÉDILE,M,24/05/1969,Válido,12
12678,43,Suplente,ROGERIO CESAR PAULA PINTO,ROGERIO CESAR,M,06/04/1973,Válido,12
12500,819,Suplente,EDILSON KERBER DE LARA,EDILSON LARA,M,10/11/1975,Válido,12
12311,5826,Eleito,MARCOS ANTONIO VIEIRA,MARCOS VIEIRA,M,13/06/1974,Válido,12
12288,625,Suplente,ADEGMAR JOSÉ DA SILVA,CANDIERO,M,01/02/1973,Válido,12
12456,1003,Suplente,JOÃO EDUARDO RAMOS MOREIRA,DUDU MOREIRA,M,10/06/1991,Válido,12
12474,199,Suplente,PATRICIA TEIXEIRA E SILVA,PATRICIA TEIXEIRA,F,24/04/1974,Válido,12
12905,71,Suplente,MERY ADELIA MACIEL,MERY MACIEL,F,29/05/1972,Válido,12
12712,111,Suplente,MELISSA FERREIRA DA SILVA SOUZA,MELISSA SOUZA,F,07/12/1992,Válido,12
12999,185,Suplente,ERMES PEREIRA MENDONÇA,ERMES MENDONÇA,M,26/06/1978,Válido,12
12911,541,Suplente,CLAUDIO FREDERICO DE CARVALHO,INSPETOR FREDERICO,M,14/07/1969,Válido,12
12078,153,Suplente,ANGELO RICARDO BRONEMANN BINDER,ANGELO BINDER,M,01/10/1978,Válido,12
65065,15,Não eleito,OILSON ANTONIO ALVES,WILL CAPA PRETA,M,25/10/1976,Válido,65
65265,149,Não eleito,MICHAEL GOMES DE OLIVEIRA GENOFRE,MICHAEL GENOFRE,M,27/09/1978,Válido,65
65011,86,Não eleito,NEUSA MARIA ALVES LEITÃO,NEUSA LEITÃO DIRETORA,F,13/10/1950,Válido,65
65369,12,Não eleito,LEANDRO MARCELO FARIAS,LEANDRO FARIAS,M,27/12/1976,Válido,65
65650,156,Não eleito,FRANCISCO MANOEL DE ASSIS FRANÇA,PROFESSOR KICO,M,12/12/1958,Válido,65
65064,140,Não eleito,JOSÉ APARECIDO FERREIRA,ZEZINHO DO LAMBARI,M,03/12/1964,Válido,65
65273,54,Não eleito,ADRIANE INGLÊS DE LIMA XAVIER PINTO,ADRIANE INGLÊS XAVIER,F,03/04/1971,Válido,65
65033,431,Não eleito,MARIA ADRIANA MARGHOTI BUENO,MARIA ADRIANA,F,19/03/1974,Válido,65
65123,174,Não eleito,ARIZIO GONÇALVES FERREIRA JUNIOR,ARIZIO JUNIOR,M,18/03/1976,Válido,65
65013,37,Não eleito,ALEXANDRE HUNGARO DA SILVA,ALEXANDRE DA CTB,M,16/11/1969,Válido,65
65555,136,Não eleito,ANTONIO CEZAR CARVALHO BENOLIEL,BENOLIEL,M,23/03/1953,Válido,65
65765,101,Não eleito,OTAVIO PEREIRA,OTAVIO DO CAMPO DO SANTANA,M,06/02/1965,Válido,65
65333,52,Não eleito,VERA LUCIA MANICA,VERA MANICA,F,13/12/1960,Válido,65
65656,62,Não eleito,GABRIELA NUNES AZONI FERREIRA,GABRIELA BERRY,F,21/05/1995,Válido,65
65570,31,Não eleito,JOSUE PEREIRA,JOSUE PEREIRA CANTOR,M,07/08/1966,Válido,65
65024,9,Não eleito,MARGARETE SILVA DE MELO,MARGARETE SILVA,F,01/10/1968,Válido,65
65556,92,Não eleito,ANDRE DE SOUZA VIEIRA,ANDRÉ VIEIRA,M,20/05/1976,Válido,65
65321,77,Não eleito,EDISON ESTANISLAU DA SILVA JUNIOR,EIBE LAPAZ,M,29/07/1977,Válido,65
65000,460,Não eleito,LUIZ CARLOS MAROCHI,LILICO,M,19/07/1961,Válido,65
65987,131,Não eleito,MARINA FELISBERTO,PROFE MARINA ALZÃO,F,28/11/1991,Válido,65
65432,107,Não eleito,LUIZ GUSTAVO CHAVES MELÃO,LUIZ MELÃO,M,29/05/1984,Válido,65
65180,748,Não eleito,ELZA MARIA CAMPOS,ELZA MARIA CAMPOS,F,04/02/1954,Válido,65
65700,12,Não eleito,VIVIANI APARECIDA DA CUNHA DO PRADO,VIVIANI DO PRADO,F,20/10/1982,Válido,65
65100,1600,Não eleito,RAFAEL MARIANTE SALLET,RAFAEL SALLET,M,18/07/1981,Válido,65
65789,48,Não eleito,LUCIANO ARAUJO DOS SANTOS MAZUR,LUJAYE,M,30/08/1980,Válido,65
65025,184,Não eleito,JOAQUIM GUEDES DA SILVA ALCOFORADO NETO,MESTRE KINKAS,M,25/08/1963,Válido,65
65058,36,Não eleito,ELISANDRA LYA DE MIRANDA TUREK,LYA TUREK,F,08/03/1990,Anulado,65
65657,100,Não eleito,ÉDSON DE VULCANIS,ÉDSON DE VULCANIS,M,09/11/1957,Válido,65
22245,171,Não eleito,FLORIANO PEREIRA DA SILVA,FLORIANO PEREIRA DA SILVA,M,24/12/1949,Válido,22
22020,1119,Não eleito,DEVERCINA ALMEIDA MALLASSA,NENA MALASSA,F,21/03/1961,Válido,22
22799,210,Não eleito,KEILA PATRICIA RAMOS,KEILA DO YAKKUT,F,09/03/1979,Válido,22
22511,111,Não eleito,AIRTON MOREIRA DINIZ,AIRTON MOREIRA DINIZ,M,14/07/1955,Válido,22
22022,764,Não eleito,PEDRO HENRIQUE LONDERO DA SILVA LINHARES DE MIRANDA MAYER E BARTH,PEDRO BARTH,M,23/04/1981,Válido,22
22111,140,Não eleito,NAILOR CAETANO DA SILVA,NAILOR CAETANO,M,24/04/1956,Válido,22
22327,119,Não eleito,SEBASTIÃO CORREA PAZ,SEBASTIÃO PAZ,M,05/11/1979,Válido,22
22156,64,Não eleito,EURIDES ROSA RIBEIRO,EURIDES MATO GROSSO,M,22/11/1957,Válido,22
22011,1607,Não eleito,PAULO ROBERTO RINK,PAULO RINK,M,21/02/1973,Válido,22
22000,310,Não eleito,DORVAL AUGUSTO LUIZ DOS SANTOS,DORVAL,M,21/07/1969,Válido,22
22220,225,Não eleito,NILTHSON VARGAS,JUNIOR VARGAS,M,01/04/1978,Válido,22
22017,131,Não eleito,EVELISE DOS REIS RENNER,EVELISE RENNER,F,02/06/1991,Válido,22
22222,237,Não eleito,ÉLCIO ARAÚJO,ÉLCIO ARAÚJO,M,02/03/1960,Válido,22
22228,21,Não eleito,ELIANE APARECIDA AMARO CAVALHEIRO,ELIANE CAVALHEIRO,F,28/08/1964,Válido,22
22145,218,Não eleito,WASHINGTON MENDES,WASHINGTON MENDES,M,26/08/1954,Válido,22
22422,212,Não eleito,ANA LUIZA GUSSO DE SOUZA,ANA LUIZA SOUZA,F,04/10/1989,Válido,22
22015,128,Não eleito,EMILIA SIMOES KOVALSKI,EMILIA DA XV,F,15/09/1958,Válido,22
22333,1093,Não eleito,JONATHAN SOUZA YARED,YARED FILHO,M,07/06/1986,Válido,22
22210,108,Não eleito,CARLOS ALBERTO GONZALEZ CARNEIRO,CARLOS GONZALES,M,15/07/1978,Válido,22
22762,209,Não eleito,GUILHERME KINDLER,CABO KINDLER,M,25/03/1992,Válido,22
22622,320,Não eleito,PAULO RODRIGO FOX,PAULO FOX,M,04/05/1993,Válido,22
22777,171,Não eleito,JOYCE NUNES DOS SANTOS,ENFERMEIRA JOYCE NUNES,F,14/07/1984,Válido,22
55041,89,Suplente,LAURIELLE FIORENZANI FERNANDES RODRIGUES TAMAKI,LAURI RODRIGUES,F,21/10/1988,Válido,55
55123,3142,Suplente,ROGÉRIO CAMPOS,ROGÉRIO CAMPOS,M,18/07/1978,Válido,55
55000,3861,Suplente,ADILSON ALVES LEANDRO,MESTRE POP,M,31/08/1968,Válido,55
55677,39,Suplente,ROBERTO ALVES DOS SANTOS,DUMBO,M,05/06/1977,Válido,55
55025,270,Suplente,LUCAS ZALAMANSKI,LUCAS CEZAR SOBRINHO,M,06/08/1996,Válido,55
55111,379,Suplente,SOLANGE EMERICK BOMBONATTO,SOLANGE EMERICK,F,23/07/1977,Válido,55
55009,927,Suplente,JETSON RICARDO MENDES DOS SANTOS,JETSON MENDES,M,05/01/1973,Válido,55
55321,1068,Suplente,JOSUÉ DAMACENO,JOSUÉ DAMACENO,M,17/03/1947,Válido,55
55190,1596,Suplente,SÉRGIO GUERRA CORREA,GUERRA,M,02/01/1979,Válido,55
55090,398,Suplente,PAULO HENRIQUE DA ROCHA LOURES DEMCHUK,DEMCHUK,M,27/05/1967,Válido,55
55033,659,Suplente,WALTER JOSÉ MOREIRA,WALTER MOREIRA,M,23/11/1969,Válido,55
55007,3946,Eleito,MÁRCIO GENÉSIO DE BARROS,JORNALISTA MARCIO BARROS,M,21/07/1973,Válido,55
55020,5,Suplente,POLLIANA RIBEIRO DOS SANTOS,POLLIANA RIBEIRO,F,17/06/2000,Válido,55
55015,612,Suplente,THIAGO EDMUNDO VIEIRA,PROFESSOR THYAGUINHO,M,15/11/1985,Válido,55
55333,445,Suplente,VALDEMAR ROCHA,VALDEMAR ROCHA,M,15/03/1949,Válido,55
55017,75,Suplente,FABIANO ROBERTO RAMOS DE LIMA,FABIANO LIMA,M,20/07/1974,Válido,55
55368,258,Suplente,GERSON GUSSO,GERSON GRECA GUSSO,M,24/11/1960,Válido,55
55002,519,Suplente,RAFAEL CURY,RAFAEL CURY,M,12/10/1964,Válido,55
55277,2260,Suplente,ELAINE ESMANHOTTO BARETA,ELAINE ESMANHOTTO,F,21/09/1966,Válido,55
55700,333,Suplente,MARIA APARECIDA PESSIN,MARI PESSIN,F,07/10/1966,Válido,55
55110,1391,Suplente,PAULO FRANCISCO COELHO SOARES,DR PAULO COELHO,M,06/04/1963,Válido,55
55444,562,Suplente,IVES ROGERIO MOLLER,IVES MOLLER,M,02/05/1979,Válido,55
55900,5,Suplente,PAULA RIBEIRO DOS SANTOS,PAULA SANTOS,F,17/06/2000,Válido,55
55255,2397,Suplente,JOSÉ LUIZ TAKAKI,DR TAKAKI,M,08/12/1952,Válido,55
55969,24,Suplente,SONIA MARIA DE SOUSA ESTEFANI,SONIA ESTEFANI,F,24/08/1972,Válido,55
55050,306,Suplente,ALLAN KARDEC CARVALHO RODRIGUES,DR. ALLAN KARDEC,M,08/02/1956,Válido,55
55010,352,Suplente,DARIO ALVES DA SILVA,SARGENTO DARIO,M,01/08/1971,Válido,55
55115,509,Suplente,ANTONIO CARLOS ANHAIA,PROF. BALINHA (VAGAS EMPREGO),M,29/01/1965,Válido,55
55155,1210,Suplente,JOÃO OSMAIR JAVOROSKY,OSMAIR AZOLIN JAVOROSKY,M,26/06/1964,Válido,55
55012,8315,Eleito,EULER DE FREITAS SILVA JUNIOR,PROFESSOR EULER,M,19/12/1973,Válido,55
55755,348,Suplente,CARLOS ROBERTO DA CRUZ,CARLOS ROBERTO DA CRUZ,M,07/05/1972,Válido,55
55712,56,Suplente,CLÓVIS DE ALMEIDA SANTOS,CLÓVIS,M,21/07/1970,Válido,55
55193,1464,Suplente,ALEXSANDRO MARCELO MENDES,BOMBEIRO ALEX,M,22/02/1975,Válido,55
55500,1293,Suplente,PAULO ROBERTO GOLDBAUM SANTOS,PAULO DA SEGURANÇA,M,11/05/1956,Válido,55
55067,171,Suplente,ELZA FRANCISCA JAIME,ELZA JAIME,F,24/02/1948,Válido,55
55715,41,Suplente,ROSA RIBEIRO DOS SANTOS DE LIMA,ROSINHA RIBEIRO,F,05/07/1974,Válido,55
55777,1041,Suplente,HERCULANO ALVES BARBOSA FILHO,HERCULANO'S DOG,M,09/11/1968,Válido,55
55800,89,Suplente,ANDRÉ LUIZ MELO DE LINHARES,ANDRÉ LINHARES,M,10/09/1995,Válido,55
55300,40,Suplente,JUREMA NASCIMENTO AMÉRICO,JU NASCIMENTO,F,03/04/1975,Válido,55
55538,3932,Eleito,EDER FABIANO BORGES ADÃO,EDER BORGES,M,01/05/1983,Válido,55
55129,9,Suplente,ANA PAULA ALVES DE MORAES MARTINS,PRA. ANA PAULA MARTINS,F,26/05/1973,Válido,55
55550,199,Suplente,IARA DO ROCIO VAZ,IARA VAZ,F,19/09/1957,Válido,55
55888,521,Suplente,CLEUNICE GARCIA DE PAULA,CLEUNICE GARCIA,F,20/07/1968,Válido,55
55588,552,Suplente,ALMIR AGUIAR,ALMIR AGUIAR,M,23/04/1969,Válido,55
55055,484,Suplente,VALMOR ALVES DOS SANTOS,CANTOR WILLIAN RENAN,M,18/02/1964,Válido,55
55128,154,Suplente,ISRAELA HADASSA RHEMA CAMEJO DE OLIVEIRA,ISRAELA HADASSA,F,13/11/1985,Válido,55
55655,8243,Eleito,GILBERTO PIRES DOS SANTOS,BETO MORAES,M,02/07/1974,Válido,55
55555,2331,Suplente,JORGE MARCELINO DA SILVA,JORGE MARCELINO,M,26/10/1957,Válido,55
55100,423,Suplente,MICHELI APARECIDA RECALCATTI,MICHELI RECALCATTI,F,29/09/1981,Válido,55
55666,305,Suplente,PEDRO HENRIQUE DIAS,PEDRO HENRIQUE DIAS,M,16/11/1990,Válido,55
55600,17,Suplente,GLÓRIA ROCHA SAENZ,PROFESSORA GLÓRIA,F,13/01/1954,Válido,55
55565,268,Suplente,AMAURI KRAILINK,AMAURI KRAILINK MILÊNIO,M,07/04/1956,Válido,55
17100,161,Suplente,CAROLINE SURIAN RIBEIRO PASSOS DE ABREU,CAROL ABREU,F,10/12/1979,Válido,17
17444,657,Suplente,FABIANO IORIO DA SILVA SANTANA,SOLDADO ZIZA,M,02/02/1985,Válido,17
17999,1618,Suplente,LUIZ PAULO NAVARRETE SANCHEZ,LUIZ PAULO NAVARRETE,M,29/01/1986,Válido,17
17017,234,Suplente,THABATA CRISTINA UHLIK VIEIRA,THABATA UHLIK,F,10/07/1987,Válido,17
17737,1154,Suplente,JORGE ISMAEL CORDEIRO,JORGE CORDEIRO,M,31/03/1967,Válido,17
17740,394,Suplente,LEDINALVA PEREIRA DE ALMEIDA,LEDI ALMEIDA,F,18/12/1973,Válido,17
17026,66,Suplente,LUIZ CARLOS ZAIA JUNIOR,LUIZ ZAIA,M,26/11/1990,Válido,17
17055,241,Suplente,GUANDELIM PEDRO CRAVEIRO,INVESTIGADOR PEDRO CRAVEIRO,M,06/01/1968,Válido,17
17033,128,Suplente,ROSIANE APARECIDA NEUBURGUER PEREIRA,ROSIANE NEUBURGUER,F,07/04/1970,Válido,17
17890,1027,Suplente,FABIO BENTO AGUAYO,FABIO AGUAYO,M,06/02/1974,Válido,17
17755,4423,Eleito,JOÃO CARLOS RODRIGUES,JOAO DA LOJA 5 IRMAOS,M,15/01/1976,Válido,17
17181,221,Suplente,MARA LUCIA BORTHOLOMEI,MALU DOS ANIMAIS,F,09/02/1966,Válido,17
17712,417,Suplente,MIRIA LOPES LESSKIU,MIRINHA LESSKIU,F,25/10/1969,Válido,17
17011,489,Suplente,CRISTIANE DE MELLO,CRISTIANE DE MELLO,F,21/10/1980,Válido,17
17123,640,Suplente,RENATO BAGGIO BERBICZ,PROF° RENATO BAGGIO,M,09/08/1975,Válido,17
17380,522,Suplente,ERNANI LIMA PEREIRA,ERNANI,M,23/07/1960,Válido,17
17888,188,Suplente,EDSON ALVES MOREIRA,EDSON MOREIRA,M,11/04/1970,Válido,17
17789,2802,Suplente,AILTON CARDOZO DE ARAUJO,PASTOR AILTON ARAUJO,M,11/05/1942,Válido,17
17027,43,Suplente,CARLOS EMANOEL VIANA BARROS,CARLOS BARROS,M,15/07/1977,Válido,17
17371,232,Suplente,PAULO CEZAR RABELO DA SILVA,RABELO,M,03/09/1967,Válido,17
17417,369,Suplente,MICHELLE REICHWALD MACHADO,MICHELLE REICH,F,17/03/1980,Válido,17
17555,1391,Suplente,EDUARDO SANTOS DA SILVA,EDUARDO SILVA,M,03/08/1987,Válido,17
17577,204,Suplente,REGINA MARIA RAFAEL,REGINA DO SALÃO,F,12/06/1967,Válido,17
17277,233,Suplente,NEIR HOMEM MENEZES,CANTOR NEIR MENEZES,M,27/01/1964,Válido,17
17136,140,Suplente,CINTHIA FERNANDA CARVALHO RIBEIRO,CINTHIA RIBEIRO,F,13/06/1984,Válido,17
17007,1380,Suplente,FABIO NAKASHIMA,FABIO O JAPA DA CIVIL,M,24/02/1979,Válido,17
17111,1566,Suplente,PEDRO MONTEIRO JUNIOR,CAPITÃO PEDRO MONTEIRO JUNIOR,M,02/03/1973,Válido,17
17022,203,Suplente,IZABELLE KLARIANE MASSOLIN DA COSTA,IZA GALO,F,14/02/1998,Válido,17
17191,745,Suplente,SIDNEI NUNES DE SOUZA,NEY NUNES,M,07/06/1966,Válido,17
17220,320,Suplente,JOSÉ VALDECI DE PAULA,JOSE VALDECIR ADV CRIMINALISTA,M,22/09/1969,Válido,17
17197,373,Suplente,RONALD AGNER SILVA,POLICIAL RONALD,M,18/04/1977,Válido,17
17222,238,Suplente,LUIZ CARLOS DEA,MESTRE DÉA,M,19/08/1964,Válido,17
17003,3205,Suplente,RODRIGO BRAGA CORTES FIALHO DOS REIS,RODRIGO REIS,M,07/01/1974,Válido,17
17500,680,Suplente,LUIZ ALBERTO MAZANEK,KAKO MAZÂNEK,M,23/04/1958,Válido,17
17700,831,Suplente,DANIEL ANTONIO BIANELLI,DANIEL CASAGRANDE,M,26/11/1975,Válido,17
17202,543,Suplente,OSCAR MOREIRA,OSCAR MOREIRA DA ONG ANJOS,M,16/10/1974,Válido,17
17200,984,Suplente,JOSE ROBERTO SANDOVAL,SANDOVAL,M,15/08/1949,Válido,17
17333,140,Suplente,MARCOS WERNER HACKRADT,MARCOS WERNER,M,09/08/1991,Válido,17
17777,4540,Eleito,FLÁVIA CAROLINA RESENDE JABER FRANCISCHINI,FLAVIA FRANCISCHINI,F,23/05/1978,Válido,17
17001,547,Suplente,OSNIN NUNES SOARES,OSNIN,M,06/09/1943,Válido,17
17300,2473,Suplente,EDSON OLIVEIRA DE SOUZA,EDSON OLIVEIRA,M,14/09/1972,Válido,17
17963,431,Suplente,LEONICE MOTTA VIEIRA,NICE VIEIRA,F,19/03/1961,Válido,17
17357,156,Suplente,LEANDRO AUGUSTO SALGADO,LEANDRO SALGADO,M,10/04/1976,Válido,17
17720,154,Suplente,ALCIDES ROGOWSKI JUNIOR,JUNIOR,M,20/06/1969,Válido,17
17020,281,Suplente,ELSON JOSÉ DE MOURA TORRES,ELSON TORRES,M,11/06/1962,Válido,17
17217,2538,Suplente,BRUNA SALLES ESMANHOTO NERI DA SILVA,BRUNA ESMANHOTO,F,18/03/1983,Válido,17
17317,311,Suplente,GLEIZI KELLYN CALEGARI,GLEIZI CALEGARI,F,09/02/1976,Válido,17
17000,2944,Suplente,CASSIANO CARON SOBRAL DE JESUS,CASSIANO CARON,M,04/01/1982,Válido,17
17551,1879,Suplente,MÁRCIO BATISTA BONARDI,MARCIO BONARDI,M,09/02/1976,Válido,17
17557,335,Suplente,RITA DE CÁSSIA ARMSTRONG,RITA ARMSTRONG,F,18/08/1963,Válido,17
17078,405,Suplente,ALINE OLIVEIRA FERREIRA ROMANEL,ALINE FISIOTERAPEUTA,F,21/05/1978,Válido,17
17190,4422,Eleito,TANIA MARA ABRAO GUERREIRO,SARGENTO TANIA GUERREIRO,F,29/08/1959,Válido,17
17012,1900,Suplente,RODRIGO BAITALA DE MATTOS,RODRIGO BAITALA,M,19/12/1983,Válido,17
17038,1436,Suplente,ALGACIR MIKALOVSKI,DELEGADO MIKALOVSKI,M,17/04/1973,Válido,17
17156,416,Suplente,EDEVALDO DA SILVA,EDEVALDO SILVA,M,29/09/1981,Válido,17
17456,708,Suplente,MAYCOLN SOSTAG DE CAMARGO,MAYCOLN CAMARGO,M,06/10/1973,Válido,17
90090,254,Suplente,JOAO ISRAEL BUENO,JOÃO BUENO,M,08/02/1966,Válido,90
90345,283,Suplente,DAMAREIS CARLOS LAURINDO DA SILVA,MILICO,M,18/12/1975,Válido,90
90191,778,Suplente,GILMAR DE OLIVEIRA GONCALVES,PROF GILMAR,M,28/07/1966,Válido,90
90970,26,Suplente,ANA MARISA DO VALE,ANA VALE,F,27/12/1971,Válido,90
90513,243,Suplente,ADELOR JOSÉ GONÇALVES DOS SANTOS,ADELOR SANTOS,M,02/08/1966,Válido,90
90153,383,Não eleito,OSCAR JUNIOR RODRIGUES,RODRIGUES,M,25/02/1973,Anulado sub judice,90
90017,17,Suplente,JORGE ELOI CAETANO,JORGE CAETANO,M,09/07/1964,Válido,90
90677,39,Suplente,GILDA FERREIRA ZANETTI,GILDA ZANETTI,F,19/04/1944,Válido,90
90222,234,Suplente,ROSELI DE FATIMA GALVAO,ROSE PROTETORA DOS ANIMAIS,F,14/01/1955,Válido,90
90789,38,Suplente,CLAUDINEI PADILHA DOS SANTOS,CLAUDINEI PADILHA,M,17/12/1987,Válido,90
90741,141,Suplente,BERNARDO RIBEIRO BERNART,BERNARDO BERNART,M,18/06/2002,Válido,90
90403,8,Suplente,ELIZANGELA DE FATIMA RAMOS,LIZA RAMOS,F,04/03/1982,Válido,90
90777,779,Suplente,JOAO CARLOS DA COSTA,JOÃO CARLOS,M,22/06/1956,Válido,90
90800,529,Suplente,JANAINA BAPTISTA DA LUZ,JANAINA LUZ,F,11/10/1980,Válido,90
90888,695,Suplente,VALDEMAR JORGE POTULSKI,VALDEMAR POTULSKI,M,28/10/1962,Válido,90
90005,681,Suplente,MARIA CRISTINA ANNES SANTOS,CRIS CHICA,F,28/09/1973,Válido,90
90987,83,Suplente,ANDREI RIBEIRO RAMOS,ANDREI SCOTT,M,03/10/1983,Válido,90
90600,95,Suplente,ALETEIA FERREIRA SANTANA,ALETEIA SANTANA,F,22/01/1975,Válido,90
90234,283,Suplente,LILIAN COTLEVSKI DE SIQUEIRA DIAS,LILIAN DIAS,F,04/06/1980,Válido,90
90190,724,Suplente,SEBASTIAO RAMOS DOS SANTOS NETO,DELEGADO TIÃO NETO,M,22/04/1961,Válido,90
90131,73,Suplente,IVANI DA SILVA,IVANI SILVA,F,13/05/1971,Válido,90
90758,98,Suplente,EVA MAURICE DIONISIO,PROFESSORA EVA,F,07/05/1958,Válido,90
90555,201,Suplente,ELIZEU JUNIOR JUCHOKA,ELIZEU JUNIOR,M,01/08/1972,Válido,90
90001,184,Suplente,MARCIA ALVES DA CRUZ,MARCIA DA AVON,F,10/10/1978,Válido,90
90900,774,Suplente,ALEX FERNANDO MILDENBERGER NUNES,ALEX MILDENBERGER NUNES,M,18/07/1994,Válido,90
90999,607,Suplente,WANDERLEI JEOVAL DA SILVA,JEOVAI ZICO,M,13/11/1969,Válido,90
90000,165,Suplente,PEDRO BENTO DA ROSA,PEDRO BRASIL,M,14/10/1970,Válido,90
90007,528,Suplente,WILTON ALEXANDRO RICETTI,PIU RICETTI,M,01/11/1974,Válido,90
90123,97,Suplente,ERNANI ANGELO RAZERA DE SOUZA,ERNANI GRAXINHA,M,27/07/1961,Válido,90
90156,5038,Eleito,LEÔNIDAS EDSON KUZMA,TICO KUZMA,M,23/07/1971,Válido,90
90020,313,Suplente,ALEXANDRO PAIVA DE SOUZA,ALEXANDRE PAIVA,M,23/07/1983,Válido,90
90111,392,Suplente,PAULO SÉRGIO CAMARGO,PAULINHO DO BOQUEIRÃO,M,07/07/1975,Válido,90
90657,540,Suplente,ANTONIO DE SOUZA,SOUZA DO ESPORTE,M,15/06/1957,Válido,90
90700,83,Suplente,JOANA FATIGA RODRIGUES DE OLIVEIRA,JOANA DA SANTA QUITÉRIA,F,27/02/1952,Válido,90
90122,36,Suplente,DENILSON MIKOSKI,DENILSON DO BAIRRO ALTO,M,22/09/1972,Válido,90
90836,335,Suplente,JULCI CRUZ SANTANA,SANTANA DOS CAMINHÕES,M,29/12/1961,Válido,90
90747,981,Suplente,JORANDIR FERREIRA,ALICATE DA BOSCH,M,13/12/1964,Válido,90
90300,811,Suplente,FRANCISCO IRISMAR DA SILVA,CAIO NORDESTE,M,06/12/1973,Válido,90
90520,96,Suplente,ANA PAULA FAVARO,ANA PAULA FAVARO,F,20/04/1978,Válido,90
90771,1460,Suplente,MARINETE LINO SANTANA DA SILVA,NETE SANTANA,F,05/12/1967,Válido,90
90790,63,Suplente,SANDRO CAETANO DE CARVALHO,SANDRO DO TATUQUARA,M,17/01/1975,Válido,90
90890,124,Suplente,SERGIO NEY ALVES,PIRULITO COWBOY,M,06/02/1962,Válido,90
90225,99,Suplente,GIANA CUSATIS LUÇOLLI,GIANNA LUSSOLLI,F,22/05/1966,Válido,90
90010,91,Suplente,KARIN KARLA FERREIRA DE LIMA,KARIN KARLA,F,04/05/1978,Válido,90
90246,209,Suplente,ANA MARIA DELFES VIEIRA,ANA DELFES,F,26/04/1999,Válido,90
90678,594,Suplente,JOSELI ROCIO DO VALE DOS SANTOS,JOSY DO VALLE,F,17/08/1968,Válido,90
90444,2629,Suplente,FERNANDO JOSE RODRIGUES DE OLIVEIRA,FERNANDO DA PADARIA,M,08/07/1967,Válido,90
90561,628,Suplente,ITALO FERNANDES DE LIMA,ITALO ROMANO,M,11/12/1989,Válido,90
90290,519,Suplente,ARILDO RIBEIRO TABORDA,DIDA PORTELINHA,M,26/11/1982,Válido,90
90202,54,Suplente,ANDREIA DE SIMONI,ANDREIA SIMONI,F,03/02/1981,Válido,90
90100,1063,Suplente,ROMUEL ROBERTO MENDES SATIN,ROMUEL SATIN,M,10/04/1975,Válido,90
90321,764,Suplente,JOSE APARECIDO PEREIRA,BRITO DA FÁRMACIA,M,10/07/1961,Válido,90
90021,662,Suplente,EZEQUIEL CARVALHO DA CRUZ,SOLDADO DA CRUZ,M,06/06/1976,Válido,90
90019,1147,Suplente,JOSE CARLOS FAGUNDES,ZÉ DA FERROVIÁRIA,M,16/02/1963,Válido,90
90125,195,Suplente,JULIO CEZAR DA COSTA REIS,JULIO REIS DO STUDIO,M,18/02/1969,Válido,90
30303,916,Suplente,GISELE SILVEIRA LASSERRE,GISELE DO NOVO,F,14/08/1977,Válido,30
30010,440,Suplente,ISIS KARI SEIXAS DA CUNHA BOROWIAK,ISIS DO POVO,F,17/09/1971,Válido,30
30192,442,Suplente,CASSIANO ANGELO MENDES,CASSIANO ANGELO,M,15/03/1987,Válido,30
30800,705,Suplente,JOÃO HERMES KOERICH,JOÃO HERMES,M,23/08/1964,Válido,30
30301,401,Suplente,FERNANDA NICOLOTTI DE MEDEIROS MARCONDES DA SILVEIRA,FERNANDA NICOLOTTI,F,05/06/1983,Válido,30
30999,343,Suplente,GABRIEL KRITIKOS DE REZENDE,GABRIEL KRITIKOS,M,15/07/1981,Válido,30
30316,616,Suplente,EDUARDO JOSÉ FERRAZ,FERRAZ,M,13/04/1984,Válido,30
30321,1237,Suplente,LEONARDO RAZERA STENCEL,LEONARDO RAZERA,M,06/06/1980,Válido,30
30007,1035,Suplente,RONI MARCIO MONTREZOL,RONI DA ACADEMIA,M,18/10/1975,Válido,30
30130,381,Suplente,PAULINO OLIVEIRA SANTOS,PAULINO,M,04/06/1972,Válido,30
30433,735,Suplente,LUCIANA DO AMARAL GURGEL GALEB CARVALHO,LUCIANA GALEB,F,13/11/1978,Válido,30
30234,3092,Eleito,MARIA AMALIA BARROS TORTATO,AMÁLIA TORTATO,F,25/10/1984,Válido,30
30330,1459,Suplente,FABIANO MARCON,FABIANO MARCON,M,05/01/1981,Válido,30
30300,675,Suplente,VICTOR LOPES GABRIEL,VICTOR LOPES,M,16/10/1996,Válido,30
30333,376,Suplente,JOSÉ OSÉAS FERREIRA JUNIOR,JOSE FERREIRA,M,03/09/1982,Válido,30
30789,1869,Suplente,JULIANO RODRIGO DE SOUZA,JULIANO RODRIGO DO SÃO BRAZ,M,01/10/1989,Válido,30
30100,849,Suplente,GABRIEL BRAGA FARHAT,BRUCE GABRIEL BRAGA FARHAT,M,29/10/1964,Válido,30
30456,215,Suplente,MARIA DO PERPETUO SOCORRO RASSY TEIXEIRA MANFRON,MARIA RASSY MANFRON,F,04/11/1977,Válido,30
30000,12147,Eleito,INDIARA BARBOSA CUSTODIO,INDIARA BARBOSA,F,09/04/1983,Válido,30
30001,441,Suplente,ISAIAS SOARES SALDANHA,ISAIAS SALDANHA,M,30/11/1969,Válido,30
30555,766,Suplente,SORAYA ABOU CHAMI,SORAYA FADEL CHAMI,F,18/12/1970,Válido,30
30777,303,Suplente,ALVARO DOS SANTOS MORAES JUNIOR,ALVARO MORAES,M,03/11/1982,Válido,30
30030,2480,Suplente,RODRIGO MARCIAL LEDRA RIBEIRO,RODRIGO MARCIAL,M,09/11/1993,Válido,30
30040,578,Suplente,LUIZ ANSELMO MERLIN TOURINHO,LUIZ TOURINHO,M,27/05/1964,Válido,30
30101,97,Suplente,LEDICLEIA FERREIRA DA SILVA,LEDIFERREIRA,F,28/07/1978,Válido,30
30033,1298,Suplente,VIVIANE KIZLTYKA FUJITA,VIVIANE FUJITA,F,08/10/1985,Válido,30
30200,474,Suplente,IGOR RODRIGUES MARTINS,IGOR RODRIGUES MARTINS,M,22/12/1981,Válido,30
30011,1992,Suplente,MONROE FABRÍCIO OLSEN,MONROE OLSEN,M,16/10/1974,Válido,30
30500,336,Suplente,ANDRÉ FELIPE PEREIRA GONÇALVES,ANDRÉ FELIPE,M,07/03/1991,Válido,30
30003,167,Suplente,CEZAR FABRICIO VIEIRA,CEZAR VIEIRA,M,30/01/1983,Válido,30
28222,659,Não eleito,ISMAEL SEGUNDO MARTINS FAGUNDES,ISMAEL DA FARMÁCIA,M,17/07/1982,Válido,28
28444,104,Não eleito,ANNE ASLEY DE SOUZA CRISPIM,ANNE ASHLEY,F,09/12/1996,Válido,28
28046,32,Não eleito,APARECIDA DE FATIMA MENDES,VITORIA MENDES,F,04/09/1971,Válido,28
28678,185,Não eleito,JAIR DORCELINO DA CONCEIÇÃO,IRMÃO JÁJÁ,M,07/08/1966,Válido,28
28345,226,Não eleito,CARLOS ROBERTO PEREIRA,"ROBERTO ""HERDEIROS""",M,24/10/1963,Válido,28
28011,70,Não eleito,VANILDA FRANÇA MOREIRA,VANILDA FRANÇA,F,27/04/1971,Válido,28
28122,57,Não eleito,SUELI APARECIDA SIQUEIRA,SUELI SIQUEIRA,F,10/09/1979,Válido,28
28223,44,Não eleito,JAIME FERNANDES GOMES,PROFESSOR JAIME,M,06/05/1971,Válido,28
28777,549,Não eleito,AMAURI DE JESUS PEREIRA,TENENTE AMAURI,M,05/04/1963,Válido,28
28880,378,Não eleito,JOÃO SEABLA DOS ANJOS,PASTOR JOÃO DOS ANJOS,M,29/05/1963,Válido,28
28693,217,Não eleito,SILVANO DOS SANTOS,SILVANO DOS SALGADOS,M,02/03/1969,Válido,28
28000,636,Não eleito,ADALMO ROMILSON ALVES,ADALMO ALVES,M,18/12/1962,Válido,28
28141,171,Não eleito,ADILSON RAMOS PINTO,ADILSON JOHNNY,M,10/12/1970,Válido,28
28280,94,Não eleito,DANIEL JOSE PEREIRA,DANIEL PEREIRA,M,20/03/1983,Válido,28
28190,410,Não eleito,OTAVIO BUDAL FILHO,CORONEL BUDAL,M,14/03/1960,Válido,28
28088,222,Não eleito,EDMILSON GONÇALVES DE OLIVEIRA,ED1000SON FORTE,M,06/12/1969,Válido,28
28456,155,Não eleito,WANDERLEY VEIGA,PROFESSOR WANDERLEY VEIGA,M,06/06/1955,Válido,28
28001,93,Não eleito,ALINE DO ROCIO MATOZO,ALINE MATOZZO,F,01/08/1971,Válido,28
28021,271,Não eleito,IVANILDO DOS SANTOS,IVANILDO BENATTI,M,04/11/1976,Válido,28
28787,132,Não eleito,ADRIANE FRANCO DA SILVA,ADRIANE FRANCO,F,12/08/1974,Válido,28
28822,1,Não eleito,TÂNIA MARIA GEREMIA,TÂNIA GEREMIA,F,13/03/1969,Válido,28
28448,158,Não eleito,EDSON DA VEIGA,EDSON DA VEIGA,M,25/10/1962,Válido,28
28228,73,Não eleito,ILKA LIDIA LAUERMANN,ILKA LIDIA,F,02/01/1954,Válido,28
28898,17,Não eleito,MARISA REDES MARTINS EMILIO,MARISA REDES,F,30/06/1961,Válido,28
28882,120,Não eleito,LUIS SERGIO BRAGA CORTES,PITA BRAGA CORTES,M,13/07/1951,Anulado,28
28111,12,Não eleito,ANTONIO SELEME NETO,ANTONIO SELEME,M,14/01/1962,Válido,28
28028,268,Não eleito,TETIS MARISA BELMONTE DA CRUZ,MARISA GAZZOLA,F,06/04/1962,Válido,28
28010,327,Não eleito,ROSANA DE FATIMA HEIN,ROSANA HEIN,F,28/07/1963,Válido,28
28888,27,Não eleito,ANA AMELIA ESTEVÃO,ANA AMELIA,F,12/10/1974,Anulado sub judice,28
28100,163,Não eleito,ERONI MARIANO,ERONI A IRO VIGILANTE,F,02/09/1968,Válido,28
28321,98,Não eleito,LUCIMEIA LEAL,LUCIMEIA LEAL,F,22/07/1972,Válido,28
28008,138,Não eleito,FRANCIANE DA SILVA OLIVEIRA,FRAN OLIVEIRA,F,11/07/1989,Válido,28
28555,236,Não eleito,EDSON LUIZ GRUBER,EDSON GRUBER,M,08/12/1961,Válido,28
28333,2093,Não eleito,RODRIGO LEITE DE MORAIS,DR RODRIGO,M,01/08/1977,Válido,28
28999,52,Não eleito,TALEL HADAYA,DR. TALEL,M,29/05/1962,Válido,28
28070,103,Não eleito,BRUNO DE SOUZA ALVES,BRUNO ALVES,M,24/09/1997,Válido,28
28123,1423,Não eleito,MIGUEL CESAR COSTA,CESAR NORTÃO,M,20/07/1972,Válido,28
28288,50,Não eleito,CARLA ROBERTA SILVA PEREIRA,DRA. CARLA ROBERTA,F,07/03/1965,Válido,28
28156,677,Não eleito,RODRIGO RIBAS,RODRIGO LINS,M,05/04/1986,Válido,28
28077,225,Não eleito,CARLOS ROBERTO ALVES,MESTRE KUNTA KINTE,M,04/01/1964,Válido,28
28038,22,Não eleito,MONIR NARCISO RIBAS BENKE,MONIR BENKE,M,05/12/2000,Válido,28
28007,77,Não eleito,MARICI SCARANTE,MARICI SCARANTE,F,03/02/1970,Válido,28
28128,86,Não eleito,JOSE GUSTAVO DE SOUZA,ZÉ GUSTAVO,M,15/08/1960,Válido,28
20100,135,Suplente,ADEMIR DE OLIVEIRA BUENO,PROFESSOR ADEMIR BUENO,M,27/11/1958,Válido,20
20156,89,Suplente,WANIA MARCIA JUBANSKI,WANIA JUBANSKI,F,01/08/1978,Válido,20
20200,158,Suplente,ITAMAR FARIAS,ITAMAR FARIAS,M,11/12/1973,Válido,20
20027,226,Suplente,RODRIGO LABATUT DO ESPIRITO SANTO MARQUES,RODRIGO LABATUT,M,27/06/1983,Válido,20
20999,78,Suplente,TANCLER ILDEFONSO PAVANI,SARGENTO TANCLÉR PAVANI,M,24/01/1945,Válido,20
20888,650,Suplente,JORGE DE AVILA JUNIOR,JORGE AVILA,M,28/07/1977,Válido,20
20345,97,Suplente,VIVIAN TEREZINHA MILANI NEIVA DE LIMA RODRIGUES,PROFESSORA VIVIAN,F,11/05/1956,Válido,20
20777,125,Suplente,MARIA CRISTINA BOGUCHEVSKI NOGAS,CRISTINA NOGAS,F,12/12/1970,Válido,20
20007,104,Suplente,LIGIA FABRIS BERG,PROFESSORA LIGIA,F,13/07/1971,Válido,20
20737,677,Suplente,GLEYCON CHRISTIANO SANGIORGE,PROFESSOR CHRISTIANO,M,01/06/1967,Válido,20
20000,5326,Eleito,MARCELO TSCHÁ FACHINELLO,MARCELO FACHINELLO,M,25/02/1980,Válido,20
20021,528,Suplente,ROSEMARY VIEIRA PINTO DE WITT,ROSE WITT,F,27/09/1962,Válido,20
20321,597,Suplente,MARIA GISLENE DE ARAUJO PESSOA GOUVEA,GISLENE GOUVEA,F,29/10/1959,Válido,20
20020,2227,Suplente,MARIA CLARA DINIZ ALMEIDA,CLARA KIDO,F,18/01/1996,Válido,20
20157,32,Suplente,MICHEL GUIMARAES PINHEIRO,MICHEL DO PROGRAMA DO LEITE,M,03/11/1977,Válido,20
20333,314,Suplente,SERGIO INACIO DA SILVA,SERGINHO TECLADO,M,24/12/1966,Válido,20
20012,378,Suplente,MARCOS PAULO PASSOS ROSA,PROFESSOR MARCOS PAULO,M,25/11/1974,Válido,20
20400,1314,Suplente,ADELINA ESPINDOLA,DINA DA AUTOESCOLA,F,11/01/1956,Válido,20
20222,247,Suplente,JULIO CESAR GALIOTTO,JULIO GALIOTTO,M,19/10/1971,Válido,20
20727,166,Suplente,ANDRE LUCIANO ALBERTI NADOLNY DE LIMA,ANDRE NADOLNY,M,27/07/1985,Válido,20
20123,2844,Suplente,THIAGO KRONIT FERRO,THIAGO FERRO,M,03/04/1978,Válido,20
20202,208,Suplente,MARCOS BARROS WENDT,MARCOS WENDT,M,24/11/1974,Válido,20
20030,103,Suplente,NORMA ALMEIDA PAULO,DONA NORMA,F,03/12/1949,Válido,20
33003,209,Não eleito,LINDINALVA KAISER DOS REIS,NALVA KAISER,F,13/10/1957,Válido,33
33600,91,Não eleito,RUBENS JACINTO HIPOLITO,SNEBUR HIPOLITO,M,27/03/1960,Válido,33
33001,13,Não eleito,VICENTE MEDEIROS BARBOSA,VICENTE BARBOSA,M,20/07/1965,Válido,33
33038,67,Não eleito,IVANDRO APARECIDO BISCAIA,IVANDRO BISCAIA BOLSONARO,M,16/08/1972,Válido,33
33888,91,Não eleito,FRANCISCO WOJCIECHOWSKI,CHICO DE ASSIS,M,23/08/1957,Válido,33
33801,0,Não eleito,JOSE TIUSS FILHO,JOSE TIUSS FILHO,M,05/12/1949,Válido,33
33220,89,Não eleito,IARASSU REICHARDT ALVES,IARASSU REICHARDT ALVES,F,20/02/1954,Válido,33
33083,1,Não eleito,DAIANA FRANCIELE DE ALMEIDA,DAIANA ALMEIDA,F,18/11/1983,Válido,33
33433,183,Não eleito,VALERIO CAVALHEIRO,VALERIO CAVALHEIRO,M,28/05/1951,Válido,33
33456,1291,Não eleito,FRANCISCO ZBIGNIEW STRYK COSTA,FRANCISCO FILHO,M,06/01/1990,Válido,33
33300,546,Não eleito,CARLOS HENRIQUE OROSKI,CARLOS OROSKI,M,15/05/1993,Válido,33
33177,98,Não eleito,MARCIA FERNANDES DA SILVA DE LARA,MARCIA LARA,F,19/10/1969,Válido,33
33000,81,Não eleito,MAURICIO BASTOS,PROFESSOR MAURICIO BASTOS,M,19/09/1960,Válido,33
33555,182,Não eleito,MARCIO ROBERTO DO AMARAL,UBER DO MARIO,M,25/11/1976,Válido,33
33633,36,Não eleito,ELIANE REGINA JORGE,LIA PINK,F,27/10/1974,Válido,33
33850,6,Não eleito,SANDRA MARA PEDROSO,SANDRA MARA ,F,12/02/1959,Válido,33
33730,82,Não eleito,CLARICE DOS SANTOS,CLARICE LA VENTURA,F,14/07/1966,Válido,33
33111,56,Não eleito,CARLOS DE ALMEIDA MURTOR,CARLOS MURTA,M,10/02/1973,Válido,33
33430,117,Não eleito,MARILEI LOPES VIEIRA,MARILEI VIEIRA,F,08/06/1972,Válido,33
33731,123,Não eleito,ELIEL ROCHA,ELIEL ROCHA,M,05/03/1972,Válido,33
33070,46,Não eleito,ELIUDES EUSTACHIO,ROLLY MANCHA,M,18/03/1960,Válido,33
33277,64,Não eleito,JULIO OSMAR SOCHASCKI,JULIO SOCHASCKI,M,16/11/1962,Válido,33
33033,558,Não eleito,JULIO CESAR TADAO KOBE,KOBE,M,11/03/1978,Válido,33
33333,1324,Não eleito,IRANEI DA SILVA FERNANDES,IRANEI FERNANDES,M,13/08/1962,Válido,33
33999,141,Não eleito,RICARDO ALEXANDRE WISNIEVSKI,PF RICARDINHO WISNIEVSKI,M,15/12/1975,Válido,33
33100,310,Não eleito,JOAO LAURINDO DE OLIVEIRA,JOAO NAPOLEAO,M,08/11/1956,Válido,33
33777,91,Não eleito,JONI TADEU PINHEIRO,JONI PINHEIRO,M,01/11/1971,Válido,33
33335,51,Não eleito,VILMAR MARTINS RAMOS,VILMAR RABUJA,M,08/12/1967,Válido,33
33500,20,Não eleito,ARLON DUTRA DE OLIVEIRA,ARLON DUTRA,M,14/06/1979,Válido,33
33014,189,Não eleito,KETLEN FERREIRA,KETLEN DO HORTIFRUTI,F,14/10/1989,Válido,33
33025,126,Não eleito,BENEDITO DE CARVALHO LOPES,BENE DO VOLÊI ,M,27/03/1951,Válido,33
33851,22,Não eleito,JOAO CARLOS DO NASCIMENTO,JOAO CARLOS DO NASCIMENTO,M,09/06/1964,Válido,33
33010,2117,Não eleito,VALDEMILSON OSORIO DE CAMPOS,TANAKA,M,27/09/1978,Válido,33
33958,42,Não eleito,SUELI DO ROCIO CAVALLI COSTA,SUELI BAIRRO ALTO,F,12/11/1958,Válido,33
33120,28,Não eleito,MIRIAM CAMILO DA COSTA ROSA,MIRIAM CAMILO,F,10/06/1957,Válido,33
33400,172,Não eleito,SANDRA MARA PEREIRA COTOVEY BARBOZA,SANDRA MOTORISTA,F,22/06/1973,Válido,33
33133,106,Não eleito,ANTONIO ROBERTO FILHO,ANTONIO FORTE,M,13/10/1945,Válido,33
33040,45,Não eleito,ADRIANO ALVES CARDOSO,ADRIANO ALVES,M,14/09/1973,Válido,33
33701,53,Não eleito,CARLOS HIDEO HOSSAKA,CARLOS HOSSAKA,M,03/05/1953,Válido,33
33444,18,Não eleito,EVANDRO GUIMARAES,EVANDRO GUIMARAES,M,02/09/1971,Válido,33
33773,350,Não eleito,MARCELO JOSE DOBRYCHLOP,MARCELO DAS PLACAS,M,25/12/1972,Válido,33
33700,32,Não eleito,THAYSA LUARA FONSECA CHAVES NADALIN,THAYSA LUARA,F,03/04/1987,Válido,33
33022,1016,Não eleito,SEBASTIAO AFONSO FERREIRA,POLICIAL AFONSO NINJA,M,11/03/1966,Válido,33
33007,70,Não eleito,MARCIO KUBIS BANDEIRA,MARCIO BANDEIRA,M,20/03/1972,Válido,33
33321,251,Não eleito,MARCIO ANDRE MEDEIROS MORAES,MARCIO MOSSURUNGA MORAES,M,18/04/1962,Válido,33
33080,415,Não eleito,VALERIA SCHLEMPER LEITE,VALERIA SCHLEMPER,F,04/08/1988,Válido,33
33021,448,Não eleito,DANIELE BELTRAO,DANIELE BELTRAO,F,28/07/1978,Válido,33
33200,148,Não eleito,ARILDO OLIVEIRA MELO,AMENDOIM ,M,23/02/1963,Válido,33
33122,77,Não eleito,JOAO GERSON DA SILVA GHIGNATTI,GERSON SINE,M,07/08/1961,Válido,33
33998,24,Não eleito,CARMEN ELISABETE INFANCIA CUSTODIO,CARMEN CUSTODIO,F,05/07/1962,Válido,33
33190,541,Não eleito,BARTON CUTLER DOS SANTOS,TENENTE CUTLER,M,03/10/1987,Válido,33
33023,141,Não eleito,ALEXANDRE LIMA JERONIMO,ALEXANDRE STRIQ,M,05/05/1975,Válido,33
33800,0,Não eleito,MAIHARA MUNIZ NEQUER,MAIHARA MUNIZ,F,04/04/1989,Válido,33
33123,390,Não eleito,RUBENS ALVES DE CHAVES,RUBENS CHAVES,M,09/09/1961,Válido,33
36400,142,Não eleito,ISRAEL ROSALINO DOS SANTOS,ISRAEL XAVANTE,M,13/06/1975,Válido,36
36361,45,Não eleito,NAULO OLIVEIRA MACEDO,NANDO MACEDO,M,20/04/1958,Válido,36
36999,471,Não eleito,VANESSA CARLA DOS SANTOS,PROFESSORA VANESSA SANTOS,F,09/07/1971,Válido,36
36516,99,Não eleito,SERGIO FIGURSKI SZARNECKI,SERJÃO DA CONSTRUÇÃO,M,09/02/1975,Válido,36
36678,64,Não eleito,CRIMERIA DA SILVA E SILVA,PASTORA CRIMÉRIA,F,15/11/1971,Válido,36
36500,125,Não eleito,FRANCISCO NOGUEIRA,PROFESSOR FRANCISCO,M,27/08/1965,Válido,36
36521,143,Não eleito,VALDEMIR ADRIANO SANTI,SANTI,M,19/09/1980,Válido,36
36038,336,Não eleito,ZEDEQUIAS PEREIRA BORGES,ZEDE BORGES,M,05/05/1973,Válido,36
36777,1849,Não eleito,LUCIANO ROBERTO KELUC DA SILVA,LUCIANO KELUC,M,09/04/1977,Válido,36
36000,1148,Não eleito,ADÃO PACHECO ROLIM NETO,ADÃO DA RENOVAR,M,08/02/1974,Válido,36
36555,111,Não eleito,VALDECIR HENRIQUE VAZ DE CAMARGO,VALDECIR CAMARGO,M,10/01/1964,Válido,36
36510,206,Não eleito,BEATRIZ FREIRE RODRIGUES,BIA BORRACHEIRA,F,20/06/1961,Válido,36
36007,520,Não eleito,LUCIANO HENRIQUE RODRIGUES,PROFESSOR LUCIANO RODRIGUES,M,15/09/1975,Válido,36
36372,258,Não eleito,LAURIANO DOS SANTOS SOUZA,MAGRÃO DA RECICLAGEM,M,10/08/1986,Válido,36
36636,172,Não eleito,MARCOS ROBERTO DE LIMA,MARQUINHOS LIMA,M,22/10/1981,Válido,36
36077,42,Não eleito,ELISABETH BERTI KOWALSKI,BETH KOWALSKI,F,27/07/1969,Válido,36
36123,256,Não eleito,ILDEBERTO ANTONIO PETERLINI,PETERLINI DA CIC,M,10/10/1957,Válido,36
36789,348,Não eleito,JOÃO DE FRANÇA,JOÃO FRANÇA CIC,M,29/09/1957,Válido,36
36550,68,Não eleito,SALETE BAUMANN,SALETE BAUMANN,F,31/07/1964,Válido,36
36015,37,Não eleito,PATRICIA ROSA CRISAN,PITY CRISAN,F,15/11/1975,Válido,36
36136,87,Não eleito,AURÉLIO MELO SCHUST,AURÉLIO JESUS,M,01/10/1982,Válido,36
36567,589,Não eleito,ZULMAN LIMA DE GODOY,ZULMAN ZÉ DO ALHO,M,01/03/1963,Válido,36
36536,1695,Não eleito,JOSIAS ISRAEL DIAS,JOSIAS DIAS,M,19/07/1970,Válido,36
36036,28,Não eleito,ANDERSON MUSSI CAPARELLI,ANDERSON DA PIPOCA,M,26/12/1965,Válido,36
36456,395,Não eleito,FABIANO LEAL,FABIANO LEAL,M,17/01/1984,Válido,36
36200,267,Não eleito,ISAIAS GARCINO DE OLIVEIRA,ISAIAS DA ASSOCIAÇÃO,M,13/07/1956,Válido,36
36253,102,Não eleito,OLGA QUERINO DO NASCIMENTO,LAKA OLGA,F,17/02/1975,Válido,36
36104,1545,Não eleito,CLAUDEMIR APARECIDO DE MIRANDA,MIRO MIRANDA,M,02/11/1972,Válido,36
36987,263,Não eleito,WAGNER ALCANTARA DOS SANTOS,WAGNER ALCANTARA,M,31/01/1990,Válido,36
36888,33,Não eleito,MARCIA LURDES CORREA DA ROSA,MARCIA CORREIA,F,19/12/1977,Válido,36
36333,202,Não eleito,EBSON BORGES DE OLIVEIRA RAMOS,EBINHO RAMOS,M,03/03/1983,Válido,36
36156,55,Não eleito,PAULO ROBERTO FELÍCIO,PAULÃO DO SANTA QUITÉRIA,M,03/08/1960,Válido,36
36543,761,Não eleito,ORLANDO RIBEIRO DE ANDRADE,FEIJÃO DA ASSOCIAÇÃO ,M,27/02/1965,Válido,36
36368,212,Não eleito,VALTER MORAES MENDES,VALTER MOTORISTA,M,14/11/1973,Válido,36
36011,64,Não eleito,MOACYR DE MELO SOARES,MOACYR SOARES,M,08/09/1953,Válido,36
36161,13,Não eleito,LILIANE RIBEIRO,LILI FRETES,F,21/08/1985,Válido,36
36321,42,Não eleito,RODRIGO CARVALHO DOS SANTOS,RODRIGO SANTOS,M,09/06/1985,Válido,36
36225,187,Não eleito,MARCIA MIDORI IWASAKI,MARCIA MIDORI,F,22/05/1968,Válido,36
36256,32,Não eleito,RAFAEL RENATO CAMPOS,RAFAEL CAMPOS,M,29/04/1987,Válido,36
36111,133,Não eleito,LUIS CARLOS DE ARRUDA,ARRUDA O REI DA SALADA,M,01/04/1961,Válido,36
36001,11,Não eleito,CLAUDIA LETÍCIA BATISTA,CLAUDIA BATISTA,F,29/07/1977,Válido,36
36222,455,Não eleito,JUNIOR CARVALHO DE AZEVEDO,JUNIOR AZEVEDO,M,02/01/1983,Válido,36
36367,640,Não eleito,ISMAEL NOSSABEIN,ISMAEL DO PÃO DE QUEIJO,M,14/08/1970,Válido,36
36336,5,Não eleito,MICHELE CLEMENTE LEUCH,MICHELE,F,23/01/1991,Válido,36
36454,27,Não eleito,ELINIANI SOMARIVA,POLACA SOMARIVA,F,12/07/1973,Válido,36
36633,61,Não eleito,VERA LÚCIA SÁ DA SILVA,VERA LÚCIA,F,22/01/1976,Válido,36
36444,362,Não eleito,LUCIANO MARCOS ANDREATTA,ANDREATTA DA MONTREAL,M,13/09/1964,Válido,36
36745,11,Não eleito,YEDA MARIA JOSÉ DE PAULA,YEDA MARIA,F,09/10/1950,Válido,36
36100,720,Não eleito,JOSÉ TADEUS DE AZEVEDO,DR TADEUS,M,25/05/1967,Válido,36
36190,602,Não eleito,MATEUS FELIPE MORAES MACHADO AXT,MATEUS DO BAIRRO,M,28/01/2000,Válido,36
40130,660,Suplente,JOSÉ ACIR GONÇALVES DA CRUZ,PROFESSOR JOSÉ ACIR,M,02/01/1967,Válido,40
40670,1814,Suplente,EDMAR COLPANI,COLPANI,M,18/02/1961,Válido,40
40100,666,Suplente,THORSTEIN FERRAZ,THOR FERRAZ,M,21/01/1980,Válido,40
40345,222,Suplente,JUAREZ SANTOS DE OLIVEIRA GOES,JUAREZ GOES,M,01/11/1945,Válido,40
40217,24,Suplente,IRACEMA HENRIQUE DE OLIVEIRA,IRACEMA DO PINHEIRINHO,F,21/02/1966,Válido,40
40888,1753,Suplente,TÂNIA MARIA SUGAMOSTO HENNEQUIN,PROFESSORA TÂNIA,F,02/01/1962,Válido,40
40106,32,Suplente,MARCELO RODRIGUES,MARCELO DO APLICATIVO,M,10/06/1972,Válido,40
40044,502,Suplente,SUZANA MARGARIDA RABELO,ENFERMEIRA SUZANA RABELO,F,25/03/1974,Válido,40
40234,297,Suplente,CARMELA REGINA CABRAL BROCHER,DRA CARMELA,F,05/01/1980,Válido,40
40110,203,Suplente,ROSANE MARIA LOPES GONZAGA,ROSANE MULHER DAS FRUTAS,F,08/10/1971,Válido,40
40777,999,Suplente,VALMIRO ANTONIO DE OLIVEIRA,ENFERMEIRO MIRO,M,11/09/1973,Válido,40
40282,306,Suplente,WALDINEY MARCOS RUPPEL,MESTRE CHINA,M,31/12/1963,Válido,40
40016,82,Suplente,MARIA GORETI MILITÃO TEIXEIRA,MARIA GORETI MILITÃO,F,16/07/1960,Válido,40
40222,1816,Suplente,JOSÉ SIMÃO SOARES DE OLIVEIRA,ZÉ DA FARMÁCIA,M,15/02/1968,Válido,40
40111,192,Suplente,CELSO RICARDO TOMAZ,RICARDO AFRO TOMAZ,M,14/08/1974,Válido,40
40123,563,Suplente,MARIA ERONDINA CABRAL DE OLIVEIRA,MARIA ERONDINA,F,05/03/1963,Válido,40
40018,127,Suplente,SÔNIA MARIA ESTANSK,SOSSO ESTANSK,F,18/12/1958,Válido,40
40456,222,Suplente,AMARILDO OTACILIO DE JESUS,AMARILDO DE JESUS,M,04/11/1967,Válido,40
40741,124,Suplente,CELIA INACIO LUCIO,CELIA,F,01/09/1959,Válido,40
40199,3136,Eleito,HERNANI DA SILVA,HERNANI,M,10/08/1963,Válido,40
40010,1959,Suplente,LUCAS SIQUEIRA DIONISIO,LUCAS SIQUEIRA,M,31/12/1994,Válido,40
40000,482,Suplente,ALLAN JOSE SANTIN,ALLAN JOHAN,M,09/05/1980,Válido,40
40040,496,Suplente,DELSO MORETTI FILHO,MORETTI,M,30/07/1969,Válido,40
40567,191,Suplente,MARCIA MARIA GERBER PERILLI,PROFESSORA MARCIA PERILLI,F,17/07/1970,Válido,40
14112,11,Suplente,MARTA RIBEIRO,MARTA ELCHADAY,F,25/09/1970,Válido,14
14567,607,Suplente,BELONI TEREZINHA MEZZOMO,DRA. BELONI MEZZOMO,F,16/03/1979,Válido,14
14144,229,Suplente,SIMONE MEIRA,SIMONE DA VILA SANDRA,F,14/07/1967,Válido,14
14239,531,Suplente,GIULIANO COSCIA RICCI,GIULIANO (JUCA),M,13/10/1970,Válido,14
14444,1420,Suplente,JOÃO LUIZ FIANI DE ASSIS BAPTISTA,JOÃO LUIZ FIANI,M,08/09/1963,Válido,14
14977,1176,Suplente,RAFAEL DE OLIVEIRA SEVERINO,RAFAEL CABEÇA,M,25/07/1986,Válido,14
14777,3679,Suplente,RUDIMAR FEDRIGO,RUDIMAR FEDRIGO,M,06/02/1963,Válido,14
14234,239,Suplente,ELIANE DO ROCIO REINERT,ELIANE REINERT,F,29/09/1962,Válido,14
14033,269,Suplente,LORIVAL FRANCISCO DA SILVA,VAL DO GÁS,M,09/07/1974,Válido,14
14921,28,Suplente,ROCIANE DE CASSIA FELIPPE,ROCIANE FELIPPE,F,15/12/1965,Válido,14
14400,348,Suplente,FABIO SKRABA,FABIO SKRABA,M,09/08/1978,Válido,14
14125,135,Suplente,JOSE MAURICIO POLERA,POLERA,M,22/04/1975,Válido,14
14007,63,Suplente,MICHELI FERREIRA LIMA,MICHELI SCHULTZ,F,23/12/1992,Válido,14
14009,11,Suplente,YASMIN RETKWA PADILHA,YASMIN PADILHA,F,09/04/1997,Válido,14
14014,462,Suplente,LUIS GUSTAVO TISSOT MAZOLLA,GUSTAVO TISSOT,M,10/05/1982,Válido,14
14010,61,Suplente,CARLOS ERNESTO CORDEIRO,CARLOS ERNESTO,M,18/09/1952,Válido,14
14389,382,Suplente,RODRIGO BARREIRA DE FARIA FORNOS,RODRIGO FORNOS,M,15/01/1972,Válido,14
14123,1498,Suplente,MARCOS ELIAS TRAAD DA SILVA,MARCOS TRAAD,M,12/06/1958,Válido,14
14006,0,Suplente,MARCIA DE SENI KNAIPP,MARCIA SENI,F,27/06/1976,Válido,14
14300,188,Suplente,FRANKLIN KOTARSKI FARIAS,FRANKLIN DO UBERABA,M,10/06/1981,Válido,14
14000,748,Suplente,EDUARDO MACHADO PEREIRA,EDUARDO PEREIRA,M,13/10/1964,Válido,14
14417,346,Suplente,JEFFERSON DA SILVA MORAIS,JÉ DA FARMÁCIA,M,10/04/1976,Válido,14
14128,7495,Eleito,PIERPAOLO PETRUZZIELLO,PIER,M,27/05/1982,Válido,14
14281,1,Suplente,ROSEMEIRE NERES DA SILVA PEREIRA PADILHA,ROSEMEIRE NERES,F,09/03/1982,Válido,14
14321,321,Suplente,MARCELO KARAM ZAGONEL,MARCELO ZAGONEL,M,18/03/1987,Válido,14
14800,1396,Suplente,SERGIO DA SILVA PEREIRA,SERGIO DO SANEAMENTO,M,09/05/1970,Válido,14
14022,161,Suplente,NELSON FERREIRA,NELSÃO PAPAGAIO,M,08/12/1970,Válido,14
14888,195,Suplente,LETICIA AYMORÉ AZEREDO,LETICIA AYMORÉ,F,25/03/1974,Válido,14
14700,773,Suplente,CARLOS ALBERTO DUARTE QUEIROZ FILHO,JETAM MÁGICO E PROFESSOR,M,11/06/1983,Válido,14
14050,4,Suplente,GIOVANNA THAIS MARTINS ALVES,GIOVANNA MARTINS,F,25/03/1975,Válido,14
14100,767,Suplente,ISAAC DE OLIVEIRA,ISAAC DE OLIVEIRA,M,30/08/1967,Válido,14
14333,298,Suplente,NILSON BAQUETA,NILSON BAQUETA,M,06/05/1963,Válido,14
14001,1512,Suplente,JAIME FORTUNATO DE MIO,JAIME FORTUNATO,M,07/05/1978,Válido,14
43690,65,Suplente,JOÃO LAERTES RIBEIRO,LAERTES RIBEIRO,M,10/08/1966,Válido,43
43430,303,Suplente,DAVI MENDES DE QUEIROZ,DAVI DO PET,M,06/02/1975,Válido,43
43210,226,Suplente,ADRIANA SENTER,ADRIANA SENTER,F,22/02/1988,Válido,43
43253,41,Suplente,MARIA DOS SANTOS DUARTE,MARIA DUARTE,F,01/11/1953,Válido,43
43436,115,Suplente,FABIANO PEÇANHA MONTEZ,FABIANO MONTEZ,M,12/02/1977,Válido,43
43500,702,Suplente,RONEY ALEXANDRE DE OLIVEIRA,RONEY OLIVEIRA,M,27/02/1987,Válido,43
43333,68,Suplente,ALEXSON ANTUNES RODRIGUES,ALEX DO PV,M,24/08/1976,Válido,43
43100,310,Suplente,ANDREIA DO ROCIO PEREIRA,ANDRÉIA PEREIRA,F,26/10/1978,Válido,43
43055,40,Suplente,ELAINE DE FATIMA DOS SANTOS,ELAINE DE FÁTIMA,F,19/12/1972,Válido,43
43023,216,Suplente,WALBER KLEBER SILVA FELTON,KLEBER CARIOCA,M,02/02/1968,Válido,43
43444,175,Suplente,ANDERSON DE SOUZA BARROS,ANDERSON BARROS,M,30/10/1973,Válido,43
43788,373,Suplente,SERGIO LOURIVAL WERLE,SERGIO WERLE,M,21/10/1974,Válido,43
43001,583,Suplente,AGNALDO FERNANDES DE SOUZA,AGNALDO DO CACHORRO QUENTE,M,23/10/1966,Válido,43
43443,73,Suplente,SIGFRIDO PABLO SALCEDO BURGOA,ADM PÚBLICO SIGFRIDO PABLO ,M,25/12/1985,Válido,43
43039,96,Suplente,ALEXANDRE DE SOUZA LACERDA,ALE PINGUIM,M,29/09/1971,Válido,43
43156,32,Suplente,EDNILSON DE SOUZA CONTIERI,EDI ,M,07/09/1964,Válido,43
43357,989,Suplente,BENTO ELISEO ALEIXO,SARGENTO ALEIXO,M,02/04/1977,Válido,43
43255,200,Suplente,ROGERS ANTONIO FERREIRA DE CAMARGO,ROGERS CAMARGO,M,05/04/1987,Válido,43
43200,327,Suplente,SAYONARA PEREIRA NEVES,SAYONARA NEVES,F,09/04/1974,Válido,43
43111,471,Suplente,FERNANDA BERNARDE DA SILVA MELLO,INSPETORA FERNANDA,F,08/11/1987,Válido,43
43007,1442,Suplente,KAROLINE TARTAS,KAROL TARTAS COLNAGHI,F,27/03/1979,Válido,43
43223,153,Suplente,CATIA MARA BROETO,CATIA BROETO,F,23/09/1966,Válido,43
43025,157,Suplente,ANGELA LOUISE VIGANO,ANGELA LOUISE VIGANO,F,16/02/1978,Válido,43
43431,29,Suplente,MARIA JOSE BATISTA PINHEIRO,MARIA PINHEIRO,F,10/02/1974,Válido,43
43040,201,Suplente,ANTONIO CARLOS BAUER,CARLINHOS O PIÁ DO BAIRRO,M,01/01/1974,Válido,43
43138,57,Suplente,MOISES DA SILVA,MOISES DA SILVA,M,26/05/1981,Válido,43
43715,27,Suplente,VANDERLEIA HASCHEL,VANDERLÉIA HASCHEL,F,25/08/1973,Válido,43
43433,93,Suplente,FERNANDO VULCANIS,FERNANDO VULCANIS,M,06/04/1979,Válido,43
43400,321,Suplente,CLAUDINEI CESAR KLOSS,TADI DO CAPÃO RASO,M,30/10/1977,Válido,43
43240,36,Suplente,IVONE ROSA SAN MARTINS,IVONE,F,24/03/1964,Válido,43
43789,1944,Suplente,RUBENS YOSHISADA MATSUDA,PROFESSOR MATSUDA,M,17/03/1953,Válido,43
43300,712,Suplente,ELISANGELA IARGAS IUZVIAK MANTAGUTE,ELIS MANTAGUTE,F,07/06/1979,Válido,43
43555,141,Suplente,TIAGO DE CARVALHO DA SILVA,TIAGO ATLETA,M,24/12/1987,Válido,43
43123,1645,Suplente,LUIZ CARLOS DE GODOI,JOTA JUNIOR,M,05/07/1973,Válido,43
43777,1014,Suplente,JULIANA AKEL,JUBA AKEL,F,11/07/1973,Válido,43
43129,367,Suplente,CLAUDINEIA APARECIDA GOMES PANCHENIAK,CLAUDIA GOMES,F,23/01/1975,Válido,43
43190,1631,Suplente,JOSE ROBERTO ACIOLLI DOS SANTOS,ROBERTO ACIOLLI,M,05/08/1958,Válido,43
43193,1017,Suplente,ALDENIR DE OLIVEIRA,NEGO BOMBEIRO,M,27/12/1961,Válido,43
43153,133,Suplente,SERGIO LUIZ CARDOZO,GM SERGINHO PESCADOR,M,17/05/1966,Válido,43
43999,1765,Suplente,JOÃO VICTOR MATTOS LEÃO BETTEGA,JOÃO BETTEGA,M,21/06/1996,Válido,43
43021,215,Suplente,MARISE DE FÁTIMA FAVORETTO,MARISE FAVORETTO,F,16/06/1964,Válido,43
43033,22,Suplente,LUIZ ALBERTO ROUGEMONT,ROUGEMONT,M,04/08/1955,Válido,43
43147,290,Suplente,FLAVIO CARLOS DA SILVA,FLÁVIO FALCÃO,M,12/05/1968,Válido,43
43029,256,Suplente,GERSON ALVES MACHADO,DELEGADO MACHADÃO,M,16/10/1954,Válido,43
43131,216,Suplente,ALESSANDRO PEREIRA DA SILVA,SANDRO DO POVO,M,18/12/1981,Válido,43
43700,107,Suplente,JOSE RENATO DE MELO,RENATINHO MELO,M,15/02/1975,Válido,43
43022,181,Suplente,VERA LUCIA TEIXEIRA CHUEIRI,PROFESSORA VERA CHUEIRI,F,22/02/1955,Válido,43
43229,382,Suplente,ROBERTO SILVA,ROBERTO SILVA,M,22/09/1963,Válido,43
43043,2279,Suplente,PAULO SALAMUNI,PAULO SALAMUNI,M,24/10/1960,Válido,43
43020,91,Suplente,SILVINO DE ASSIS BRANDÃO NETO,SILVINO BRANDÃO,M,19/06/1961,Válido,43
43003,290,Suplente,RICARDO FERNANDO TONCZACK,RICARDINHO TONCZACK,M,11/01/1979,Válido,43
43222,117,Suplente,JOÃO BATISTA LUCINDO,TITA LUCINDO,M,24/06/1965,Válido,43
43000,4019,Eleito,MARIA LETICIA FAGUNDES,MARIA LETICIA,F,06/10/1959,Válido,43
43434,515,Suplente,LUIZ ROBERTO FRANCISCO,BETO BIÓLOGO,M,23/12/1966,Válido,43
43303,65,Suplente,ELIZANDRA CRISTINA LOPES,LILI LOPES ,F,02/12/1980,Válido,43
43243,18,Suplente,MARIA SUELÂNDE GONÇALVES SOARES,MARY DO SALÃO,F,05/10/1971,Válido,43
50100,556,Não eleito,TELMA REGINA DE MELLO,TELMA MELLO,F,09/11/1964,Válido,50
50123,2303,Não eleito,THIAGO DE SOUSA BAGATIN,MANDATO COLETIVO EKOA,M,23/01/1983,Válido,50
50008,265,Não eleito,JEAN HENRIQUE DA CRUZ SILVA,JEAN HENRIQUE,M,02/10/1989,Válido,50
50126,1391,Não eleito,ISIS PASSOS SILVEIRA,ISIS FAMÍLIA PASSOS,F,10/10/1978,Válido,50
50007,49,Não eleito,GLACEU ROBERTO MARTINS DE ALMEIDA,BETS MARTINS,M,02/01/1979,Válido,50
50111,788,Não eleito,ANA PAULA MIRA,ANA MIRA,F,28/12/1976,Válido,50
50555,50,Não eleito,LUCAS GUILHERMO KUKOLJ,GUIGO,M,06/02/1981,Válido,50
50041,711,Não eleito,MARIANA ALVES DE SOUZA,E SE CURITIBA FOSSE NOSSA,F,27/07/1992,Válido,50
50333,99,Não eleito,CLAUDIA LITWIN KAZUBEK,CLAUDIA KAZUBEK,F,25/04/1992,Válido,50
50500,3035,Não eleito,ANGELA ALVES MACHADO,PROFESSORA ANGELA SOMOS JUNTAS,F,11/07/1977,Válido,50
50005,164,Não eleito,THIAGO MARCILIO DA SILVA,THIAGO PINK,M,10/09/1983,Válido,50
50050,125,Não eleito,MARIA APARECIDA FERREIRA,MARIA DA COMUNIDADE,F,16/11/1977,Válido,50
50321,970,Não eleito,RODRIGO TOMAZINI DIAS,RODRIGO TOMAZINI,M,19/01/1978,Válido,50
50800,321,Não eleito,CLAUDINO DA SILVA DIAS,CLAUDINO DIAS MANDATO COLETIVO,M,07/09/1965,Válido,50
50222,145,Não eleito,BOLÍVAR ALENCAR RIBEIRO,BOLÍVAR,M,12/08/1986,Válido,50
50023,206,Não eleito,LUCAS SIQUIERI GRACIA,LUCAS GRACIA - ALICERCE,M,25/01/1995,Válido,50
50510,162,Não eleito,DOUGLAS WILLIAM GONÇALVES REZENDE,DOUGLAS REZENDE,M,21/05/1975,Válido,50
50112,157,Não eleito,ANGELA AFONSINA DE SOUZA BARBOSA,ANGELA AFONSINA,F,14/10/1965,Válido,50
45007,134,Não eleito,JOSÉ RIBAS PIMENTEL FILHO,RIBAS,M,25/12/1976,Válido,45
45555,526,Não eleito,GIULIANA JAVORSKI,GIU JAVORSKI,F,28/03/1972,Válido,45
45777,244,Não eleito,EMERSON SETTI,DR EMERSON SETTI,M,10/02/1975,Válido,45
45500,47,Não eleito,MARIA MEIRE MAIA CLEVE,MEIRE MAIA CLEVE,F,11/01/1958,Válido,45
45192,434,Não eleito,VANDERLEI RECH,VANDERLEI DA SAÚDE,M,08/02/1971,Válido,45
45567,75,Não eleito,MARCOS TADEU SCHWARTZ,MARCOS SCHWARTZ,M,18/10/1963,Válido,45
45357,87,Não eleito,MAURICIO ENGRACIO DA SILVA RODRIGUES,MAURÍCIO ENGRACIO,M,14/11/1987,Válido,45
45000,330,Não eleito,FÁBIO LUIZ SILVA ARAÚJO,BINHO ARAÚJO HOMEM JUSTIÇA,M,12/08/1985,Válido,45
45774,66,Não eleito,ADRIANA CORREIA MACHADO THIELE NUNES,ADRIANA THIELE,F,08/07/1976,Válido,45
45156,102,Não eleito,CELSO ANDRÉ MARTINS,CELSO ANDRÉ MARTINS,M,26/12/1975,Válido,45
45300,3760,Não eleito,EDSON PEREIRA RODRIGUES,EDSON DO PAROLIN,M,12/12/1974,Válido,45
45999,193,Não eleito,EDGAR MARCELO SANTOS,EDGAR MARCELO,M,23/07/1964,Válido,45
45678,577,Não eleito,AMANDA GIMENEZ RAZENTE,AMANDA GIMENEZ,F,07/07/1994,Válido,45
45193,84,Não eleito,VILMA DO ROCIO VIEIRA,VILMA VIEIRA,F,27/08/1966,Válido,45
45123,153,Não eleito,DANUZIA SKRABA SOARES,DANUZIA SOARES,F,15/05/1979,Válido,45
45810,92,Não eleito,RONALDO CÉSAR PINA,RONALDO DO BOQUEIRÃO,M,08/10/1976,Válido,45
45147,80,Não eleito,MÁRIO ADÃO DA SILVA,MÁRIO ADÃO,M,10/12/1953,Válido,45
45677,335,Não eleito,CICERO SANTA FOSTA,CILSO FOSTER,M,27/01/1977,Válido,45
45100,142,Não eleito,DANIEL SANTOS RIBEIRO,DANIEL RIBEIRO,M,18/01/1991,Válido,45
45270,40,Não eleito,ANTÔNIO CARLOS MOREIRA,ANTÔNIO MOREIRA,M,27/02/1958,Válido,45
45055,278,Não eleito,CLAUDIOMAR RODRIGUES DA CUNHA,CLÁUDIO CUNHA,M,16/06/1970,Válido,45
45545,420,Não eleito,JANE DO ROCIO KIATKOSKI,JANE DO ROCIO,F,23/10/1957,Válido,45
45412,60,Não eleito,MATHEUS VINICIUS LOPES ROCHA,MATHEUS ROCHA,M,14/09/2001,Válido,45
35400,1115,Suplente,LUIZ TADEU SEIDEL BERNARDINA,LUIZ TADEU SEIDEL,M,20/12/1952,Válido,35
35355,20,Não eleito,GENUINO MORAIS DOS SANTOS,GENUINO MORAIS,M,21/07/1952,Anulado,35
35231,51,Suplente,DIRCEU ALVES DA SILVA,DIRCEU ALVES CAMINHONEIRO,M,12/01/1958,Válido,35
35088,68,Não eleito,BLANCA RIBEIRO VIANNA,BLANCA,F,20/12/1951,Válido (legenda),35
35300,487,Suplente,GERONIMO CARLOS DOS SANTOS,GERÔNIMO CHULAPA,M,10/10/1966,Válido,35
35197,1108,Suplente,HELCIO PIASSETTA,HP - HELCIO PIASSETTA,M,29/08/1960,Válido,35
35123,4091,Eleito,EZEQUIAS DE SOUZA BARROS,EZEQUIAS BARROS,M,25/07/1963,Válido,35
35448,206,Suplente,PEDRO PAULO DE AZEVEDO,ENFERMEIRO PEDRO AZEVEDO,M,04/07/1971,Válido,35
35014,915,Suplente,MARIO CESAR DOS SANTOS,MARIO MEZAQUE,M,08/07/1968,Válido,35
35678,131,Não eleito,AMARILDO GONÇALVES DA SILVA,AMARILDO SILVA,M,05/11/1965,Anulado,35
35789,62,Suplente,SANDRA MARIA DE OLIVEIRA,SANDRA OLIVEIRA,F,04/04/1967,Válido,35
35611,348,Suplente,JOSÉ PEREIRA LIMA,ZÉ DO GÁS,M,05/06/1955,Válido,35
35797,68,Suplente,MARILUZ SETIM VOSS,MALLU VOSS,F,22/03/1955,Válido,35
35444,526,Suplente,MARCOS CARDOSO,MARQUINHOS CARDOSO,M,21/11/1977,Válido,35
35655,1852,Suplente,REGINALDO APARECIDO ANANIAS,REGINALDO ANANIAS,M,22/11/1973,Válido,35
35735,550,Suplente,THIAGO AGIBERT ELIAS,THIAGO AGIBERT,M,26/08/1989,Válido,35
35333,21,Suplente,DAVI BECKER DE OLIVEIRA,BECKER,M,12/01/1980,Válido,35
35301,7,Suplente,KATIUCIA REGIANE PICANÇO DE SOUZA CORREA,KATIA,F,13/05/1977,Válido,35
35035,1272,Suplente,LUIS FERNANDO ARAUJO STELLFELD,LUIZAO STELLFELD,M,06/12/1963,Válido,35
35528,237,Suplente,JULIO CESAR CRISTOFFER VIEIRA,JULIO,M,01/03/1982,Válido,35
35235,38,Suplente,GERSON DE JESUS FANHA,GERSON FANHA,M,04/08/1989,Válido,35
35055,278,Suplente,NAZI ASSI BOULOS,NASI,M,26/02/1964,Válido,35
35517,87,Suplente,NORMA ALVES DE SOUSA OLIVEIRA,NORMA - EU ME IMPORTO,F,09/08/1967,Válido,35
35150,282,Suplente,LIA MARA AGAPITO DE ALMEIDA,LIA MARA AGAPITO,F,12/03/1978,Válido,35
35303,164,Suplente,VILMAR APOLINARIO,PASTOR VILMAR APOLINARIO,M,12/07/1979,Válido,35
35835,205,Suplente,SILVANA ROSA PEREIRA,SILVANA ROSA,F,21/03/1974,Válido,35
35190,826,Suplente,ADÃO BATISTA PEREIRA,ADÃO PEREIRA,M,09/10/1974,Válido,35
35134,2,Suplente,MARIA DIRCE PURKOTT,DIRCE PURKOTT,F,04/07/1970,Válido,35
35222,39,Suplente,MARIA GORETTI STRAVINI DA SILVA,GORETTI STRAVINI,F,22/05/1981,Válido,35
35566,13,Suplente,TANIA MARIA SANTOS DA SILVA,TANIA SILVA,F,10/10/1962,Válido,35
35002,121,Não eleito,SILVANA VECCHI,SILVANA VECCHI,F,13/05/1968,Anulado sub judice,35
35605,356,Suplente,KAUANA LOPES MAIA,KAUANA CONSELHEIRA,F,08/08/1988,Válido,35
35023,726,Suplente,TITO TELES DE CAMPOS,TITO TELES,M,08/11/1966,Válido,35
35000,1022,Suplente,GERSON JOSE FERREIRA,TIO GERSON,M,05/02/1974,Válido,35
35635,231,Suplente,NEUSA RIBEIRO DE SOUZA,NEUSA RIBEIRO,F,05/07/1966,Válido,35
35350,3,Suplente,GISELA YALA GUCKERT SACHWEH,GISELA YALA,F,26/10/1975,Válido,35
35954,155,Não eleito,ABRÃO THOMAS DA SILVA,ABRÃO MOKA,M,29/03/1962,Anulado sub judice,35
35508,15,Suplente,DORCAS NOGUEIRA,TIA DEISE DAS BALADAS,F,06/12/1949,Válido,35
35975,23,Suplente,CLEVERSON NOWAK,NOWAK MOTOBOY,M,29/10/1975,Válido,35
35007,1019,Suplente,EMANUEL FERNANDO COCHINSKI,PROFESSOR MANU,M,09/06/1981,Válido,35
35455,1175,Suplente,NORBERTO LUIZ MOLENA,NORBERTO DA FARMACIA,M,16/09/1968,Válido,35
35005,443,Suplente,JOAO CARVALHO SILVA JUNIOR,JOAO CARVALHO,M,10/05/1982,Válido,35
35111,278,Suplente,DARIO REIS DALPRA,DARIO DALPRA,M,06/01/1960,Válido,35
35165,42,Suplente,APARECIDO REGINALDO MORAIS DOS SANTOS,KAFUBIRA SANTOS,M,19/04/1977,Válido,35
35335,301,Suplente,VALQUIR DANILO AURELIANO,VALQUIR KIU FOTÓGRAFO,M,10/03/1967,Válido,35
35665,71,Suplente,JULIO SOARES DE LIMA DA SILVA,JULIO SOARES,M,13/05/1999,Válido,35
35999,60,Suplente,APARECIDA BIELLA,CIDA BIELLA,F,09/04/1959,Válido,35
35888,145,Suplente,NICOLE GIAMBERARDINO FABRE,DOUTORA NICOLE,F,28/03/1979,Válido,35
35555,1542,Suplente,FLAVIO JOSE DE FREITAS FILHO,VERMELHO,M,17/09/1961,Válido,35
35445,87,Suplente,ANTONIO MAURICIO BUENO,MAURICIO DO CARRETO,M,13/08/1957,Válido,35
35020,145,Suplente,CRISTIANI BOMKOSKI,CRISTIANI BOMKOSKI,F,07/10/1981,Válido,35
35156,298,Suplente,JOSE ELTON DUQUE RIBEIRO,ZÉ ELTON,M,14/06/1967,Válido,35
35637,342,Suplente,RAFAEL ESTEVÃO PURPER,RAFAEL PURPER,M,14/06/1983,Válido,35
35135,292,Suplente,SAMUEL NEUNDORF,SAMUCA NEUNDORF,M,15/02/1970,Válido,35
35008,283,Suplente,CARLOS ADRIANO DE SOUZA VIEIRA,ADRIANO GABIRU,M,11/08/1977,Válido,35
35038,978,Suplente,PAULA MILANI CARDOSO DA SILVEIRA SIMOES,PAULA MILANI,F,01/10/1967,Válido,35
35001,619,Não eleito,EDIVAL SILVERIO DE OLIVEIRA,EDA SILVERIO,M,12/02/1980,Anulado sub judice,35
51357,46,Suplente,ADIR FREDERICO,ADIR FREDERICO,M,18/02/1966,Válido,51
51000,1369,Suplente,THIAGO DE ARAUJO CHAMULERA,THIAGO CHIAMULERA,M,04/02/1983,Válido,51
51120,211,Suplente,JILDEMA PEREIRA DE SOUZA,JILDEMA DE SOUZA,M,16/03/1972,Válido,51
51952,175,Suplente,IRACY PAULA DE ALMEIDA,IRACY DE ALMEIDA,F,07/12/1954,Válido,51
51111,62,Suplente,DIANA CHINGAR ANDRADE LEMOS,DIANA LEMOS,F,13/07/1993,Válido,51
51733,200,Suplente,MARCELO RODRIGUES ROJO,MARCELO ROJO,M,06/12/1975,Válido,51
51510,139,Suplente,NELCY BARTHOLDY,MEL BARTHOLDY,F,26/01/1969,Válido,51
51445,121,Suplente,JOÃO DA SILVA CRUZ,JOÃO MARANHÃO,M,20/10/1959,Válido,51
51234,457,Suplente,LEVI SERGIO,SERJÃO FEITOSA,M,04/05/1965,Válido,51
51177,33,Suplente,BERENICE DAMACENO LIMA,BERENICE DAMACENO,F,30/03/1968,Válido,51
51331,250,Suplente,ROSA MARIA DOS SANTOS,ROSA MARIA,F,28/11/1958,Válido,51
51113,128,Suplente,JOSE APARECIDO DA SILVA,JOSE APARECIDO,M,25/06/1970,Válido,51
51377,79,Suplente,DEISE LAURINDO,DEISE LAURINDO,F,30/07/1966,Válido,51
51137,100,Suplente,MARILDA DE ALMEIDA LIMA CARDOZO,MARILDA DE ALMEIDA,F,03/07/1972,Válido,51
51555,3618,Eleito,SIDNEI JOSE TOALDO,SIDNEI TOALDO,M,18/05/1969,Válido,51
51970,2676,Suplente,AGENOR DA SILVA PEREIRA,CACÁ PEREIRA,M,21/11/1974,Válido,51
51222,2689,Suplente,ALEX DESONE DE LARA VAZ,ALEX RATO,M,29/04/1982,Válido,51
51155,135,Suplente,MARCIA REGINA ARAUJO CORREA,MARCIA REGINA,F,22/09/1968,Válido,51
51020,82,Suplente,PRISCILA SANTOS,PRISCILA SANTOS,F,11/02/1977,Válido,51
51010,137,Suplente,ELISIANA PAES LEITE,ELISIANA PAES,F,07/09/1975,Válido,51
51444,799,Suplente,ANTONIO CICERO DE ALMEIDA,ANTONIO ALMEIDA,M,10/05/1969,Válido,51
51001,274,Suplente,ANDERSON SIQUEIRA,ANDERSON SIQUEIRA PROF INDIO,M,20/11/1972,Válido,51
51190,1402,Suplente,JOÃO FLAUSINO DIAS,LINGUIÇA DO CIRCO,M,28/06/1952,Válido,51
51333,3585,Suplente,GEOVANE ALVES FERNANDES,GEOVANE FERNANDES,M,26/12/1963,Válido,51
51888,654,Suplente,TATIANE ANACLETO,TACTI HAIR,F,11/07/1979,Válido,51
51033,68,Suplente,JORGE DE MELLO MANCIO,JORGE MANCIO TEIXEIRINHA,M,31/01/1949,Válido,51
51003,195,Suplente,NELSON CASSEMIRO DE OLIVEIRA JUNIOR,NELSON CASSEMIRO,M,30/09/1970,Válido,51
51123,384,Suplente,THIAGO DOS SANTOS GOMES,THIAGO GOMES,M,03/04/1987,Válido,51
51051,132,Suplente,ANDERSON LUIZ RIBEIRO DA SILVA,ANDERSON SILVA,M,07/04/1983,Válido,51
51017,30,Suplente,JOSE MARTINS,JOSE MARTINS,M,10/04/1953,Válido,51
51007,96,Suplente,MIQUEIAS ENOC DA CUNHA,MIQUEIAS ENOC,M,01/04/1957,Válido,51
51777,77,Suplente,RUTE BRAVO DOS SANTOS DA SILVA,RUTE BRAVO,F,01/10/1973,Válido,51
51011,117,Suplente,ROGERIO DIAS,ROGERIO DIAS,M,08/03/1972,Válido,51
51044,47,Suplente,RENAN FELIPE RIZENTAL,RENAN FELIPE,M,06/02/1987,Válido,51
51999,608,Suplente,PAULO CESAR JULIAO MARTINS,PAULO CESAR,M,10/03/1973,Válido,51
13013,4538,Suplente,ANA JULIA PIRES RIBEIRO,ANA JULIA,F,30/06/2000,Válido,13
13123,5097,Eleito,RENATO DE ALMEIDA FREITAS JUNIOR,RENATO FREITAS,M,12/12/1983,Válido,13
13134,551,Suplente,JORGE YARED FILHO,JORNALISTA JORGE YARED,M,07/02/1954,Válido,13
13000,967,Suplente,ANATERRA VIANA,ANATERRA,F,10/09/1981,Válido,13
13113,196,Suplente,IVAN CARLOS PINHEIRO,IVAN CARLOS PINHEIRO,M,16/06/1977,Válido,13
13117,8,Suplente,LUIZ CELSO GALINO CASSI,PROFESSOR GALINO,M,28/06/1960,Válido,13
13613,5856,Eleito,JOSETE DUBIASKI DA SILVA,PROFESSORA JOSETE,F,18/01/1964,Válido,13
13040,280,Suplente,MOISES SILVA WACHANSKI,MOISES ASSISTENTE SOCIAL,M,26/10/1970,Válido,13
13133,8874,Eleito,ANA CAROLINA MOURA MELO DARTORA,CAROL DARTORA,F,01/05/1983,Válido,13
13611,2314,Suplente,SALETE BAGOLIN BEZ,SALETE BEZ,F,25/11/1972,Válido,13
13233,503,Suplente,REGINA PERPETUA CRUZ,REGINA CRUZ,F,14/06/1974,Válido,13
13111,1065,Suplente,PEDRO PAULO COSTA,PEDRO PAULO,M,04/07/1967,Válido,13
13713,552,Suplente,MARCIO RICARDO MARINHO,RICARDO MARINHO,M,22/06/1967,Válido,13
13131,2705,Suplente,ANTONIA VANDECIA DE ASSIS,VANDA DE ASSIS,F,19/12/1975,Válido,13
13007,139,Suplente,NELSON ANTONIO CHEMIN,CHEMIN,M,02/05/1960,Válido,13
13033,93,Suplente,REGIANE DO CARMO SANTOS,JANE DA VIGILIA LULA LIVRE,F,17/12/1964,Válido,13
13130,3582,Suplente,GIORGIA TAIS XAVIER PRATES,MANDATA COLETIVA DAS PRETAS,F,23/09/1978,Válido,13
13500,543,Suplente,OSVALDO ALVES DE ARAUJO,PROF OSVALDO ARAUJO,M,04/11/1966,Válido,13
13010,60,Suplente,ALOISIO XAVIER LOPES,ALOISIO XAVIER,M,06/09/1953,Válido,13
13026,105,Suplente,LUIZ FERNANDO DE JESUS DE SOUSA,LUIZ FERNANDO,M,26/05/1997,Válido,13
13222,4034,Suplente,ANGELO CARLOS VANHONI,ANGELO VANHONI,M,19/06/1955,Válido,13
13115,48,Suplente,RONALDO BATISTA BOIKO,RONALDO BOIKO,M,15/12/1974,Válido,13
13444,57,Suplente,JOSÉ SOUZA DOS SANTOS,JOSÉ DA OCUPAÇÃO,M,20/03/1983,Válido,13
13080,207,Suplente,MARCUS VINICIUS FRANCO DA CRUZ,MARCUS VINICIUS FRANCO,M,04/12/1967,Válido,13
13813,601,Suplente,FELIPE CHRISTOFORO MONGRUEL,MAGAL,M,15/09/1983,Válido,13
13367,573,Suplente,GILMAR QUINTILHANO,GILMAR QUINTILHANO,M,10/03/1976,Válido,13
13333,300,Suplente,GERSON LAERTE DA SILVA VIEIRA,GERSON VIEIRA,M,03/02/1964,Válido,13
77500,462,Suplente,ALESSANDRO BATISTA,BATISTÃO DO POSTO,M,25/07/1980,Válido,77
77047,48,Suplente,LAURO ADONIS DAMMSKI VIEIRA BORGES,LAURO ADONIS,M,26/12/1998,Válido,77
77770,1408,Suplente,KÁTIA DITTRICH,KÁTIA DOS ANIMAIS,F,03/05/1969,Válido,77
77700,107,Suplente,EDVILSON DIAS DO NASCIMENTO,DIAS DA SAÚDE,M,18/09/1967,Válido,77
77977,35,Suplente,RUY WANDERLEY DOS SANTOS,RUY SANTOS,M,25/12/1964,Válido,77
77017,20,Suplente,ROSILDA APARECIDA FREITAS TRANCOSO,ROSE TRANCOSO,F,26/10/1960,Válido,77
77007,555,Suplente,TEREZINHA BARBOSA PADILHA,CLÁUDIA PADILHA,F,22/10/1965,Válido,77
77037,208,Suplente,ANDRÉA CARVALHO VELOSO,ANDRÉA CARVALHO,F,31/12/1973,Válido,77
77128,217,Suplente,JÚLIO CÉSAR VILENA SIMÕES,JÚLIO GABBY VILENA,M,26/02/1970,Válido,77
77001,100,Suplente,EDSON SILVA DE ARAÚJO,EDSON FOTÓGRAFO,M,18/04/1950,Válido,77
77900,330,Suplente,JOÃO CARLOS DA ROSA,JOÃO CARLOS ROSA,M,15/06/1969,Válido,77
77456,471,Suplente,JOSÉ VILMAR FERRAZ DO NASCIMENTO,ZÉ NASCIMENTO,M,05/03/1963,Válido,77
77199,448,Suplente,ORLEI DOS SANTOS,ORLEI DO POVO,M,11/01/1970,Válido,77
77077,2608,Suplente,MARIA DE LOUREDES SOARES PACONDES,LOUREDES DO SIEMACO,F,21/07/1965,Válido,77
77192,439,Suplente,EDELI DOS SANTOS PEPE,DRA EDELI PEPE,F,19/01/1969,Válido,77
77123,4385,Eleito,ALEXANDRE LEPREVOST,ALEXANDRE LEPREVOST,M,08/11/1983,Válido,77
77717,613,Suplente,ROGÉRIO RAMOS,ROGERIO SHINOBI,M,23/07/1988,Válido,77
77979,188,Suplente,JOÃO PEREIRA,JOÃO DA LAJE,M,13/11/1942,Válido,77
77010,217,Suplente,ELOÍZIO ZANARDI,ZANARDI,M,02/08/1962,Válido,77
77176,464,Suplente,LUIZ ANTONIO PRESTES DIAS,KID,M,13/06/1976,Válido,77
77339,179,Suplente,MARIA DO ROCIO ANTÔNIACOME,DONA MARIA DO ROCIO,F,12/01/1958,Válido,77
77444,1287,Suplente,WALTER GODINHO DA ROCHA,WALTER PRETO,M,24/01/1962,Válido,77
77777,2704,Eleito,LEÔNIDAS NERY DIAS,LEONIDAS DIAS,M,24/01/1986,Válido,77
77020,243,Suplente,MÁRCIA REGINA DA SILVA,PROFESSORA MÁRCIA,F,06/02/1970,Válido,77
77100,1516,Suplente,DIRCEU MOREIRA CARRIEL,DIRCEU MOREIRA,M,13/07/1969,Válido,77
77200,852,Suplente,LEO HOLZMANN DE ALMEIDA,LÉO ALMEIDA,M,09/03/1978,Válido,77
77600,79,Suplente,ABEL ALVES DE BRITO,ABEL O RONALDINHO,M,17/04/1979,Válido,77
77201,173,Suplente,ANDRÉ LUIZ SOCIO,ANDRÉ LUIZ MOTOBOY,M,24/02/1982,Válido,77
77333,2098,Suplente,JOSÉ CARLOS GOMES PEREIRA FILHO,JOSÉ CARLOS,M,14/08/1962,Válido,77
77727,270,Suplente,ANTONIO CARLOS VIANA DE OLIVEIRA,TONINHOVIANA DO ALTO BOQUEIRÃO,M,19/07/1969,Válido,77
77170,39,Suplente,ARIVALDO WIERZYNSKI DE OLIVEIRA,ARIVALDO OLIVEIRA,M,31/07/1965,Válido,77
77156,1293,Suplente,ALVIMAR PEREIRA FERNANDES,SARGENTO PEREIRA,M,21/12/1967,Válido,77
77177,181,Suplente,ÉDISON ALMIR MAGALHÃES PINTO,DR ÉDISON MAGALHÃES,M,18/12/1969,Válido,77
77280,199,Suplente,SELVINO VAZ DE QUADROS,SILVINO QUADROS,M,07/12/1965,Válido,77
77190,2499,Suplente,VALDIR ALVES FARIAS,VALDIR FARIAS,M,03/08/1961,Válido,77
77566,47,Suplente,ZÉLIA SIQUEIRA SZCZOTKA,ZÉLIA DA COSTURA,F,30/04/1956,Válido,77
77775,115,Suplente,LETÍCIA DE FÁTIMA CARVALHO DUBIELA,LETÍCIA,F,26/10/1982,Válido,77
77888,766,Suplente,KATYA MICHELLY CAETANO DA SILVA,KATYA CUSTÓDIO,F,20/10/1978,Válido,77
77277,228,Suplente,GILSEMARA APARECIDA PRIANDI,GIL PRIANDI,F,27/10/1977,Válido,77
77877,271,Suplente,RICARDO STADNIK JUNIOR,RICARDO SIM PODEMOS,M,16/06/1975,Válido,77
77127,93,Suplente,MARIA JOCELENE MOTA DE LIZ,JOCELENE MOTA,F,27/04/1973,Válido,77
77000,116,Suplente,JÚLIO CÉZAR HAUS,JÚLIO HAUS,M,01/07/1973,Válido,77
77729,291,Suplente,MÁRCIA MARIA DE SOUZA,MÁRCIA DO AVIÁRIO,F,22/05/1972,Válido,77
77038,566,Suplente,MARCO ANTONIO FREIRE FIGUEIREDO,MARCO FIGUEIREDO,M,17/04/1975,Válido,77
77999,1072,Suplente,ROBERTO JOSÉ RODRIGUES KUSS,ROBERTO KUSS,M,05/07/1978,Válido,77
77258,44,Suplente,JOÃO NICO CAETANO DE SOUZA,JOÃO NICO CABELO,M,18/04/1962,Válido,77
10493,118,Suplente,ROSEMARI INDARTE GONÇALVES,ROSE DO SALÃO,F,27/04/1960,Válido,10
10987,170,Suplente,GABRIEL STAVIS,GABRIEL STAVIS,M,27/05/2002,Válido,10
10000,336,Suplente,AMANDA VICTORIA DE LIMA LESKA,AMANDA LESKA,F,05/11/1996,Válido,10
10318,29,Suplente,EMÍLIA DE QUADROS,EMÍLIA DE QUADROS,F,10/04/1959,Válido,10
10124,684,Suplente,ADEMILSON BECKER,ADEMILSON DO TAXI,M,04/03/1967,Válido,10
10313,401,Suplente,DANIELLE FORBECI SUZUKI,DANIELLE SUZUKI,F,30/06/1970,Válido,10
10101,818,Suplente,AURELIO DIMAS FALKOWSKI DE AGUIAR,AURÉLIO AGUIAR,M,28/10/1978,Válido,10
10180,286,Suplente,MARCO ANTONIO KUROVSKI FILHO,MARCO ANTONIO DA RADIO,M,10/03/1982,Válido,10
10295,454,Suplente,ANDERSON GRIMMINGER RAMOS,DR ANDERSON RAMOS,M,29/05/1977,Válido,10
10150,185,Suplente,ONIRA CARNEIRO PIRES,ONIRA CARNEIRO,F,23/01/1969,Válido,10
10145,530,Suplente,CLAUDIONOR ALVES DE OLIVEIRA,CLAUDIONOR ALVES,M,10/07/1964,Válido,10
10030,47,Suplente,AURORA ALEXANDRE LIU,AURORA LIU,F,05/08/1961,Válido,10
10977,1028,Suplente,JOAO GUILHERME ALVES OLIVEIRA,MESTRE JOÃO GUILHERME,M,25/06/1961,Válido,10
10001,70,Suplente,DIOGO SILVÉRIO DOS SANTOS,DIOGO SILVÉRIO,M,15/08/2000,Válido,10
10555,259,Suplente,PEDRO IVAN FERREIRA,PEDRINHO DO SANTA QUITÉRIA,M,21/12/1952,Válido,10
10120,93,Suplente,JUCELEINE CASTRO LOPES KOCHANOWSKI,DRA BULLYING,F,17/01/1975,Válido,10
10340,313,Suplente,FAUSTO LEANDRO DOMINGOS LEAL,MESTRE FAUSTO BLACK,M,30/10/1972,Válido,10
10192,198,Suplente,ROBERTO ALEXANDRINO DA SILVA,ROBERTO CEARÁ,M,09/08/1967,Válido,10
10111,59,Suplente,CRISTIAN RODRIGO DA SILVA DIAS,CRISTIAN GUSMÃO,M,15/10/1985,Válido,10
10321,38,Suplente,EDUARDO FERNANDO MACEDO NOGUEIRA,EDUARDO MACEDO,M,10/09/1984,Válido,10
10010,4092,Suplente,WOLMIR CARDOSO DE AGUIAR,DR WOLMIR AGUIAR,M,04/01/1973,Válido,10
10888,250,Suplente,PAULO ROBERTO CASTELLANO,CASTELLANO,M,18/06/1960,Válido,10
10220,25,Suplente,SUELI PEREIRA SANTANA,SUELI DA ACADEMIA,F,20/10/1962,Válido,10
10051,18,Suplente,SILENE MARIA BURDA,SILENE DO MERCADO,F,01/09/1970,Válido,10
10700,137,Suplente,ROSELI HALEGINSKI DE OLIVEIRA,ROSE OLIVEIRA,F,04/11/1963,Válido,10
10171,13,Suplente,UILSON SANTOS DIAS,UILSON DIAS,M,13/05/1989,Válido,10
10100,834,Suplente,ANDERSON FERREIRA MARQUES,TENENTE PROFESSOR MARQUES,M,13/09/1970,Válido,10
10789,486,Suplente,LUIZ RIBEIRO,JORNALISTA LUIZ RIBEIRO,M,15/10/1965,Válido,10
10456,196,Suplente,JEFFERSON LOUIS DOMINGUES VIEIRA,JEFFERSON VIEIRA,M,24/10/1984,Válido,10
10930,251,Suplente,CARLOS ALBERTO DA SILVA MESSIAS,MINEIRO DA OFICINA,M,18/02/1955,Válido,10
10055,514,Suplente,MARCILENE SOARES DA SILVA PAES,DRA MARCILENE SOARES,F,13/02/1973,Válido,10
10110,223,Suplente,BRUNA FRANÇA DE MOURA PORTELA,BRUNA DA AUTO ESCOLA,F,12/11/1988,Válido,10
10222,59,Suplente,JEAN FERNANDO BECKERT LUCHO,JEAN LUCHO,M,18/09/1975,Válido,10
10777,1942,Suplente,SILVIO BUENO TEIXEIRA SOBRINHO,SILVIO TEIXEIRA,M,08/09/1955,Válido,10
10007,257,Suplente,PERCY CORDEIRO DOS SANTOS,PERCY DO UBERABA,M,19/07/1970,Válido,10
10543,473,Suplente,FABIO APARECIDO GUIMARAES,FABIO GUIMARÃES,M,02/04/1984,Válido,10
10420,229,Suplente,ACEL SCHELLIN,ACEL DA VIDRAÇARIA MERCÊS,M,01/10/1965,Válido,10
10077,344,Suplente,ELAINE ISABEL GUSSO PINTO,ELAINE GUSSO,F,23/02/1961,Válido,10
10345,479,Suplente,EDIVAN CARMO MOTA,EDIVAN MOTA,M,20/11/1968,Válido,10
10233,45,Suplente,TATIANE DOS SANTOS GALVÃO,PASTORA TATIANE GALVÃO,F,28/12/1980,Válido,10
10148,67,Suplente,ARAMIS MENDONÇA DE LIMA,ARAMIS LIMA,M,14/08/1968,Válido,10
10320,4483,Eleito,JOSE MARCIANO ALVES BEZERRA,PASTOR MARCIANO ALVES,M,29/04/1977,Válido,10
10590,381,Suplente,EDINEI CARLOS PEDROZO,EDINEI PEDROSO,M,02/08/1971,Válido,10
10123,7837,Eleito,OSIAS MORAES DE SOUZA,OSIAS MORAES,M,22/01/1975,Válido,10
10800,154,Suplente,MARCELO DE OLIVEIRA,MARCELINHO OLIVEIRA,M,06/09/1977,Válido,10
10333,194,Suplente,LEUSIO JOSE DA SILVA,LÉO SILVA,M,13/05/1961,Válido,10
10500,116,Suplente,MARIA ALICE DE MELLO CORDEIRO,MARIA ALICE CORDEIRO,F,11/12/1949,Válido,10
10278,32,Suplente,ARLENE KELLY DOS SANTOS ALVES SANTIAGO,ARLENE SANTIAGO,F,27/08/1983,Válido,10
10271,136,Suplente,SALVADOR DOS REIS,IRMÃO SALVADOR,M,27/10/1962,Válido,10
19888,789,Suplente,ISABELE APARECIDA DE FÉLIX PEREIRA,ISABELE FÉLIX,F,06/01/1966,Válido,19
19019,7005,Eleito,DENIAN COUTO COELHO,DENIAN COUTO,M,13/08/1974,Válido,19
19005,561,Suplente,HEICO SILVA,HEICO SILVA,M,24/03/1965,Válido,19
19720,124,Suplente,JOABE FABRICIO,JOABE FABRICIO,M,29/10/1975,Válido,19
19789,273,Suplente,GIOCONDO CEZAR CABRAL,PROFESSOR GIOCONDO,M,08/02/1960,Válido,19
19190,313,Suplente,ANDRESSA PAULA CWIKLA,ANDRESSA DO TRABALHADOR,F,11/07/1980,Válido,19
19900,415,Suplente,PAULO JOSÉ DA COSTA,PAULO DA FIGARO,M,08/05/1950,Válido,19
19074,655,Suplente,ROSANE PABST CALDEIRA SMUCZEK,ROSANE CALDEIRA,F,01/03/1974,Válido,19
19191,205,Suplente,PAULO IVO RODRIGUES NETO,PAULO IVO RODRIGUES NETO,M,04/09/1975,Válido,19
19000,3892,Eleito,CARLOS MAURO BOBATO,MAURO BOBATO,M,03/05/1971,Válido,19
19450,362,Suplente,JOSE AFONSO HARTESKOFF,AFONSO HARTESKOFF,M,15/05/1969,Válido,19
19988,325,Suplente,MIRCO PACCAGNELLA,MIRCO,M,27/06/1962,Válido,19
19990,393,Suplente,BLENIO CEZAR SEVERO PEIXE,PROF BLÊNIO PEIXE,M,11/02/1954,Válido,19
19100,150,Suplente,LUZIA APARECIDA FAVETTA,DRA. LUZIA FAVETTA,F,28/07/1969,Válido,19
19500,2311,Suplente,MÔNICA BRAGA CÔRTES BANDEIRA GUIMARAES WERZBITZKI,MÔNICA BRAGA CÔRTES,F,23/04/1983,Válido,19
19619,120,Suplente,LUCINEIA OLIMPIO DE FARIA NASCIMENTO,LUCINEIA NASCIMENTO,F,02/02/1981,Válido,19
19099,699,Suplente,CRISTIANO DO NASCIMENTO GALEGO,CRISTIANO GALEGO,M,20/01/1991,Válido,19
19991,36,Suplente,CASSIA DANIELA LEITE,CASSIA ABREU,F,15/11/1974,Válido,19
19222,161,Suplente,CLICIANE LINDNER ZAGUINI,CLICIANE LINDNER ZAGUINI,F,09/03/1983,Válido,19
19153,431,Suplente,ALMIR JOSÉ HEUSY FILHO,ALMIR HEUSY,M,23/02/1976,Válido,19
19777,1419,Suplente,MARCIA APARECIDA DOS SANTOS,MARCIA SANTOS,F,29/09/1974,Válido,19
19033,178,Suplente,CLAUDENIR DOS SANTOS CORRENTE,CLAU FARMACÊUTICA,F,27/05/1979,Válido,19
19181,167,Suplente,VYVIAN TANIA BARIÃO RODRIGUES RIBEIRO,SD VYVIAN TANIA,F,04/06/1976,Válido,19
19300,212,Suplente,JOSE DONIZETE CAMPOS,ZETE,M,01/12/1960,Válido,19
19111,869,Suplente,ELADIO PRADOS NETO,ELADIO PRADOS,M,16/01/1982,Válido,19
19050,225,Suplente,ELAINE TEREZINHA DE LAZZARI SAMPAIO,ELAINE DE LAZZARI,F,05/10/1956,Válido,19
19333,330,Suplente,ALBERTO SILVEIRA,ALBERTO SILVEIRA,M,21/05/1965,Válido,19
19123,342,Suplente,MIGUEL CARVALHO DE MELLO,MIGUEL CARVALHO,M,18/10/1961,Válido,19
19972,260,Suplente,ANSELMO FRANCISCO LASKAWSKI,CICA,M,03/07/1972,Válido,19
19832,71,Suplente,JOSE BUENO DE OLIVEIRA,ZÉ BUENO,M,15/04/1950,Válido,19
19555,196,Suplente,DAVI DA CUNHA BARBOZA,DAVI BARBOZA,M,16/12/1965,Válido,19
19910,653,Suplente,OZIAS PEREIRA DA SILVA,OZIAS SILVA,M,09/06/1977,Válido,19
19456,301,Suplente,IVONEI APARECIDO RIBAS,IVONEI RIBAS,M,27/06/1978,Válido,19
19032,168,Suplente,PAULA REGINA BARBOSA,PROFE PAULA BARBOSA,F,03/02/1985,Válido,19
19666,157,Suplente,WALDIR ALVES MUGUET,WALDIR MUGUET,M,25/07/1960,Válido,19
19077,342,Suplente,CRISTIAN DOMINGOS CROCETTI,CRIS CROCETTI,M,09/11/1976,Válido,19
19008,1060,Suplente,ERNANI KAVALKIEVICZ JUNIOR,KAJOTA,M,08/04/1973,Válido,19
19010,72,Suplente,DANIEL ABIDEMI ADEBAYO MAJARO,DANIEL ADEBAYO,M,21/01/1964,Válido,19
19444,284,Suplente,HERBERT WILSON LEITNER SILVA,HERBERT LEITNER,M,08/02/1963,Válido,19
19130,3011,Suplente,BRUNO EDUARDO FISCHER PESSUTI,BRUNO PESSUTI,M,02/08/1984,Válido,19
19200,215,Suplente,VALTEMIR DA SILVA,VALTER DO BANCO,M,06/01/1967,Válido,19
18002,53,Não eleito,OSMAR GALVÃO,OSMAR GALVÃO,M,30/05/1959,Válido,18
18999,14,Não eleito,LUIZ ROBERTO CORRÊA,ROBERTO CORRÊA,M,12/06/1966,Válido,18
18018,1389,Não eleito,ALESSANDRA GALLI APRÁ,PROFESSORA ALESSANDRA GALLI,F,17/08/1977,Válido,18
18123,177,Não eleito,IVANETE PAULINO XAVIER,IVANETE XAVIER,F,11/05/1968,Válido,18
18777,83,Não eleito,CAROLINE CHANTAL DE ALMEIDA MARINHO,CAROL MARINHO,F,29/02/1984,Válido,18
18122,23,Não eleito,VANESSA DOS SANTOS,VANESSA SANTOS,F,16/06/1981,Válido,18
18121,16,Não eleito,DAMARIS CRISTINA MARTINS,DAMARIS MARTINS,F,05/11/1983,Válido,18
18077,355,Não eleito,NICOLAS IARGAS,NICOLAS IARGAS,M,04/01/1993,Válido,18
18765,297,Não eleito,LILIAM TEREZINHA GUSSO,LILIAM GUSSO,F,06/07/1958,Válido,18
