numero,votos_nominais,situacao,nome,nome_urna,sexo,data_nasc,destino_voto,numero_partido
20500,102,Não eleito,AGOSTINHO DIAS DE MOURA NETO,AGUSTO DIAS,M,19/01/1993,Válido,20
20202,52,Não eleito,JEFERSON DE OLIVEIRA HONORIO,JEFERSON TETE O GARI,M,30/12/1978,Válido,20
20259,78,Não eleito,DAIANY GOMES MESQUITA DE MIRANDA,DAIANY MESQUITA,F,29/04/1997,Válido,20
20501,111,Não eleito,APARECIDA DA SILVA DIAS PEREIRA,TIA CIDA,F,16/02/1971,Válido,20
20000,156,Não eleito,ROBERTO CARLOS CALIARI,ROBERTO CALIARI,M,18/03/1973,Válido,20
20900,4,Não eleito,DIEGO DO NASCIMENTO DA SILVA,DIEGO SKAD,M,11/02/1984,Válido,20
20133,20,Não eleito,JOSE MARCOS SIQUEIRA TAMY,MARCOS DO CDE,M,27/02/1959,Válido,20
20333,21,Não eleito,ROMERITO DIAS,ROMERITO,M,09/07/1962,Válido,20
20222,252,Não eleito,JOAO PAULO GUIMARAES DELLACQUA,XURU,M,13/01/1966,Válido,20
20123,131,Não eleito,JOSE HENRIQUE OLIVEIRA,DELEGADO HENRIQUE,M,11/10/1956,Válido,20
20007,44,Não eleito,JOEL DA SILVA,PROFESSOR JOEL,M,03/10/1968,Válido,20
20200,71,Não eleito,MARIA APARECIDA PASSOS,CIDA PASSOS,F,09/12/1968,Válido,20
20456,130,Não eleito,ERICK VILAÇA GUIMARÂES,PROFESSOR ERICK,M,07/11/1974,Válido,20
50555,161,Não eleito,REGINALDO ANTONIO FERRON,PROFESSOR FERRON,M,04/10/1958,Válido,50
50120,5,Não eleito,RAUL GOMES FERREIRA LIMA,RAUL FERREIRA,M,12/08/1999,Válido,50
50050,43,Não eleito,MARIA DO CARMO OLIVEIRA COSSI,CARMINHA SABIÁ,F,06/05/1973,Válido,50
50500,125,Não eleito,ADRIANA MARIA GONÇALVES,ADRIANA GONÇALVES,F,10/12/1971,Válido,50
50123,70,Não eleito,MÁRCIO DOUGLAS ROCHA DE OLIVEIRA,MÁRCIO DOUGLAS,M,14/05/1982,Válido,50
50100,36,Não eleito,THAYARA SOBRINHO RAMOS,THAYARA RAMOS,F,08/02/1994,Válido,50
50420,77,Não eleito,JOSÉ GILBERTO FERNANDES DIAS,GILBERTO MÃO,M,30/05/1972,Válido,50
50150,87,Não eleito,RONDINELLI ELEOTERIO,RONDINELLI,M,29/05/1980,Válido,50
27123,42,Não eleito,ADELMO MARINHO DA SILVA,ADELMO MARINHO,M,14/03/1975,Válido,27
27257,51,Não eleito,EDIMAR GOMES DE FREITAS,EDIMAR PAPAGAIO,M,05/08/1982,Válido,27
27777,86,Não eleito,SELMO DIAS DE SOUZA,SELMO DIAS,M,22/04/1961,Válido,27
27963,61,Não eleito,NILSON RIBEIRO,NILSINHO REIS,M,29/08/1973,Válido,27
27222,35,Não eleito,CLAUDINEIA PAULA DOS SANTOS DA SILVA,CLAUDINEIA,F,14/02/1988,Válido,27
27968,22,Não eleito,LUCIANA RAMOS DOS REIS,LU GARI,F,12/09/1990,Válido,27
27200,5,Não eleito,HILDA CORDEIRO,HILDA CORDEIRO,F,11/12/1972,Válido,27
27120,83,Não eleito,JOÃO LUIZ DE CARVALHO,JOÃO LUIZ DE CARVALHO,M,16/05/1973,Válido,27
27000,205,Não eleito,ANDERSON CHRISTO JACOBSEN,ANDERSON JACOBSEN,M,06/12/1984,Válido,27
27666,87,Não eleito,FRANCISCO DOS REIS COUTO,FOTOGRAFO FRANCISCO REIS,M,27/11/1969,Válido,27
27333,71,Não eleito,ANTONIO JORGE VIEIRA,ANTONIO JORGE VIEIRA,M,18/08/1951,Válido,27
27007,97,Não eleito,RODRIGO JODEGISKI,RODRIGO JODEGISKI,M,13/11/1979,Válido,27
27111,23,Não eleito,GILSON DOMICIANO,PASTOR GILSON,M,05/11/1972,Válido,27
27555,225,Não eleito,LUIZ CARLOS NEGRE,LUIZ DO ÔNIBUS,M,04/07/1968,Válido,27
27888,37,Não eleito,KARINA DE AGUIAR,KARINA DE AGUIAR,F,10/07/1982,Válido,27
27500,44,Não eleito,GIOVANNI SIQUEIRA,GIOVANNI SIQUEIRA,M,08/12/1978,Válido,27
27300,3,Não eleito,CLARICE FRANKLIN DE SOUZA NUNES,CLARICE NUNES,F,10/08/1962,Válido,27
27999,181,Não eleito,JOVANE SIQUEIRA MERILHO,JOVANE SIQUEIRA,M,17/04/1981,Válido,27
27932,3,Não eleito,CLAUDIA OSCAR DE ASSIS,CLAUDIA OSCAR DE ASSIS,F,26/11/1978,Válido,27
27100,422,Não eleito,ANTONIO GOMES DA SILVA,ANTONIO SILVA,M,20/01/1976,Válido,27
70177,32,Suplente,JOSÉ DE SOUZA,CARLINHOS CONE'S HOUSE,M,25/08/1965,Válido,70
70000,224,Suplente,JOSÉ LUIZ DA SILVA,ZÉ DA KOMBI,M,16/12/1967,Válido,70
70001,41,Suplente,MARCELO DE SOUZA,PIT BORRACHEIRO,M,08/07/1975,Válido,70
70777,156,Suplente,SOLANGE KELLY ALVES,SOL,F,16/07/1979,Válido,70
70123,1299,Eleito,OLMIR FERNANDO DE ARAÚJO CASTIGLIONI,OLMIR CASTIGLIONI,M,19/08/1969,Válido,70
70111,39,Suplente,LENIR ELEOTÉRIO,LENA,F,27/05/1968,Válido,70
70007,12,Suplente,GILMAR CAETANO,TIGRE CAETANO,M,07/04/1970,Válido,70
70222,458,Suplente,MARLUCIA GONÇALVES,SUB TEN MARLUCIA,F,27/01/1969,Válido,70
70070,135,Suplente,RENATO MILLER,RENATO MILLER,M,27/07/1963,Válido,70
70090,68,Suplente,DOUGLAS QUEPPI,DOUGLAS CHIEPPE,M,11/02/1985,Válido,70
70899,71,Suplente,ADILSON MUZZI DE JESUS,ADILSON MUZZI,M,11/05/1968,Válido,70
70060,37,Suplente,DEGMAR DA SILVA ARAÚJO,DEGMAR (DEDE),F,31/01/1962,Válido,70
70026,26,Suplente,SIRLENE ANTÔNIA ALVES,SIRLENE ALVES,F,26/10/1973,Válido,70
70025,40,Suplente,FABÍOLA DAMIANI DE OLIVEIRA,BILA,F,25/03/1979,Válido,70
70789,65,Suplente,KELEN ALVES DE ALMEIDA XAVIER,KELLEM DA SAÚDE,F,16/01/1977,Válido,70
70558,23,Suplente,ADÃO BRANCO MOTA JÚNIOR,JUNINHO,M,02/03/1979,Válido,70
70024,36,Suplente,TIAGO ALVES HENRIQUE,ARRUDA,M,14/08/1986,Válido,70
70257,109,Suplente,ALEX PEREIRA COUTINHO,LEKIM MANENTI,M,25/09/1982,Válido,70
70456,53,Suplente,MARCIONE BARCELLOS,MARCIONE,M,13/12/1973,Válido,70
70999,15,Suplente,ADÉLIA LIMA DE AZEVEDO,ADÉLIA,F,09/02/1970,Válido,70
70021,20,Suplente,ADEMIR BARROS,ADEMIR FRANGÃO,M,26/09/1962,Válido,70
70767,76,Suplente,GESY WILLIAN DE FREITAS,PROFESSOR GESY,M,24/11/1966,Válido,70
23456,921,Eleito,MARLUCIO PEDRO DO NASCIMENTO,MARLUCIO ,M,15/08/1958,Válido,23
23454,38,Suplente,JOSE SILVA,ZEZINHO,M,18/01/1957,Válido,23
23600,194,Não eleito,LUIZ ANTONIO DA ROCHA,DA LUA,M,01/10/1976,Anulado,23
23113,10,Suplente,JUCARA DE PAULA SANTOS DE OLIVEIRA,JUCARA,F,11/07/1984,Válido,23
23555,696,Suplente,ADEUIR FRANCISCO ROSA,ADEUIR,M,17/03/1961,Válido,23
23230,221,Suplente,KELLI CHRISTINA LOUZADA,PROFESSORA KELLI,F,18/06/1972,Válido,23
23650,3,Suplente,DEBORA CANDIDO DA CUNHA,DEBORA,F,14/05/1994,Válido,23
23420,0,Suplente,JOSILENE DE JESUS BOAVENTURA,JOSI BOAVENTURA,F,03/01/1983,Válido,23
23259,76,Suplente,LIANDRO RIBEIRO GONÇALVES,BAIANINHO ELETRICISTA,M,18/09/1963,Válido,23
23100,47,Suplente,IVANI SILVA DA CUNHA,SILVA GÁS,M,28/11/1971,Válido,23
23123,688,Suplente,JOHN LENNON BATISTELA PEDRONI,JOHN LENNON PEDRONI,M,02/08/1992,Válido,23
23109,531,Suplente,WADY JOSE JARJURA,JARJURA,M,25/09/1960,Válido,23
25025,40,Suplente,JOÃO EDSON QUIRINO DUARTE,JOÃO QUIRINO,M,19/08/1967,Válido,25
25333,734,Eleito,ANGELO STELZER NETO,ANGELO STELZER,M,01/11/1993,Válido,25
25500,30,Suplente,LUCIA CARLA GOLDNER,CARLA GOLDNER,F,29/03/1967,Válido,25
25005,24,Suplente,RODOLFO HERZOG PATUZO FRANCO,RODOLFO FRANCO,M,11/10/1991,Válido,25
25321,8,Suplente,IZABEL FRANCISCA DE SOUZA,IZABEL SOUZA,F,01/10/1974,Válido,25
25007,96,Suplente,DIEGO SCHIMITBERGUE,DR DIEGO SCHIMITBERGUE,M,13/07/1987,Válido,25
25300,43,Suplente,YURI PEREIRA,YURI DA ÁGUA,M,01/04/1984,Válido,25
25773,70,Suplente,RAFAEL FABIANO MANCRELLI DE SOUZA,RAFAEL DO APLICATIVO,M,22/07/1989,Válido,25
25000,707,Suplente,PEDRO LÍRIO FAGUNDES,PEDRÃO FAGUNDES,M,03/08/1984,Válido,25
25380,32,Suplente,GELSON STERQUIM DOS SANTOS,GELSON GALO,M,15/02/1970,Válido,25
25789,52,Suplente,ROBERTO CARLOS VIEIRA,ROBERTO PEIXE,M,08/11/1966,Válido,25
25100,218,Suplente,ANTONIO CLOVIS FRANÇA DO NASCIMENTO,TONHO DA PORCA,M,05/12/1965,Válido,25
25222,72,Suplente,OTON LUIZ DE OLIVEIRA GOMES,OTON DA RETA,M,20/11/1963,Válido,25
25012,19,Suplente,APARECIDA IZABEL DA SILVA,CIDA FOTOS,F,23/09/1962,Válido,25
25689,36,Suplente,DENIS ANTONIO TAMANINI,DENNIS TAMANINI,M,08/02/1990,Válido,25
25777,15,Suplente,BERNARDETH BENEDITO,BETH BENEDITO,F,24/08/1958,Válido,25
25123,664,Suplente,VITOR SOARES LOUZADA,DR VITOR LOUZADA,M,09/01/1989,Válido,25
25700,47,Suplente,ROSANA VAZZOLER CONCEIÇÃO FERNANDES,ROSANA VAZZOLER GARI,F,28/04/1980,Válido,25
25555,100,Suplente,STEFANO FERRARI BRAVIN,STEFANO BRAVIN,M,18/03/1982,Válido,25
25615,17,Suplente,CRISTIANE DELAQUA,CRISTIANE DELAQUA,F,30/01/1985,Válido,25
15789,61,Suplente,JOVALDIR PUZIOL,ALEMÃO DO GÁS,M,30/04/1960,Válido,15
15115,122,Suplente,VANUSA BONO VIEIRA JORGE,VANUSA BONO,F,19/08/1982,Válido,15
15888,64,Suplente,DERÇO ESPOSARIO DE FREITAS,DERÇO VERDUREIRO,M,21/05/1959,Válido,15
15651,50,Suplente,MARCO AMARAL DOS SANTOS,MARCO COLORIDO,M,20/08/1967,Válido,15
15015,26,Suplente,MARGARIDA MARIA ALVES,MARGARIDA,F,11/07/1964,Válido,15
15555,53,Suplente,DAVI CORREIA,DAVI,M,17/06/1985,Válido,15
15050,7,Suplente,JOSIANE APARECIDA DOS SANTOS DE SOUZA,JOSIANE,F,20/11/1991,Válido,15
15680,30,Suplente,MAXIMINA MOREIRA,MINA MOREIRA,F,22/07/1985,Válido,15
15999,635,Suplente,LAURISTONE DA SILVA,DISTONE,M,10/09/1964,Válido,15
15222,165,Suplente,ELIAS DE JESUS,JESUS,M,18/05/1970,Válido,15
15777,604,Suplente,JOSE LUIZ MUNIZ ARAUJO,ZÉ ARAÚJO,M,15/10/1981,Válido,15
15000,43,Suplente,EVANDRO RUGGERI RESENDE LINHARES,EVANDRO RESENDE ,M,14/04/1990,Válido,15
15111,69,Suplente,TANIA MARIA,TANINHA,F,23/04/1961,Válido,15
15444,132,Suplente,HEVERSON MILLI,COMANDANTE HEVERSON,M,21/06/1971,Válido,15
15190,127,Suplente,VALMIR GONZAGA ROGERIO,SUBTENENTE VALMIR,M,21/09/1960,Válido,15
15080,17,Suplente,IOMAR BREGUNCE,IOMAR,M,26/07/1965,Válido,15
15345,68,Suplente,VOGMAR BARBOSA,VOGMAR,F,11/07/1965,Válido,15
15456,4,Suplente,KAROLEYNE DOS SANTOS SAMPAIO,KAROL,F,10/04/1994,Válido,15
15699,660,Eleito,DARIO RUDIO JUNIOR,DARIN RUDIO PAVAN,M,04/05/1968,Válido,15
11456,61,Suplente,SORAIA MANENTI SANTOS,SORAIA MANENTI,F,31/01/1991,Válido,11
11100,131,Suplente,AMARILDO ANTONIO DE FREITAS,AMARILDO BABA,M,22/07/1964,Válido,11
11236,31,Suplente,ALINE COSSVOSCKI DE ALMEIDA,ALINE COSSVOSCKI,F,02/03/1998,Válido,11
11234,222,Suplente,MARIA DAS DORES MARINO,MARIA MARINO,F,11/11/1956,Válido,11
11244,5,Suplente,MARCOS ALVES DE CASTRO JUNIOR,MARCOS BITTENCOURT,M,07/04/2001,Válido,11
11369,596,Suplente,ELIESIO BRAZ BOLZANI,ELIESIO BOLZANI,M,03/02/1968,Válido,11
11222,387,Suplente,NELSON JOSÉ DE PAULA,NELSINHO DO TELEFONE,M,12/06/1974,Válido,11
11500,308,Suplente,JUAREZ FADINI,JUAREZ FADINI,M,03/11/1954,Válido,11
11258,16,Suplente,LOURDES DE CASSIA SOARES,LOURDES DA ÓTICA,F,15/06/1960,Válido,11
11789,331,Suplente,FRANCISCO DOMINGOS VIEIRA,DR CHIQUINHO,M,04/08/1959,Válido,11
11018,11,Suplente,JAQUELINE FIRMINO,JAQUE FIRMINO,F,18/11/1991,Válido,11
11962,17,Suplente,JOSÉ CLAUDIO RODRIGUES CONCEIÇÃO,CLAUDIO BOROTTO,M,16/03/1962,Válido,11
11444,217,Suplente,MARCOS CARVALHO,MARQUINHOS DA COMUNIDADE,M,20/03/1958,Válido,11
11000,416,Suplente,WANDERSON FERREIRA DA SILVA,TOM,M,01/04/1979,Válido,11
11011,505,Suplente,FILIPE VIEIRA ROSA,FILIPE PEZAO,M,05/08/1988,Válido,11
11121,379,Suplente,ANTONIO CARLOS ORTULAN,CHICO ORTULAN,M,20/06/1964,Válido,11
11010,63,Suplente,JOÃO PEREIRA MELGAÇO,BJ RADIALISTA,M,09/05/1965,Válido,11
11069,21,Suplente,ALCIENE DE SOUZA,ALCIENE ZUEIRA,F,01/12/1970,Válido,11
11345,15,Suplente,ROSA MARTINS,NEGA ROSA,F,18/10/1968,Válido,11
11055,187,Suplente,LUCIANO COSTA COUTINHO,LUCIANO COUTINHO,M,10/02/1975,Válido,11
11111,793,Eleito,FELIPPE COUTINHO MARTINS,FELIPPE TEDINHA,M,24/03/1985,Válido,11
12600,111,Suplente,MARIA DA CONCEIÇÃO COSTA,CONCEIÇÃO COTINHA,F,01/06/1968,Válido,12
12222,357,Suplente,ANDRE FERRARI,ANDRE FERRARI,M,14/10/1998,Válido,12
12012,342,Suplente,EMANUELLE SPERANDIO SALVINO,MANU ENFERMEIRA,F,22/05/1993,Válido,12
12321,551,Eleito,KECIA NASCIMENTO BASSETTI GREGORIO,KECIA BASSETTI,F,23/04/1986,Válido,12
12182,14,Suplente,ROBERTO CARVALHO RIBEIRO,METAL,M,05/01/1982,Válido,12
12000,438,Suplente,JOSÉ ANTÔNIO BECALLI,BECALLI,M,26/06/1957,Válido,12
12123,423,Suplente,BRUNO GRAMELICH GARCIA,BRUNO GARCIA,M,13/05/1989,Válido,12
12345,48,Suplente,DAMIÃO CUNHA,DAMIÃO DO FOCO,M,22/08/1972,Válido,12
12900,129,Suplente,MARIA GONÇALVES DE ARAUJO,NETINHA BANCÁRIA,F,10/05/1959,Válido,12
12500,336,Suplente,ZAQUEU ALVES PEREIRA,IRMÃO ZAQUEU,M,13/01/1970,Válido,12
12111,17,Suplente,HELIVAN BORGES MANCINI,HELIVAN CAMELÔ,M,25/06/1971,Válido,12
12300,65,Suplente,WELLINGTON DE OLIVEIRA,WELLINGTON DE OLIVEIRA,M,12/07/1982,Válido,12
12444,38,Suplente,ALIANDRO DIAS DA SILVA,ZÉ DO FRISA,M,20/05/1981,Válido,12
12580,37,Suplente,LAFAIETE CUPERTINO ROSA,LAFAIETE GESSO,M,28/07/1976,Válido,12
12369,38,Suplente,JÉSSICA PEREIRA LINHALIS,JÉSSICA LINHALIS,F,18/03/1996,Válido,12
12333,345,Suplente,SÉRGIO ELIMAR ROSSI PERIN,SÉRGIO PERIN,M,04/01/1977,Válido,12
12777,213,Suplente,ROBERTO ALMEIDA,BETO ALMEIDA,M,02/02/1973,Válido,12
12589,30,Suplente,LUANA PAULA CORREA PEREIRA,LUANA PAULA,F,30/01/1985,Válido,12
12670,130,Suplente,DAIR NASCIMENTO,LIGEIRINHO CARTEIRO,M,16/03/1955,Válido,12
12800,84,Suplente,ROBERTO CARLOS DA SILVA,BETO DA FEIRINHA,M,16/03/1965,Válido,12
22567,33,Suplente,MARIO JOSE DA SILVA,MARIO DA SOMBRINHA,M,21/05/1968,Válido,22
22456,660,Suplente,JOAO BATISTA FEITOSA,SARGENTO FEITOSA RR,M,17/02/1961,Válido,22
22622,2,Suplente,PATRICIA APARECIDA PRETTI DOMINGOS,PATRICIA DOMINGOS,F,12/09/1984,Válido,22
22321,1190,Eleito,JOAO MARCOS CUNHA FILHO,JOÃO MARCOS,M,24/03/1992,Válido,22
22123,1127,Eleito,JOLIMAR BARBOSA DA SILVA,JOLIMAR BARBOSA,M,15/10/1977,Válido,22
22111,531,Suplente,CEZAR ROMEU BUENO,CEZAR BUENO,M,10/04/1965,Válido,22
22500,246,Suplente,LUCIANA BATISTA DOS SANTOS PASSOS,LUCIANA DO SALÃO,F,30/09/1970,Válido,22
22999,31,Suplente,KAMILA MARA LIMA RIBEIRO,KAMILA MARA,F,22/03/1989,Válido,22
22000,163,Suplente,WILLIAN SILVA GARCIA,WILLIAN GARCIA,M,26/11/1988,Válido,22
22345,988,Suplente,GEZIANO LUCIO SOUZA FERREIRA,FERREIRINHA,M,14/08/1976,Válido,22
22222,358,Suplente,LEANDRO FREGONA PRATA,LEANDRO PRATA,M,02/12/1992,Válido,22
22555,7,Suplente,ROSANGELA NADIR DE SOUZA,ROSANGELA,F,05/06/1974,Válido,22
22888,81,Suplente,MARCIO SANTOS LYRIO,MARCIO LYRIO,M,17/07/1978,Válido,22
22600,183,Suplente,CLEUBER LUIZ FERREIRA,KEKE,M,03/03/1976,Válido,22
22800,45,Suplente,ANGELA MARIA ROCHA,ANGELA MARIA,F,09/04/1968,Válido,22
22200,22,Suplente,EUCI FERREIRA,EUCI PERIA,M,06/12/1975,Válido,22
22444,246,Suplente,MARLON STREY DOS SANTOS,MARLON STREY,M,08/03/1981,Válido,22
22777,28,Suplente,DENIZE DE SOUZA,DENIZE DE SOUZA,F,07/04/1985,Válido,22
22344,127,Suplente,ERMINIO AMARILDO BROCCO GOMES,TICO LAVA CAR,M,06/06/1966,Válido,22
22100,88,Suplente,BERNARDETE APARECIDA MIRANDA AVANCINI,DETE MIRANDA,F,08/11/1973,Válido,22
22234,305,Suplente,GERALDO EZEQUIEL CANAL,SARGENTO CANAL RR,M,26/03/1962,Válido,22
22900,18,Suplente,GABRIEL CORREA ROGERIO,GABRIEL MARÇAL,M,08/09/1994,Válido,22
22333,305,Suplente,JOSE CLERES DE JESUS PELIÇÃO,CLERINHO DO ZAP,M,05/01/1981,Válido,22
33133,45,Não eleito,JOHN LENNON BERNARDONE DA SILVA,JOHN LENNON BERNARDONE,M,17/12/1990,Válido,33
33346,46,Não eleito,REGIANE DE SOUZA MARTINS,REGIANE MARTINS,F,08/09/1981,Válido,33
33321,36,Não eleito,PAULO ROBERTO NASCIMENTO,BETO DO APLICATIVO,M,23/05/1966,Válido,33
33777,103,Não eleito,VALTER MILANEZI,VALTINHO MILANEZI,M,25/09/1967,Válido,33
33010,163,Não eleito,ANA SENAIR VIGANÔ RODRIGUES,SENAIR,F,10/07/1958,Válido,33
33011,7,Não eleito,ERNANI DAMASCENO RODRIGUES,ERNANI DAMASCENO,M,01/11/1968,Válido,33
33500,43,Não eleito,ROMÁRIO FERREIRA SILVA,ROMARIO,M,07/06/1990,Válido,33
33153,27,Não eleito,HILTON DE JESUS FRANCO,HILTONOVO TEMPO,M,09/07/1969,Válido,33
33333,75,Não eleito,APARECIDA DE FATIMA SANTOS VICENTE,CIDA VICENTE,F,03/10/1975,Válido,33
33000,20,Não eleito,VANDER LÚCIO VICENTE,VANDER LÚCIO (LOLÔ),M,12/09/1969,Válido,33
33456,72,Não eleito,RONILDA BARBOSA ROCHA CASSARO,RONILDA CASSARO,F,20/01/1968,Válido,33
33007,88,Não eleito,SERGIO ANTONIO BRAUN,BRAUN,M,21/08/1971,Válido,33
33123,48,Não eleito,JOSÉ CARLOS DA SILVA,DA SILVA,M,08/08/1953,Válido,33
33400,34,Não eleito,MARCO AURÉLIO CAIADO FRAGA,MARCO FRAGA,M,05/04/1963,Válido,33
33004,0,Não eleito,ROSÂNGELA PIZZIN,ROSÂNGELA PIZZN,F,24/02/1961,Válido,33
33888,11,Não eleito,ÉSIO TEIXEIRA FERNANDES,ESIO FERNANDES,M,22/08/1952,Válido,33
40010,972,Eleito,ADINILCIO PINTOS DA SILVA,COELHO,M,15/10/1972,Válido,40
40333,486,Suplente,CARLOS EDUARDO MESSA BARBOSA,DUDU,M,26/11/1982,Válido,40
40555,210,Suplente,ELSIO GON,MOREIA,M,08/03/1964,Válido,40
40001,78,Suplente,JOSE ANTONIO TONINI,TONINI,M,13/06/1964,Válido,40
40666,118,Suplente,ROBERTA DE SOUZA VITORINO SIQUEIRA,DRA ROBERTA,F,29/12/1992,Válido,40
40100,98,Suplente,GILMAR MACHADO DA SILVA,GIL,M,20/01/1972,Válido,40
40315,33,Suplente,ANA CARLA CARVALHO RIBEIRO BERTI,ANA CARLA,F,31/05/1983,Válido,40
40477,42,Suplente,JOSE ANTONIO CANDIDO DA SILVA,IZIDORO,M,05/01/1960,Válido,40
40000,14,Suplente,SONIA REGINA MONTEIRO,SONIA FURACÃO,F,29/01/1967,Válido,40
40120,321,Suplente,JOÃO BATISTA AZEVEDO DA SILVA,JOÃO BATISTA,M,01/06/1962,Válido,40
40004,63,Suplente,ROSIMERY APARECIDA DA SILVA LOURENÇO,MERY LOURENÇO,F,31/01/1968,Válido,40
40789,568,Suplente,AUDREYA MOTA FRANÇA BRAVO,DRA AUDREYA,F,28/06/1973,Válido,40
40233,58,Suplente,ANGELO ANDRE DE OLIVEIRA SOUZA,ANDRE PINTOR,M,31/05/1980,Válido,40
40444,212,Suplente,ADENIL MIGUEL RAMOS,DENIL,M,01/07/1969,Válido,40
40111,116,Suplente,RIDSON RODRIGUES,RIDSON,M,08/08/1983,Válido,40
40400,279,Suplente,FRANCISCO HERMES LOPES,CHICO LOPES,M,29/03/1953,Válido,40
40456,118,Suplente,ELIZEO BARBOSA VIEIRA,BORRACHINHA,M,17/06/1957,Válido,40
40222,356,Suplente,MARIA JOELMA HENRIQUE DOS SANTOS,JOELMA,F,20/07/1969,Válido,40
40240,801,Suplente,CHARLES HENRIQUE LUPPI,CHARLES LUPPI,M,19/11/1969,Válido,40
40123,1147,Eleito,CLAUDINEI COSTA SANTOS,CLAUDINEI COSTA,M,28/12/1980,Válido,40
14778,154,Não eleito,ORLANDO PETERS,TICA MOTORISTA DO ONIBUS,M,13/02/1957,Válido,14
14801,11,Não eleito,GUILHERME LEITE DOS SANTOS,GUILHERME TROCA TROCA,M,31/10/1959,Válido,14
14570,4,Não eleito,LUCIMARA RODRIGUES DOS SANTOS DE JESUS,MARA,F,02/09/1990,Válido,14
14978,12,Não eleito,MARCUS ANTONIO ARAUJO,MARCUS ANTONIO ARAUJO,M,05/05/1976,Válido,14
14777,131,Não eleito,VENILTON CAVALCANTE DE ALBUQUERQUE,VENILTON ALBUQUERQUE,M,02/04/1967,Válido,14
14047,20,Não eleito,AILTON BREDA,BREDINHA,M,04/03/1965,Válido,14
14933,33,Não eleito,MARIANA CRISTINA DA SILVA NEVES,MARIANA,F,05/10/1984,Válido,14
14520,48,Não eleito,ERNANDES BOONE BRAZIL,ERNANDES BOONE BRAZIL,M,12/10/1960,Válido,14
14514,55,Não eleito,ZENAIDE RAMOS DA SILVA CASSIM,MISSIONARIA ZENAIDE,F,24/02/1963,Válido,14
14687,138,Não eleito,GEANDERSON COUTINHO,SANDRO VARIEDADE,M,25/04/1975,Válido,14
14877,36,Não eleito,EMERSON GALIMBERTI,GALIMBERTI,M,29/04/1973,Válido,14
14666,7,Não eleito,SAMUEL ANTUNES DOS SANTOS,SAMUEL ANTUNES DOS SANTOS,M,03/04/1993,Válido,14
14974,21,Não eleito,ESTELINA PINTO MANENTI,ESTELINA MANENTE,F,16/09/1971,Válido,14
14567,38,Não eleito,ADEMILSON SCHNEIDER,ADEMILSON SCHNEIDER,M,20/07/1968,Válido,14
14123,32,Não eleito,JOSE MARIA NATALLI,JOSE MARIA,M,28/09/1951,Válido,14
14796,26,Não eleito,MARIA APARECIDA SOARES DA SILVA MONTEIRO,CIDA DA CHACARA,F,11/10/1973,Válido,14
45333,22,Não eleito,ELZA DO CARMO,NEGA ELZA,F,19/10/1953,Válido,45
45222,91,Não eleito,ALINE DA SILVA BARRETO,ALINE BARRETO,F,21/04/1980,Válido,45
45017,33,Não eleito,JULIO CESAR DE OLIVEIRA LAPORTI,GOIA JULIO LAPORTE,M,17/02/1979,Válido,45
45678,87,Não eleito,MARCEL ANDERSON BATISTA,CECEL BATSITA,M,24/05/1974,Válido,45
45101,4,Não eleito,DISMO CUPULILLE JUNIOR,DISMO RENOVA JÁ,M,08/12/1962,Válido,45
45455,46,Não eleito,EDUARDO LUCIO DE CARVALHO CUNHA,EDUARDO CARVALHO,M,26/08/1966,Válido,45
45045,65,Não eleito,NEDINA GOMES DA SILVA,NEDINA DA ENFERMAGEM,F,17/09/1968,Válido,45
10800,12,Suplente,ALEXSANDRA LIBANEZ DE ALVARENGA,ALEXSANDRA DA PADARIA MANÁ,F,09/05/1975,Válido,10
10555,99,Suplente,VALDEMIR JOAO NASCIMENTO,TATÃO,M,01/05/1958,Válido,10
10123,317,Suplente,EDSON CIRILO,EDSON CIRILO,M,07/09/1965,Válido,10
10100,543,Suplente,AUGUSTO LIEVORE FILHO,AUGUSTO LIEVORE,M,21/05/1968,Válido,10
10222,220,Suplente,MARIA JOSE NEVES,ZEZÉ BUFFET,F,19/03/1964,Válido,10
10666,17,Suplente,MARILZA GOMES CORREIA,MARILZA GARI,F,01/10/1968,Válido,10
10111,723,Eleito,MIGUEL ANGELO GUINZANI CHIEPPE,MIGUEL CHIEPPE,M,19/10/1971,Válido,10
10456,154,Suplente,LUCIVALDO NUNES SOARES,VAL CALADO,M,03/09/1970,Válido,10
10333,129,Suplente,AMARINO RODRIGUES DA SILVA,MARINO,M,30/07/1964,Válido,10
10010,124,Suplente,VALDIR JOSÉ DIAS,CAPITÃO VALDIR,M,24/09/1941,Válido,10
10789,300,Suplente,GUSTAVO PAGANINI FORTI,GUSTAVO PAGANINI,M,05/12/1994,Válido,10
10000,283,Suplente,MARCELO BENEDITO,MARCELO CATRACA,M,15/06/1975,Válido,10
19333,128,Não eleito,LACIONE GERALDO GOTTARDE,LACIONE GOTTARDE,M,31/10/1971,Válido,19
19001,84,Não eleito,MARILDA SEGLIA BRUNETTI,MARILDA BRUNETTI,F,22/09/1959,Válido,19
19555,188,Não eleito,DIEGO LUIZ FERREIRA,PROFESSOR DIEGO FERREIRA,M,15/10/1986,Válido,19
19547,32,Não eleito,MARIA APARECIDA HONORATO DE JESUS,CIDA TATU,F,21/12/1969,Válido,19
19589,36,Não eleito,MARILZA APARECIDA VIEIRA LIMA,MARI LIMA,F,11/08/1983,Válido,19
19999,33,Não eleito,ROBSON PEREIRA,BO DO LANCHE,M,27/12/1978,Válido,19
19440,20,Não eleito,WALTER VIEIRA,WALTER VIEIRA,M,04/11/1966,Válido,19
19000,69,Não eleito,RICARDO TINELLI,RICARDO SCHNEIDER TINELLI,M,23/05/1982,Válido,19
19456,678,Não eleito,JUAREZ VIEIRA DE PAULA,JUAREZ DO HOTEL,M,13/04/1971,Válido,19
19234,62,Não eleito,ANTONIO PEREIRA,PEREIRA VIGILANTE,M,07/01/1958,Válido,19
19770,400,Não eleito,SERGIO DA MOTTA,SERGIO MOTTA,M,04/07/1977,Válido,19
19500,20,Não eleito,ELIZEU VIANA DE ARAUJO,NEGO DRAMA,M,25/05/1987,Válido,19
19888,361,Não eleito,GENILSON JOSE LUIS,CHUCHU,M,18/06/1977,Válido,19
19678,20,Não eleito,MARIA JOSE SOARES DA SILVA,MAARIA,F,27/08/1999,Válido,19
19584,52,Não eleito,ROSANGELA MARQUES FERREIRA,ROSA DA ORAÇÃO,F,04/10/1958,Válido,19
19032,59,Não eleito,IRACEMA CAPAZ NUNES,IRACEMA CAPAZ,F,23/12/1965,Válido,19
19019,106,Não eleito,GILCIMAR MENAS,GILCIMAR MENOS,M,07/10/1980,Válido,19
19222,44,Não eleito,FLORENÇO HENRIQUE MANTHAY,MANTHAY,M,04/07/1955,Válido,19
19777,132,Não eleito,REGINALDO MACHADO,REGI MACHADO,M,25/09/1977,Válido,19
19789,64,Não eleito,ERIVALDO LEITE OLIVEIRA,VENTO LEVOU,M,18/11/1962,Válido,19
19354,16,Não eleito,SANDRA FERREIRA DE ABREU,SANDRA,F,23/11/1988,Válido,19
19111,44,Não eleito,EDER RECOLIANO,EDINHO,M,20/10/1986,Válido,19
19123,248,Não eleito,KLEBER COELHO LOPES,PASTOR KLEBER,M,24/03/1963,Válido,19
13130,452,Não eleito,JOSE IZIDORO RODRIGUES,ZÉ IZIDORO,M,25/05/1971,Válido,13
13138,271,Não eleito,NILSON SANTOS BARBIERI,NILSON BARBIERI,M,07/05/1961,Válido,13
13001,97,Não eleito,LITUNOY GOMES DE ARAUJO,ARAUJO PESCADOR,M,14/11/1971,Válido,13
13777,113,Não eleito,GILBERTA CRISTINA DE MARCHI,GILBERTA CRISTINA,F,11/02/1978,Válido,13
13456,68,Não eleito,MARTA ADELAIDE BINDA FINCO,MARTA BINDA,F,21/03/1973,Válido,13
13111,19,Não eleito,MARIA APARECIDA NEVES VARGAS,CIDA,F,10/11/1972,Válido,13
13000,92,Não eleito,MARCOS SAVIO OLIVEIRA,MARCOS SAVIO,M,05/10/1958,Válido,13
13333,70,Não eleito,KASSIO BOLZANI VIEIRA,KASSIO BOLZANI VIEIRA,M,27/07/1977,Válido,13
13355,14,Não eleito,VANIA TERESA LANSCHI FERREIRA,VANIA LANSCHI,F,14/07/1962,Válido,13
13013,215,Não eleito,TEANY MOREIRA,TEANY DO SINTVEST,F,21/05/1976,Válido,13
13123,109,Não eleito,JALDO FERREIRA GOMES,JALDO GOMES DO SINDICATO,M,24/02/1979,Válido,13
51555,1356,Eleito,WAGNER NEUMEG,WAGUINHO,M,02/02/1982,Válido,51
51155,0,Suplente,MARIA DAS GRAÇAS FLORES,MARIA FLORES,F,23/11/1960,Válido,51
51123,309,Suplente,MARCOS DIAS NUNES,NICO DIAS,M,10/03/1985,Válido,51
51234,52,Suplente,MAXSUEL CEZARIO DE SOUZA,PASTOR MAXSUEL CEZARIO,M,08/07/1991,Válido,51
51551,23,Suplente,LUZINETE GOMES FERREIRA,LUZINETE FERREIRA,F,22/06/1971,Válido,51
51900,291,Suplente,ROMILSON CALIARI,ROMILSON CALIARI,M,16/11/1967,Válido,51
51190,47,Suplente,ISLAINE FERREIRA CEZAR,ISLAINE CEZAR,F,16/05/1989,Válido,51
51000,493,Suplente,CLEICK DE OLIVEIRA MARTINS,CLEICK TAXISTA,M,28/01/1978,Válido,51
51079,47,Suplente,SUELI DE SOUSA LIMA,SUELI LIMA,F,07/09/1981,Válido,51
51213,23,Suplente,IRACEMA RAMOS BERNARDO,IRACEMA RAMOS,F,16/05/1958,Válido,51
51001,933,Eleito,MARCELO CARVALHO PRETTI,MARCELO PRETTI,M,09/06/1972,Válido,51
51010,242,Suplente,LOURIVAL JACOBOSKY MACHADO,LOURIVAL DE ITAPINA,M,18/11/1970,Válido,51
51444,209,Suplente,KAMILO DE LELLIS RIBEIRO,KAMILO,M,07/07/1969,Válido,51
51888,313,Suplente,PAULO SERGIO DOS SANTOS,PAULINHO,M,24/05/1968,Válido,51
51999,213,Suplente,PEDRO PAULO CELESTRINO,PEDRO PAULO PÊPE,M,30/06/1969,Válido,51
51777,153,Suplente,SAULO DE ASSIS PEREIRA,SAULO PATRIOTA,M,31/03/1982,Válido,51
51456,918,Suplente,MARCELO RODRIGUES,MARCELÃO,M,03/09/1968,Válido,51
51051,260,Suplente,VERA ELI BAPTISTA FACHETTI,VERA ELI,F,05/09/1953,Válido,51
51351,174,Suplente,NILDEMAR ANTONIO BOTTI,MAZINHO BOTTI,M,06/03/1970,Válido,51
51333,43,Suplente,ANTONIO CARLOS PAULO,CARLINHO CAFEZAL,M,13/06/1966,Válido,51
77100,508,Suplente,ERNANDI TAVARES FILHO,CASTELINHO,M,03/09/1970,Válido,77
77111,373,Suplente,FRED TANURE,FREDINHO TANURE,M,06/02/1981,Válido,77
77500,92,Suplente,ERLANI LINO,ERLANI LINO,M,12/12/1979,Válido,77
77200,31,Suplente,JULIO BLASER NETTO,JULIO BLASER NETO,M,28/10/1989,Válido,77
77222,187,Suplente,BERNADETE DE LURDES ROSA,BETE BALA,F,01/04/1968,Válido,77
77456,214,Suplente,SANDROMAR JOSE CAETANO DE SOUZA,SANDRÃO,M,11/12/1970,Válido,77
77077,681,Suplente,EZEQUIAS ALBERTO SOUSA,PASTOR EZEQUIAS,M,01/09/1981,Válido,77
77014,42,Suplente,SUELY LEAL SOEIRO,SUELY SOEIRO,F,06/02/1961,Válido,77
77700,99,Suplente,LENILDO BARRETO,LENILDO BARRETO,M,15/03/1968,Válido,77
77123,515,Suplente,SERGIO LUIZ COSMI,SERGIO COSMI,M,17/10/1968,Válido,77
77007,35,Suplente,ANA DE LOURDES SOUZA BRIGHENTE,LURDINHA CABELEIREIRA,F,16/08/1969,Válido,77
77707,557,Suplente,RONALDO TADEU FERREIRA,RONALDINHO,M,29/11/1962,Válido,77
77444,501,Suplente,DURVAL DE FREITAS,DURVAL DA ESCOLINHA,M,06/02/1963,Válido,77
77001,9,Suplente,PATRÍCIA REGINA PEREIRA DOS SANTOS,PATRICIA PEREIRA,F,21/12/1974,Válido,77
77000,602,Suplente,RITA GERALDA DA CRUZ,RITA DA PW,F,01/08/1965,Válido,77
77888,776,Eleito,WANDERSON RODRIGUES,WANDERSON RODRIGUES,M,26/09/1981,Válido,77
77777,751,Eleito,GEFERSON ISRAEL ALVES,GEFERSON ALVES,M,11/08/1969,Válido,77
77040,62,Suplente,ANTONIO CARLOS GONÇALVES SANTANA,TONHAO DO BAR,M,13/12/1971,Válido,77
77402,26,Suplente,CARLA DE JESUS DE PAULA,CARLINHA,F,28/04/1997,Válido,77
77333,159,Suplente,ROQUE EDSON CASTRO DA SILVA,EDINHO CASTRO CANTOR,M,06/07/1962,Válido,77
