numero,votos_nominais,situacao,nome,nome_urna,sexo,data_nasc,destino_voto,numero_partido
11333,13,Suplente,MARTINHO JERING,MARTINHO,M,25/05/1955,Válido,11
11123,143,Suplente,CLAUDEMIRO ACHER,PASTOR ACHER,M,23/04/1966,Válido,11
11444,52,Suplente,SUELI MARIA PLASTER BARTELS DE ALMEIDA,SUELI DA TERCEIRA IDADE,F,15/07/1980,Válido,11
11666,15,Suplente,DEVANY CONRADT,DEVA PRATAS,F,26/06/1982,Válido,11
11111,202,Suplente,LINDOMAR BERGER,LINDOMAR BERGER,M,29/04/1960,Válido,11
11100,454,Suplente,CLAUDIMAR HENKER,"CLAUDIMAR ""PIGUI""",M,31/08/1977,Válido,11
11234,622,Eleito,VALDEVINO MANSKE,"VALDEVINO MANSKE ""O TIO""",M,05/06/1970,Válido,11
11222,36,Suplente,DJANIRA DE OLIVEIRA RODRIGUES,DEISE DO ESPORTE,F,24/01/1966,Válido,11
11000,1216,Eleito,ELMAR FRANCISCO THOM,MAZINHO THOM,M,12/02/1963,Válido,11
12133,32,Suplente,DANILTO FOESCH,FECHINHA,M,13/04/1973,Válido,12
12999,143,Suplente,SILVIO PACHECO ALVES JUNIOR,SILVIO PACHECO ALVES JUNIOR,M,18/04/1985,Válido,12
12120,25,Suplente,FLORENTINO BRAUN,FLORENTINO BRAUN NENE,M,09/03/1959,Válido,12
12111,25,Suplente,EVERALDO DISCHER,EVERALDO DISCHER,M,23/09/1959,Válido,12
12000,429,Suplente,ARLINDO REPKE,ARLINDO REPKE,M,19/01/1957,Válido,12
12333,462,Eleito,IVONE SCHLIWE,IVONE SCHLIWE,F,20/08/1986,Válido,12
12345,8,Suplente,ODETE COSTA DA CRUZ,ODETE DO BAR,F,03/01/1978,Válido,12
12444,5,Suplente,CLAUDIA APARECIDA MONTEIRO OLMO,CLAUDIA DA RODOVIARIA,F,10/08/1979,Válido,12
12678,88,Suplente,LAUDEMIRO NASS,LAUDEMIRO NASS,M,24/02/1981,Válido,12
12222,312,Suplente,ARLINDO LAGASS,ARLINDO LAGASS,M,12/09/1953,Válido,12
12456,213,Suplente,VALERIA APARECIDA GONCALVES CAETANO,VALERIA PROFESSORA,F,29/10/1971,Válido,12
12123,119,Suplente,ODENILSON ROGGE,ODENILSON ROGGE,M,26/08/1980,Válido,12
12555,213,Suplente,SIGUIMAR SCHVANZ,SIGUIMAR SCHVANZ,M,26/07/1962,Válido,12
90111,28,Não eleito,PEDRO LUCIO DE AVILA,PEDRIM DO RAIO X,M,12/08/1962,Válido,90
90777,13,Não eleito,ROBSON JUNIOR WOGMOCHER,ROBSON COWBOY TROVÃO,M,10/06/1991,Válido,90
90222,33,Não eleito,LEONILDO POTRATZ,LEONILDO POTRATZ,M,20/11/1970,Válido,90
90999,48,Não eleito,IRENE FREIER,IRENE FREIER,F,26/01/1985,Válido,90
90122,174,Não eleito,LUIS ORLANDO DE OLIVEIRA,LUIS DA MAQUINA,M,01/02/1961,Válido,90
90123,36,Não eleito,ANDREA CRISTINA HOLZ,ANDREA CRISTINA HOLZ,F,17/06/1980,Válido,90
90555,82,Não eleito,GILVANDRO JOSE WANDEKOKEN,GILVANDRO WANDEKOKEN,M,10/10/1972,Válido,90
90000,70,Não eleito,ERENITA KUSTER PONATH,ERENITA DO SALÃO,F,13/01/1972,Válido,90
90678,16,Não eleito,OLINDINO PRASSER,OLINDINO PRASSER,M,11/09/1957,Válido,90
90456,205,Não eleito,ALBERTO ZUMACH,ALBERTO ZUMACH,M,02/06/1965,Válido,90
55555,102,Suplente,LEOMAR VESPER,LEOMAR VESPER,M,31/03/1973,Válido,55
55333,129,Suplente,LAUDEMIRO HAESE,LAUDEMIRO HAESE,M,23/07/1975,Válido,55
55123,85,Suplente,ARLINDO BERGER,ARLINDO DA ILHA BERGER,M,05/12/1960,Válido,55
55888,107,Suplente,ERICSON BRANDT GRAUNKE,ERICSON BRANDT GRAUNKE,M,18/03/1994,Válido,55
55777,5,Suplente,ROSANA KOSANKE FERDIN,ROSANA KOSANKE FERDIN,F,29/11/1983,Válido,55
55222,133,Suplente,ANA PAULA ALVES DE AZEVEDO,ANA PAULA DA HOKA,F,31/12/1994,Válido,55
55111,13,Suplente,VERA LUCIA HERBST,VERA LUCIA HERBST,F,14/02/1976,Válido,55
55000,898,Eleito,TEODORO HAMMER,TEIDA HAMMER,M,05/11/1960,Válido,55
50131,51,Não eleito,JOSIANE APARECIDA NEVES DAS CHAGAS,JOSI CHAGAS,F,28/11/2001,Válido,50
50000,269,Não eleito,RAPHAEL HENRIQUE FERREIRA POTRATZ,RAPHAEL POTRATZ,M,09/05/1986,Válido,50
14566,89,Suplente,ALMERINDA KALK,ALMERINDA KALK,F,30/04/1957,Válido,14
14999,46,Suplente,MARINAUVA MARIA BERGER STUHR,MARINAUVA BERGER,F,25/06/1966,Válido,14
14789,390,Suplente,JULIANO LAUVERS,JULIANO LAUVERS,M,24/10/1995,Válido,14
14456,31,Suplente,THIAGO RODOLFO KRAUSE,THIAGO KRAUSTEC,M,01/12/1986,Válido,14
14222,12,Suplente,JÉSSICA SCHULTZ BAUSEN,JÉSSICA SCHULTZ,F,21/04/1989,Válido,14
14666,163,Suplente,CLAUDIANO EGGERT,CLAUDIANO EGGERT,M,16/05/1982,Válido,14
14111,329,Suplente,PAULO HAMMER,PAULINHO,M,20/04/1959,Válido,14
14000,7,Suplente,MONICA HOLZ,MONICA HOLZ,F,12/01/1978,Válido,14
14177,32,Suplente,RAIMUNDO DONIZETTE PAULISTA VIEIRA,DONIZETTE,M,27/12/1962,Válido,14
14123,1076,Eleito,JOELIO ABELDT,JOELIO ABELDT,M,18/06/1986,Válido,14
14777,76,Suplente,JORGE SOARES FALBO,PASTOR JORGE FALBO,M,15/05/1960,Válido,14
14444,510,Eleito,LUCIANO ALVES DA SILVA,LUCIANO SILVA,M,13/01/1980,Válido,14
14147,108,Suplente,VANDERLEI ROEPKE,VANDERLEI ROEPKE,M,29/07/1986,Válido,14
14333,115,Suplente,ARISTIU HAMMER,ARISTEU HAMMER,M,01/07/1974,Válido,14
14555,41,Suplente,ANA MARIA AUER,ANA AUER 'MALU',F,17/11/1954,Válido,14
14567,92,Suplente,JOEL CONRADT,JOEL CONRADT,M,14/04/1978,Válido,14
45222,25,Não eleito,LUIS DE MARILAC COSTA,LUIS DE MARILAC,M,03/01/1953,Válido,45
45555,25,Não eleito,ANGELICA JASTROW STEIN,ANGELICA,F,28/03/1964,Válido,45
45777,70,Não eleito,EDSON TREICHEL,COQUINHO DE CARAMURU,M,25/02/1987,Válido,45
45999,8,Não eleito,HELENINHA EBERTE ANERT,HELENINHA ANERT,F,24/01/1995,Válido,45
45123,183,Não eleito,VARNEI NUNES DOS SANTOS,VARNEI NUNES,M,09/04/1979,Válido,45
45000,143,Não eleito,FRANCISCO DAS CHAGAS DE OLIVEIRA FERREIRA,FRANCISCO CARIOCA,M,30/12/1950,Válido,45
45333,276,Não eleito,WALLACE ANTONIO PINTO,WALLACE ANTONIO PINTO,M,27/12/1989,Válido,45
45888,10,Não eleito,CAROLAINE GARSCK JANSEN,CAROLAINE GARSCK JANSEN,F,29/12/1999,Válido,45
45678,185,Não eleito,ERINEU HAASE,ERINEU HAASE DO BREJOS BAR,M,05/10/1972,Válido,45
33455,13,Suplente,LUCIA LEA LOOSE,LUCIA,F,17/03/1975,Válido,33
33123,53,Suplente,SERGIO DOS SANTOS SILVA,SERGIO FOGUINHO,M,09/09/1974,Válido,33
33555,13,Suplente,VALDILEIA AMORIM,VALDILEIA AMORIM,F,11/05/1989,Válido,33
33012,25,Suplente,ADEMAR SCHILIEWE,ADEMAR SCHLIEWE,M,18/01/1970,Válido,33
33444,63,Suplente,EDUARDO HOLZ FILHO,EDUARDO HOLZ FILHO,M,16/12/1971,Válido,33
33666,46,Suplente,JOELSON BAUSEN,JOELSON BAUSEN,M,18/12/1987,Válido,33
33999,500,Suplente,HILARIO BOENING,HILARIO BOENING,M,11/12/1958,Válido,33
33133,22,Suplente,IRENE DOS SANTOS,IRENE DOS SANTOS,F,05/04/1968,Válido,33
33222,36,Suplente,LYVIA MATHILDE BOLDT HOLZ,LYVIA MATHILDE BOLDT HOLZ,F,08/04/2001,Válido,33
33777,19,Suplente,ROSIMAR SIMOES,ROSIMAR SIMOES,M,12/04/1981,Válido,33
33211,66,Suplente,LEZINDO HARTWIG,LEZINDO FOLHA SECA,M,11/07/1970,Válido,33
33456,333,Suplente,JOAO RICARDO THOMAZELLE TELLAROLI JUNIOR,PROF. JUNIOR DA AUTO ESCOLA,M,28/06/1983,Válido,33
33000,1171,Eleito,CLOVIS BRAUN,CLOVIS BRAUN,M,07/02/1977,Válido,33
33263,693,Eleito,VALDEMIRO JONAS,VALDEMIRO JONAS ZONGA,M,09/04/1976,Válido,33
33333,25,Suplente,GLORIA SCHULTZ,GLORIA DO HOSPITAL,F,29/09/1969,Válido,33
40555,11,Suplente,ELIANE MARIA LEPAUS,ELIANE LEPAUS,F,29/03/1982,Válido,40
40130,32,Suplente,SANDRA ALVES PANSINI BOENING,SANDRA PANSINI,F,24/11/1977,Válido,40
40444,576,Suplente,NELSON MIERTSCHINK,NELSON MIERTSCHINK,M,29/03/1963,Válido,40
40111,44,Suplente,JOSÉ LOPES,TIO ZÉ 'JOSE LOPES',M,17/01/1948,Válido,40
40333,21,Suplente,JOSCILENE PLASTER,JOSCILENE PIRIQUITA,F,03/03/1986,Válido,40
40456,774,Eleito,JOEL PONATH,JOEL PONATH,M,03/05/1973,Válido,40
40222,110,Suplente,WILSON BERGER,WILSON BERGER,M,14/03/1966,Válido,40
40000,326,Suplente,CLÓVIS LUCHT,CLÓVIS LUCHT,M,22/09/1955,Válido,40
40777,32,Suplente,ANANIAS BERGER,NIKOS 'ANANIAS BERGER',M,30/12/1959,Válido,40
40123,592,Suplente,ÁLVARO ROBERTO GONÇALVES,ÁLVARO GONÇALVES,M,06/04/1964,Válido,40
40789,690,Eleito,SELENE JASTROW,SELENE JASTROW,F,03/05/1963,Válido,40
51111,94,Suplente,JOSE VAGTON MANHANI,VAGUINHO ZÉ DO PIPA,M,28/08/1975,Válido,51
51444,593,Eleito,ILIMAR VESPER,VESPINHA DA FARMACIA,M,30/08/1976,Válido,51
51511,39,Suplente,ADRIANA HAMMER,DRIKA HAMMER,F,27/10/1991,Válido,51
51234,40,Suplente,SUZETE NITZ LORETTI,SUZETE NITZ LORETTI,F,08/01/1978,Válido,51
51555,159,Suplente,HOQUÉCIO PINHEIRO LOPES,HOQUÉCIO DA CONTABILIDADE,M,02/06/1979,Válido,51
51777,45,Suplente,ANA MARIA ELIAS,ANA MARIA ELIAS,F,26/07/1990,Válido,51
51567,146,Suplente,NORBERTO HOLZ,MUZIKA,M,14/10/1958,Válido,51
51456,30,Suplente,REGINALDO CESAR BOFF,REGINALDO PAULISTA,M,21/02/1974,Válido,51
51123,10,Suplente,FLAVIANE KARLA SOARES DE ALMEIDA,FLAVIA ALMEIDA,F,24/10/1987,Válido,51
51222,42,Suplente,ANTONIO RAYMUNDO FRANCISCO,RAYMUNDO VINICÍUS,M,11/05/1959,Válido,51
51190,1765,Eleito,ROGERIO SCHEREDER,SARGENTO SCHEREDER,M,16/10/1970,Válido,51
51000,784,Eleito,ADAIR LUCHT,ADAIR LUCHT,M,23/11/1978,Válido,51
