numero_partido,votos_legenda,nome_partido,sigla_partido
25,717,Democratas,DEM
15,63,Movimento Democrático Brasileiro,MDB
27,8,Democracia Cristã,DC
11,181,PROGRESSISTAS,PP
22,395,Partido Liberal,PL
12,241,Partido Democrático Trabalhista,PDT
28,8,Partido Renovador Trabalhista Brasileiro,PRTB
20,52,Partido Social Cristão,PSC
55,214,Partido Social Democrático,PSD
90,40,Partido Republicano da Ordem Social,PROS
40,2185,Partido Socialista Brasileiro,PSB
43,164,Partido Verde,PV
14,119,Partido Trabalhista Brasileiro,PTB
33,37,Partido da Mobilização Nacional,PMN
50,30,Partido Socialismo e Liberdade,PSOL
45,216,Partido da Social Democracia Brasileira,PSDB
51,52,Patriota,PATRIOTA
13,219,Partido dos Trabalhadores,PT
19,98,Podemos,PODE
10,131,REPUBLICANOS,REPUBLICANOS
