numero,votos_nominais,situacao,nome,nome_urna,sexo,data_nasc,destino_voto,numero_partido
17700,376,Suplente,JOÃO CEZAR BENTO,JOÃO CESAR DA CEZANO MOVEIS,M,13/01/1983,Válido,17
17777,161,Suplente,ALCIDES CONCEIÇÃO PEREIRA,JAPÃO,M,24/10/1972,Válido,17
17111,201,Suplente,WELLINGTON FERREIRA NEVES,WELLINGTON NEGÃO,M,09/10/1960,Válido,17
17333,176,Suplente,NOEMIA RODRIGUES LIMA,NOEMIA DA SAÚDE,F,05/03/1958,Válido,17
17017,737,Suplente,ISAMARA RAMOS DA CUNHA CRESPO,ISAMARA DA FARMÁCIA,F,21/10/1978,Válido,17
17217,598,Suplente,LUIS EDSON BARBOSA,EDINHO BARBOSA,M,12/10/1972,Válido,17
17000,227,Suplente,JOSIMAR LUCINDO DOS SANTOS,SORRISO DO ESPORTE,M,27/08/1987,Válido,17
17617,674,Suplente,PEDRO TEODORO DOS SANTOS,PEDRO TEODORO,M,29/06/1981,Válido,17
17456,316,Suplente,HIGOR CERQUEIRA NUNES,TIO HIGOR,M,25/07/1980,Válido,17
17038,171,Suplente,JOÃO CARLOS VIEGAS VASCONCELOS JUNIOR,JOÃO VASCONCELOS,M,12/09/1988,Válido,17
17123,947,Eleito,ISAEL RODRIGUES AGUILAR,ISAEL,M,14/06/1968,Válido,17
17222,270,Suplente,FRANCISCO CLAUDIO PEREIRA,CHIQUINHO DE ALBANO,M,09/12/1963,Válido,17
17003,162,Suplente,JESSICA PEREIRA FERREIRA,JESSICA JELL,F,01/02/1990,Válido,17
17171,114,Suplente,CAROLINA JORGE,CAROLINA JORGE,F,27/10/1969,Válido,17
17007,168,Não eleito,SUELEN FEITOSA,SUELEN FEITOSA,F,11/12/1982,Anulado,17
17022,181,Suplente,CERCILENE SILVARES MACIEL,MORENA VIGILANTE,F,18/01/1980,Válido,17
17888,369,Suplente,EDMILSON FANTICELLE,EDMILSON FANTICELLE,M,27/08/1961,Válido,17
55678,9,Não eleito,GEISIELE VIEIRA PEREIRA SANTOS,GEISIELI SANTOS,F,16/06/1997,Válido,55
55700,0,Não eleito,NARCIZA ALVES MARQUES,NARCIZA MARQUES,F,20/03/1930,Anulado,55
55900,2,Não eleito,FABIOLA OLIVEIRA AMARAL,FABIOLA AMARAL,F,11/04/1979,Válido,55
55155,77,Não eleito,FABIO QUARESMA FERREIRA RAMALHO,FABINHO MECANICO,M,12/06/1969,Válido,55
55000,79,Não eleito,VALCITONIO DE JESUS INACIO,VALCI DE JESUS,M,15/08/1988,Válido,55
55321,70,Não eleito,ADRIANO ROCHA NASCIMENTO,DICOLINO,M,15/03/1983,Válido,55
55100,162,Não eleito,MAURICIO DE JESUS,MAURICIO DE JESUS,M,23/04/1985,Válido,55
55555,78,Não eleito,LUCIANO DE OLIVEIRA MADALENA,LUCIANO MADALENA,M,31/12/1981,Válido,55
55888,24,Não eleito,ADAILSON RODRIGUES,LEVITA ADAILSON,M,15/05/1976,Válido,55
55055,119,Não eleito,WANDERLEY SIQUEIRA,WANDERLEY SIQUEIRA,M,14/02/1973,Válido,55
55255,40,Não eleito,ALCENIR MORETO,PÊTÊ MORETO,M,15/04/1975,Válido,55
55789,3,Não eleito,LUZINETE DE JESUS,LUZINETE DE JESUS,F,02/08/1981,Válido,55
55123,45,Não eleito,MANOEL ARISTOTELES DOS REIS,MANEL PM,M,23/12/1965,Válido,55
43456,134,Não eleito,ELIZAIR BIRCHENER CARREIRO GOMES,ELIZA DO ARTESANATO,F,15/11/1963,Válido,43
43000,98,Não eleito,SEBASTIANA DOS SANTOS,TIANA DA PEDRA D'ÁGUA,F,20/01/1978,Válido,43
43555,106,Não eleito,NILSON BISPO DA IGREJA SANTOS,"NILSON BISPO SANTOS ""PIL""",M,01/05/1976,Válido,43
43123,12,Não eleito,DANIEL PINTO GONÇALVES,DANIEL GONÇALVES,M,08/01/1975,Válido,43
43333,1174,Não eleito,MARIA DA CONCEIÇÃO GONÇALVES FELIZARDO,CEIÇA DO VIPA,F,24/11/1969,Válido,43
43043,34,Não eleito,VANILSON DOS SANTOS DA SILVA,WAN SANTOS,M,21/12/1982,Válido,43
43222,9,Não eleito,KEYVI RAMON SOUZA MELO,RAMONZINHO,M,27/07/1990,Válido,43
43007,42,Não eleito,OSCAR FERREIRA DE OLIVEIRA NETO,OSCAR DA CULTURA,M,20/07/1957,Válido,43
43444,184,Não eleito,JOSÉ VANDERLUCIO DOS SANTOS,LÚCIO,M,04/06/1985,Válido,43
40040,229,Suplente,ANA PAULA MARTIN MACHADO,ANA PAULA MARTIN,F,28/01/1974,Válido,40
40070,75,Suplente,WASHINGTON SANTOS DA SILVA,WASHINGTON GAZZA,M,28/01/1994,Válido,40
40000,358,Suplente,MARCONE SILVARES MIRANDA,MARCONINHO MIRANDA,M,03/10/1987,Válido,40
40050,473,Suplente,ELISANGELA CRISTINA DO NASCIMENTO,PRETA,F,01/04/1976,Válido,40
40123,1400,Eleito,ROBERTO PEDRO DE ASSIS,ROBERTINHO,M,07/08/1969,Válido,40
40222,251,Suplente,MARA CRISTINA DE SOUZA PAULO,MARA,F,23/05/1973,Válido,40
40227,61,Suplente,JANE DA SILVA,JANE,F,02/04/1977,Válido,40
40444,12,Suplente,RUBENS SCHUENG,RUBENS SCHUENG,M,24/11/1941,Válido,40
40789,259,Suplente,SIDCLEY RIBEIRO SILVA,SIDCLEY RIBEIRO,M,18/05/1993,Válido,40
35193,74,Não eleito,DENILSON RODRIGUES MORAES,DEZIN BOMBEIRO,M,31/05/1979,Válido,35
35735,47,Não eleito,WELHENKECILEY DE OLIVEIRA LENSO,KECINHO LENSO,M,27/03/1990,Válido,35
13123,387,Suplente,JOSE AMARAL DOS SANTOS,AMARAL DO SINDICATO,M,14/12/1967,Válido,13
13313,49,Suplente,JARBAS ALMEIDA DE SOUZA,JARBAS,M,19/10/1975,Válido,13
13513,12,Suplente,LEONARDO RODRIGUES COSME,LÉO,M,20/03/1981,Válido,13
13913,10,Suplente,MARCOS ANTONIO GARCIA,BATMAN,M,11/02/1986,Válido,13
13000,1214,Eleito,LUCIETE DE OLIVEIRA CERQUEIRA,CIETY,F,09/09/1967,Válido,13
13213,52,Suplente,SAULO LEAO GUIMARAES,TODY,M,23/02/1982,Válido,13
13500,54,Suplente,HELENA PINTO DE ASSUNÇÃO,HELENA,F,02/08/1970,Válido,13
13040,33,Suplente,SONIA HORTENCIO,SONIA DOS TEMPEROS,F,04/10/1980,Válido,13
13333,250,Suplente,MARCOS VINICIUS DIAS REIS,MARCOS DIAS,M,09/05/1969,Válido,13
13013,75,Suplente,LUCIARA ELIAS REIS COSTA,LUCIARA REIS,F,14/10/1986,Válido,13
13456,1128,Suplente,FRANCISCO AMARO DE ALENCAR OLIVEIRA,AMARO,M,10/01/1972,Válido,13
13300,403,Suplente,JACIARA TEIXEIRA DO NASCIMENTO,JACIARA,F,27/07/1972,Válido,13
13234,950,Suplente,JOSIMAR DE OLIVEIRA MENDONÇA,DODA MENDONÇA,M,12/05/1970,Válido,13
45150,773,Eleito,GILTON GOMES DE JESUS,GILTON GOMES PIA,M,12/08/1963,Válido,45
45111,326,Suplente,VERITON CALIXTO DA VITORIA,THINTHIN DO BOM SUCESSO,M,04/07/1989,Válido,45
45369,616,Suplente,WESLEY DOS SANTOS BARRETO,LOCUTOR WESLEY SANTOS,M,30/06/1973,Válido,45
45666,620,Suplente,WANDERLEI SEGANTINI,WANDERLEI SEGANTINI,M,08/12/1966,Válido,45
45045,122,Suplente,PAULO RODRIGUES DE MATTOS,PAULÃO,M,17/11/1959,Válido,45
45678,73,Suplente,MUSA MARINA GUIMARAES FREITAS,MUSA MARINA,F,07/07/1987,Válido,45
45121,453,Suplente,JOCELIA DE OLIVEIRA MACIEL,BRANCA DO VILA NOVA,F,11/08/1974,Válido,45
45789,627,Suplente,MARCOS DALBEM SAMARITANO,MARCOS SAMARITANO,M,21/03/1975,Válido,45
45555,462,Suplente,LESSENILDA PAULA DA SILVEIRA RODRIGUES,LESSENILDA RODRIGUES,F,23/03/1982,Válido,45
45222,467,Suplente,HASSAN REZENDE SPADAROTT BULLUS,HASSAN REZENDE,M,18/04/1991,Válido,45
45123,202,Suplente,MARIA EUNICE MEDEIROS RAMOS,NICE DE GURIRI,F,28/06/1959,Válido,45
45234,385,Suplente,ANAILTON ALVES VIANA,ANAILTON DA FARMÁCIA,M,13/01/1969,Válido,45
45444,158,Suplente,GRACIANY ALVES SCANDIAN,GRAZI SCANDIAN,F,29/11/1989,Válido,45
45125,425,Suplente,LEONES AREZZI LEITE,LEO AREZY,M,15/11/1983,Válido,45
45000,855,Eleito,KACIO MENDES DOS SANTOS,KACIO MENDES,M,10/11/1978,Válido,45
45122,117,Suplente,CLAUDIA MONTEIRO TEIXEIRA DE OLIVEIRA,CLÁUDIA MONTEIRO,F,04/04/1982,Válido,45
51333,709,Eleito,DELERMANO RAMOS SUIM,DELERMANO SUIM,M,01/09/1969,Válido,51
51456,81,Suplente,MARCELO BARBARIOLI FERES,MARCELO CABEÇÃO,M,19/06/1972,Válido,51
51057,1,Suplente,LOUIS MARTINS DA SILVA,LOUIS MARTINS ,F,21/01/1997,Válido,51
51123,75,Suplente,MÔNICA SANTOS FRONTINO,MÔNICA FRONTINO,F,04/05/1965,Válido,51
51100,84,Suplente,CARLOS FABIO HELMER,ALEMÃO,M,21/05/1973,Válido,51
51007,86,Suplente,ANTONIO VINICIUS GOMES DE ARAUJO,VINICIUS GRAFIT,M,01/06/1980,Válido,51
51050,191,Suplente,LEILA DE SOUZA FRANÇA,LEILA DE GURIRI,F,07/08/1963,Válido,51
51181,4,Suplente,VERA LUCIA COSTA SOUZA,VERA LUCIA,F,25/12/1988,Válido,51
51190,59,Suplente,VINICIUS FARIA PEDROSA,PEDROSA POLICIAL,M,24/01/1985,Válido,51
51555,380,Suplente,EDSON WILSON DE SOUZA,EDINHO DA COHAB,M,08/11/1983,Válido,51
51111,474,Suplente,IZAC SILVA BARCELOS,IZAC BARCELOS DA CRICARÉ,M,02/03/1973,Válido,51
51200,94,Suplente,HEBERT MARCELINO MARQUES,HEBERT DE GURIRI,M,26/07/1962,Válido,51
51444,1,Suplente,RAYANE SOARES DE SÁ MARTINS,RAYANE SOARES,F,29/09/1991,Válido,51
51000,54,Suplente,CARLOS ROBERTO DA SILVA OLIMPIO,CARLAO DA SAUDE,M,04/04/1966,Válido,51
51051,665,Suplente,EMERSON CARDOZO,BRANCO,M,26/01/1977,Válido,51
51055,0,Suplente,ISTEFANI DE SOUZA QUEIROZ,ISTEFANI,F,13/04/2002,Válido,51
51234,301,Suplente,ALCIDES NATALINO BARBOSA DA SILVA,ALCIDES CARIOCA,M,25/12/1966,Válido,51
19555,293,Suplente,MAYCON SAMPAIO DA SILVA,MAYCON,M,27/06/1990,Válido,19
19019,327,Suplente,EDNEIA SANTOS DO CARMO,GALEGA,F,06/10/1992,Válido,19
19000,453,Suplente,LEONORIO ANTONIO SANTOS VASCONCELOS,MATEUSÃO FILHO,M,10/05/1977,Válido,19
19456,56,Suplente,KENIA SANTOS ROSA,KENIA,F,25/02/1989,Válido,19
19999,491,Suplente,LIDIOMAR ARCANJO DOS SANTOS,MAMA,M,05/02/1983,Válido,19
19111,371,Suplente,JOÃO PEREIRA DE SOUZA,JOÃO DA VILA,M,16/12/1972,Válido,19
19777,206,Suplente,VALDEIR MARCELINO,DEISAO,M,01/06/1974,Válido,19
19789,596,Suplente,ANTONIO CARLOS PIROLA,CARLINHOS PIROLA,M,10/11/1953,Válido,19
19444,357,Suplente,ALEXSANDRO VIEIRA,LEQUINHO,M,25/06/1979,Válido,19
19345,134,Suplente,RENALDO CESANA,TUQUINHA,M,27/06/1963,Válido,19
19134,22,Suplente,LUCIMAR DOS ANJOS,LUCIMAR,F,08/09/1967,Válido,19
19333,78,Suplente,GREICE KELLY NEVES CAROLINO GONÇALVES,GREICE KELLY,F,29/04/1988,Válido,19
19121,658,Eleito,CARLINHO SIMIÃO CORREIA,CARLINHO SIMIÃO,M,11/09/1961,Válido,19
19020,207,Suplente,ADAILSON VIEIRA NUNES,ADAILSON,M,14/03/1970,Válido,19
19467,17,Suplente,MARGARIDA HARKBART,MARGARIDA,F,06/02/1961,Válido,19
19222,136,Suplente,IVANEILDE DOS SANTOS SAMPAIO,BAIANA DO TAXI,F,12/11/1970,Válido,19
19123,85,Suplente,AJALÍRIO CALDEIRA VARGES,AJALIRIO,M,22/09/1961,Válido,19
18333,47,Não eleito,OSVALDO PEREIRA DA SILVA,CARIOCA DO POSTO ESSO,M,25/03/1956,Válido,18
18500,138,Não eleito,BEATRICEE KARLA LOPES,DRA. BEATRICEE,F,11/04/1981,Válido,18
18035,148,Não eleito,JOAO GABRIEL COSTALONGA NEGRIS,JOÃOZINHO,M,22/11/1975,Válido,18
18456,8,Não eleito,ELENILDA DE OLIVEIRA FERREIRA,ELENILDA,F,12/03/1973,Anulado,18
18444,155,Não eleito,DAMIAO BATISTA DE ALMEIDA,DAMIÃO DO TEMPERO,M,01/02/1980,Válido,18
18800,7,Não eleito,ACENILDO CAMARA SILVA,ALEMAO DO SOM,M,21/10/1969,Válido,18
18123,16,Não eleito,ADRICIA AUGUSTA WEBERLING,DICI,F,30/11/1964,Válido,18
18018,129,Não eleito,BENEDITO DOS SANTOS MARTINS,DITÃO DO SEAC,M,12/02/1966,Válido,18
18888,155,Não eleito,MARCIO DE OLIVEIRA COSTA,MARCIO CARTEIRO,M,06/05/1969,Válido,18
18111,154,Não eleito,BENEDITO DE ALMEIDA,BIROCA,M,13/11/1964,Válido,18
18000,193,Não eleito,ALESSANDRA MALACARNE MOTTA DA SILVA,ALESSANDRA MALACARNE,F,27/07/1971,Válido,18
18200,101,Não eleito,ENIO CAMILO RIBEIRO LOBO,ÊNIO LOBO,M,03/02/1983,Válido,18
18222,92,Não eleito,GILMAR VASCONCELOS DE SOUZA,GILMAR,M,12/10/1975,Válido,18
10555,142,Não eleito,CAMILA EBERT LEONEL CAFEU,DRA. CAMILA EBERT,F,25/04/1987,Válido,10
10610,69,Não eleito,CARLOS LEONIDAS CHAVES,CARLOS LEONIDAS,M,17/06/1978,Válido,10
10007,7,Não eleito,MARIA XAVIER VIEIRA DOS SANTOS,MARIA XAVIER,F,12/01/1960,Anulado,10
10600,32,Não eleito,JOEL DE OLIVEIRA,JOEL BARBIXA,M,28/03/1969,Válido,10
10100,56,Não eleito,EMMANUEL BELARMINDO QUEIROZ,MANÚ,M,08/12/1984,Válido,10
10300,14,Não eleito,ADRIANA CABRAL DE ALMEIDA,ADRIANA CABRAL DE ALMEIDA,F,14/06/1975,Válido,10
10311,14,Não eleito,CELMA DELMIRA DOS SANTOS,CELMA BAIRRO AVIAÇAO,F,04/09/1965,Válido,10
10777,183,Não eleito,MARLENE ALVES DOS NASCIMENTO,MARLENE DO PAO CASEIRO,F,20/10/1973,Válido,10
10200,55,Não eleito,ANTONIO MARCOS RAMALHO,LILICO,M,28/05/1971,Válido,10
10001,24,Não eleito,RAMOS MANGESK ALCEBIADES,RAMOS MANGESK,M,26/03/1972,Válido,10
77753,37,Suplente,ROSIMÉRI LIMA,ROSIMÉRI LIMA,F,31/03/1967,Válido,77
77234,378,Suplente,GILSON FIRME,GILSON FIRME,M,13/02/1964,Válido,77
77999,409,Suplente,GILBERTO MENDES DE JESUS,GORDO,M,10/12/1981,Válido,77
77111,194,Suplente,ADEMIR BATISTA DOS SANTOS,ADEMIR DO SALÃO,M,30/08/1971,Válido,77
77077,249,Suplente,ALAN PEREIRA MARTINS,ALAN BAHIA,M,28/12/1985,Válido,77
77456,486,Suplente,PAULO ROBERTO DA SILVA,PAULINHO DO POSTO,M,17/05/1974,Válido,77
77890,308,Suplente,GILDELIA CAMPOS KOCK,GILDELIA,F,07/09/1964,Válido,77
77333,183,Suplente,BENEDICTO BARBOSA,BENEDICTO BARBOSA,M,15/08/1941,Válido,77
77220,158,Suplente,ADIVALDO DA SILVA FILHO,PADRECO,M,15/01/1964,Válido,77
77193,412,Suplente,ELIOMAR FERRUGINI,FERRUGINI,M,02/03/1970,Válido,77
77100,74,Suplente,AURELIA DA COSTA DA SILVA,AURELIA DO BEIJU,F,18/08/1952,Válido,77
77777,73,Suplente,IRACEMA SANTOS DE LIMA,IRACEMA,F,03/06/1973,Válido,77
77577,141,Suplente,NILZETE MOURA ANDRADE RIZZI,NILZETE DO SHOPPING POPULAR,F,25/11/1962,Válido,77
77123,915,Eleito,ILAILSON GONÇALVES CAMPOS,LAILSON DA AROEIRA,M,27/09/1967,Válido,77
77017,119,Suplente,HENRIQUE LIMAS HORACIO,HENRIQUE HORACIO,M,30/08/1959,Válido,77
77500,148,Suplente,ELIZABETE TAVARES DA SILVA,ELISABETE TAVARES,F,23/07/1963,Válido,77
77222,491,Suplente,LUIZ CARLOS DOS SANTOS,LUIZINHO DOS KM,M,30/06/1967,Válido,77
23111,573,Eleito,ADECI DE SENA,ADECI DE SENA,M,25/12/1962,Válido,23
23045,232,Suplente,DILTON OLIVEIRA PINHA,DILTON PINHA,M,28/11/1986,Válido,23
23333,456,Suplente,PAULO SÉRGIO BENTO GOMES,PAULINHO DO VASQUINHO,M,02/02/1972,Válido,23
23222,5,Suplente,JANE FERNANDA BATISTA CORREIA,JANE DA ABAVAM,F,04/09/1983,Válido,23
23300,51,Suplente,DIONE DE OLIVEIRA,DIONE DO SALGADO,F,01/06/1978,Válido,23
23000,299,Suplente,LUANA LIMA PEREIRA MARTINS,LUANA MARTINS,F,08/09/1985,Válido,23
23456,168,Suplente,DIELSON SOARES DE OLIVEIRA,DIELSON DO TRANSPORTE ESCOLAR,M,22/06/1968,Válido,23
23180,463,Suplente,WAGNER BARBOZA GONÇALVES,WAGNER PEIXE SECO,M,27/08/1974,Válido,23
23440,83,Suplente,EDSON DE JESUS PAIXÃO,EDSON SHOW,M,11/09/1977,Válido,23
23444,7,Suplente,EVILANI NEVES MOLINA,EVILANI MOLINA,F,20/09/1991,Válido,23
23245,57,Suplente,SILVIA LAFAIETE PIRES,SILVIA LAFAIETE,F,28/02/1975,Válido,23
23240,47,Suplente,VALMIR DADALTO DE AGUIAR,VALMIR TRANSPORTES,M,20/09/1978,Válido,23
23450,78,Suplente,MARIA OFÉLIA DE SOUZA ALMEIDA,OFÉLIA SANTANA,F,10/04/1974,Válido,23
23666,456,Suplente,PAULO CÉSAR OLIVEIRA GAMA,PAULO DA ABAVAM,M,01/09/1969,Válido,23
11193,800,Suplente,JOZAIL FUGULIM,JOZAIL DO BOMBEIRO,M,18/09/1970,Válido,11
11777,146,Suplente,ALAILSON DA SILVA MEDEIROS,ALAILSON MEDEIROS,M,12/01/1993,Válido,11
11251,157,Suplente,LEILA MARIA OLIVEIRA DE MATTOS,LEILA MATTOS,F,28/09/1963,Válido,11
11222,207,Suplente,GILDEVALDO ESTEVAO BISPO,GIL DO BAIRRO VITORIA,M,15/05/1964,Válido,11
11123,1078,Eleito,PAULO SERGIO DOS SANTOS FUNDAO,PAULO FUNDÃO,M,14/08/1968,Válido,11
11966,37,Suplente,LUIZ GONZAGA DOS SANTOS,GONZAGA MECANICO,M,02/08/1961,Válido,11
11111,121,Suplente,SEBASTIAO LUCIANO VIEIRA,LUCIANO,M,28/11/1961,Válido,11
11333,93,Suplente,ILTON ALVES DE PAIVA FILHO,CARIOCA PINTOR,M,22/08/1961,Válido,11
11028,16,Suplente,MARIA DA CONCEIÇÃO RIBEIRO,MARIA CONCEIÇÃO,F,10/10/1957,Válido,11
11444,6,Suplente,MARINETE FERNANDES GARCIA,MARINETE,F,10/08/1966,Válido,11
11300,167,Suplente,MARCOS DA CUNHA RUFINO,MARQUINHOS PEDRA D'AGUA,M,10/03/1979,Válido,11
11011,828,Suplente,JORGE LUIZ RECLA DE JESUS,JORGINHO CABEÇÃO,M,12/11/1966,Válido,11
11190,120,Suplente,NYHANA POLICARPO FARINA,CABO FARINA,F,29/08/1983,Válido,11
11000,290,Suplente,ANTONIO LUIZ CARDOSO,TEMPERINHO,M,23/03/1966,Válido,11
11200,40,Suplente,ADRIANA DE SOUZA SANTOS,ADRIANA SANTOS,F,05/07/1971,Válido,11
11369,752,Suplente,JERRI PEREIRA,JERRI PEREIRA,M,28/03/1969,Válido,11
25300,241,Não eleito,GEDEÃO FERNANDES BERNABÉ,GEDEÃO BERNABÉ,M,16/09/1973,Válido,25
25100,70,Não eleito,CARLOS ALBERTO LOPES AYRES DE FARIA,CARLOS BALANGA,M,04/02/1958,Válido,25
25125,20,Não eleito,MARTA NUNES DA SILVA,MARTA NUNES,F,16/05/1971,Válido,25
25111,207,Não eleito,REINALDO DE JESUS DOS SANTOS,REINALDO SHEID,M,22/02/1978,Válido,25
25011,71,Não eleito,MARIO ROCHA SANTANA,MARIO ROCHA,M,29/10/1967,Válido,25
25234,47,Não eleito,MARINA BRAVO DOS SANTOS,MARINA BRAVO,F,16/10/1984,Válido,25
25322,109,Não eleito,ANDRE DOS SANTOS AGUIAR,ANDRÉ DOS SANTOS,M,29/08/1983,Válido,25
25200,366,Não eleito,JANILDO BONOMETTI THOMAZ,JANILDO BONOMETTI THOMAZ,M,30/05/1979,Válido,25
25500,62,Não eleito,OSMAR VICENTE CHEVEZ POZO,PROFESSOR OSMAR,M,05/04/1965,Válido,25
25233,12,Não eleito,MARIA AUXILIADORA COSTA AFFONSO,AUXILIADORA AFFONSO,F,22/06/1959,Válido,25
25777,211,Não eleito,WAGNER SANTOS,WAGNER SANTOS,M,08/06/1968,Válido,25
25000,104,Não eleito,JOÃO MANOEL SANTANA FOLHA,JOÃO FOLHA SUA MELHOR ESCOLHA,M,30/01/1956,Válido,25
25025,285,Não eleito,JAKELINE MARTINS SILVA ROCHA,JAKELINE ROCHA,F,16/12/1968,Válido,25
25123,376,Não eleito,GELSON BORGES DA SILVA,GLESSON BORGES,M,04/01/1958,Válido,25
25444,208,Não eleito,SIDNEI ALVES DA SIVA,SIDINEI DO TAXI,M,16/10/1967,Válido,25
12111,63,Não eleito,MANOEL VIEIRA NETO,MANOEL VIEIRA,M,08/11/2001,Válido,12
12666,31,Não eleito,THAINÁ CAMPOS SCARDINI,THAINÁ SCARDINI,F,11/01/1996,Válido,12
12120,176,Não eleito,CLAUDIO MARTINS FERREIRA,CLÁUDIO DA CAPOTARIA,M,08/10/1972,Válido,12
12345,151,Não eleito,JACKSON SANTOS CARVALHO,JACKSON SANTOS,M,30/05/1983,Válido,12
12444,158,Não eleito,PAULO MONTEIRO,PAULÃO DO POVO,M,06/07/1969,Válido,12
12000,364,Não eleito,GUSTAVO HENRIQUE DE VASCONCELOS NOBRE,GUSTAVO NEGRIS,M,03/08/1997,Válido,12
12123,25,Não eleito,FABIANA DOS SANTOS CRUZ,FABY DO BRONZE,F,25/10/1983,Válido,12
12888,8,Não eleito,CARMEN REGIANE DONA,CARMEN REGIANE,F,29/09/1966,Válido,12
12777,130,Não eleito,ARLINDO GOMES DOS SANTOS,ARLINDO SETE BOIA,M,07/11/1960,Válido,12
12222,146,Não eleito,WELLINGTON BARROS,CARRETA,M,11/03/1980,Válido,12
12333,435,Não eleito,LEONARDO GABRIEL CORREIA,LEONARDO CORREIA,M,10/12/1986,Válido,12
12012,184,Não eleito,JOSE LOPES DA COSTA,ZÉ PRETINHO,M,10/06/1956,Válido,12
12121,32,Não eleito,GILMAR ABELINA DE JESUS,GILMAZINHO DJ,M,14/07/1970,Válido,12
12100,5,Não eleito,JESSICA ALMEIDA DA CONCEIÇÃO,JÉSSICA ALMEIDA,F,30/01/1991,Válido,12
12999,0,Não eleito,LORENA SILVA,LORENA SILVA,F,12/03/1980,Válido,12
12555,85,Não eleito,JOÃO CARLOS RIBEIRO FONTES,JOÃO GARÇOM,M,12/01/1974,Válido,12
28000,8,Não eleito,CLAUDIA FERREIRA DA SILVA,CLAUDIA,F,21/06/1977,Válido,28
28224,2,Não eleito,AUXILIADORA OLIVEIRA ARAUJO,DORA DO POVÃO,F,09/02/1962,Válido,28
28020,40,Não eleito,EMILSON DANTAS DOS SANTOS,PROFESSOR EMILSON DANTAS,M,01/08/1962,Válido,28
28041,422,Não eleito,ALIKS GHISOLFI,ALIKS GUISOLFI,M,09/01/1976,Válido,28
28222,3,Não eleito,MARLI CONGÔ,MARLI CONGÔ,F,09/10/1964,Válido,28
28028,76,Não eleito,VICTOR DEMETRIO OLIVEIRA,VITINHO DO GURIRI,M,30/07/1982,Válido,28
28100,27,Não eleito,HELIO MACHADO DAS NEVES,MACHADO MOTOTAXI,M,25/09/1970,Válido,28
28123,65,Não eleito,JOSE LIMA,ZEZINHO DA FARMACIA,M,19/03/1954,Válido,28
28190,304,Não eleito,JESSE CUPERTINO,CABO CUPERTINO,M,20/05/1981,Válido,28
28333,15,Não eleito,MARIA DAS GRAÇAS NUNES SILVA,GRAÇA DO LIBERDADE,F,10/02/1952,Válido,28
28633,3,Não eleito,TALITA FERREIRA DE OLIVEIRA,TALITA,F,12/03/1984,Válido,28
28456,165,Não eleito,SIDNEY WAGMACKER BATISTA DA SILVA,NEIZIN,M,12/09/1989,Válido,28
28888,99,Não eleito,LEONARDO JOSE NARDOTO CONDE,LEONARDO,M,29/05/1953,Válido,28
65800,37,Não eleito,OSVALDO ALVES,OSVALDO ALVES,M,10/09/1963,Válido,65
65300,30,Não eleito,ALAN LOPES XAVIER,ALAN DO COCO,M,05/06/1979,Válido,65
65200,3,Não eleito,ADRIANA APARECIDA DE OLIVEIRA EUSTÁQUIO,ADRIANA APARECIDA,F,16/03/1980,Válido,65
65123,36,Não eleito,ANDRELINO ARAGÃO,PROFESSOR ARAGÃO,M,07/06/1974,Válido,65
65100,100,Não eleito,JONAS BONOMO,JONAS BONOMO,M,29/08/1963,Válido,65
90217,162,Suplente,ORLANDO SANTOS COUTINHO,ORLANDO ELETRICISTA,M,17/05/1972,Válido,90
90000,412,Suplente,JOAO BATISTA STINGNEL DOS SANTOS,STING,M,05/06/1963,Válido,90
90234,150,Suplente,JOSE FERREIRA,ZE BRASIL,M,20/10/1952,Válido,90
90456,177,Suplente,JUDITE RIBEIRO DE OLIVEIRA,JUDITE,F,08/12/1964,Válido,90
90111,141,Suplente,HUMBERTO LOPES,HUMBERTO,M,14/04/1977,Válido,90
90123,159,Suplente,IZAIAS AGOSTINHO ALVES,IZAIAS CAÇAMBEIRO,M,16/08/1964,Válido,90
90199,53,Suplente,PAULO SERGIO DOS SANTOS,SERGINHO,M,04/05/1973,Válido,90
90190,784,Suplente,NIVALDO ANTONIO DOS SANTOS,WAP WAP,M,02/11/1956,Válido,90
90500,790,Eleito,CRISTIANO DE JESUS SILVA,CRISTIANO BALANGA,M,23/02/1978,Válido,90
90333,20,Suplente,ADEVANIR PIRES DE JESUS,DEVANIR,M,02/12/1979,Válido,90
90777,111,Suplente,LUIZ GUILHERME BARCELLOS,LUIZINHO BARCELLOS,M,27/04/1963,Válido,90
90222,1,Não eleito,MARIA ALICE DE SOUZA,PROFESSORA MARIA ALICE,F,21/03/1945,Anulado,90
90100,463,Suplente,WALTENYR VINHATI DO CARMO,VALTENIR VINHATI,M,27/09/1959,Válido,90
90192,11,Suplente,ANGELA MARIA RIBEIRO FERNANDES,ANGELA DO BAR,F,13/04/1962,Válido,90
90020,41,Suplente,SHIRLEY BRAGA RODRIGUES,SHIRLEY BRAGA,F,14/04/1981,Válido,90
