numero,votos_nominais,situacao,nome,nome_urna,sexo,data_nasc,destino_voto,numero_partido
23000,236,Eleito,BRENO LUCIO ANDRADE OLIVEIRA,BRENO DO SALÃO,M,17/04/1993,Válido,23
23233,239,Eleito,JOSÉ CARLOS FERREIRA DOS SANTOS,CARLINHOS CAFÉ,M,17/08/1977,Válido,23
23003,7,Suplente,ALESSANDRA FABIANO CORREIA IGNACIO,ALESSANDRA IGNACIO,F,08/01/1985,Válido,23
23111,72,Suplente,TERESINHA MARIA DEL PUPPO,MARICA,F,19/12/1959,Válido,23
23723,130,Suplente,FERNANDO DA SILVA,FERNANDO DO GAS,M,26/09/1984,Válido,23
23231,44,Suplente,ANA PAULA DA CONCEIÇÃO IMBERTI,ANA PAULA DA ASCOMÇU,F,01/08/1989,Válido,23
23456,94,Suplente,JOSE CARLOS FAVARO,JOSE CARLOS FAVARO PANANÃ,M,24/09/1966,Válido,23
23123,180,Suplente,MARCOS CORDEIRO DA SILVA,MACÁRIO,M,11/10/1982,Válido,23
23312,9,Suplente,GESSI FERREIRA,DEMOCRATA,M,25/04/1977,Válido,23
23023,108,Suplente,MAURÍCIO DE MENEZES MATOS,PROFESSOR MAURÍCIO,M,31/03/1988,Válido,23
23625,17,Suplente,MARIA NILTA NASCIMENTO DE BRITO,NENA,F,28/11/1968,Válido,23
23010,34,Suplente,CLOVIS ACERBI,CLOVIS DO TAXI,M,10/04/1956,Válido,23
23555,231,Suplente,MAXSUEL DE OLIVEIRA SENA,MAXSUEL SENA,M,23/04/1975,Válido,23
23333,44,Suplente,FLÁVIA KONIECZNA BISSI,PROFESSORA FLÁVIA,F,01/08/1975,Válido,23
15345,83,Não eleito,MAURICIO BRAZ CURTO,MAURIN,M,03/02/1953,Válido,15
15675,8,Não eleito,EUNICE FELIX VIEIRA,EUNICE FELIX VIEIRA,F,07/07/1960,Válido,15
15321,4,Não eleito,CHIRLEY CASAGRANDE,CHIRLEY CASAGRANDE,F,14/01/1988,Válido,15
15444,50,Não eleito,AURELIO PEREIRA,AURELIO DA ESCELSA,M,16/06/1958,Válido,15
15124,16,Não eleito,MARIA LUCIA ANDRADE PIGNATON,DONA LUCIA DA DELEGACIA,F,04/05/1943,Válido,15
15555,10,Não eleito,ANNA CLAUDIA ALVES GRATZ,CLÁUDIA GRATZ,F,23/01/1977,Válido,15
15333,11,Não eleito,MARCOS ANDERSON FURIERI,MARQUINHOS FURIERI ,M,14/10/1971,Válido,15
15677,2,Não eleito,GESLANNE ROCHA PEREIRA,GESLANNE ROCHA PEREIRA,F,19/03/1973,Válido,15
15123,144,Não eleito,CICIO ARAUJO BRAGA,CICIO BRAGA,M,26/09/1977,Válido,15
15222,23,Não eleito,JOSE BENEDITO ALVES DA ENCARNAÇÃO,ZÉ CANJICA,M,16/10/1957,Válido,15
15232,12,Não eleito,BELINO PEREIRA,BELINO PEREIRA,M,26/11/1953,Válido,15
40456,245,Suplente,ALBERTO DE OLIVEIRA FILHO,BETO DO SALÃO,M,25/07/1968,Válido,40
40444,8,Suplente,JOÃO RAMOS DE OLIVEIRA,JOÃO RAMOS,M,16/04/1961,Válido,40
40222,35,Suplente,MOACIR ROSA DE JESUS,MOACIR DO BANCO,M,18/09/1967,Válido,40
40345,67,Suplente,ROSEMARY MOURA SILVA,ROSEMARY MOURA,F,15/07/1974,Válido,40
40000,146,Suplente,ELIAS JORGE MATTIUZZI,JORGE MATTIUZZI,M,24/05/1951,Válido,40
40777,10,Suplente,ILZA MARIA DE LIMA AUER,ILZA DO CALIFÓRNIA,F,29/04/1964,Válido,40
40555,318,Eleito,JOSE FABIO DEMUNER,FABINHO DA PESTALOZZI,M,05/09/1970,Válido,40
40333,362,Eleito,VALERIA DOS SANTOS ROSALÉM,VALÉRIA ROSALÉM,F,25/07/1966,Válido,40
40123,96,Suplente,JOÃO PAULO LOMBARDI,JOÃO PAULO LOMBARDI,M,21/04/1984,Válido,40
43005,39,Suplente,CÉSAR GOMES SOARES,CÉSAR DA PREFEITURA,M,11/07/1968,Válido,43
43000,58,Suplente,ROGERIO JOSE MARTINS,ROGERIO LAMBÃO,M,25/10/1966,Válido,43
43101,24,Suplente,ANTÔNIO DA CONCEIÇÃO,ANTÔNIO MUSSUM,M,12/02/1957,Válido,43
43222,80,Suplente,ORLANDO CASOTTO,ORLANDO CASOTTO,M,02/10/1954,Válido,43
43333,157,Suplente,THIAGO PAGUNG RAMPINELLI,THIAGO PAGUNG,M,18/01/1993,Válido,43
43789,98,Suplente,DOMINGOS GASPARINI,DOMINGOS GASPARINI,M,01/06/1959,Válido,43
43500,55,Suplente,CONCEIÇÃO PIRCHIRNER TRAZZI,ALEMOA,F,18/02/1972,Válido,43
43299,12,Suplente,JOELMA DA SILVA,JOELMA DA SILVA,F,29/12/1981,Válido,43
43456,3,Suplente,ALAILSON AMARAL DE SOUZA JÚNIOR,JUNINHO AMARAL ESTILOS,M,05/08/1991,Válido,43
43123,319,Eleito,ELISABETE RAMOS MALBAR,BETE MALBAR,F,02/10/1959,Válido,43
43334,6,Suplente,MARLENE DOS SANTOS BRAZ,MARLENE BRAZ,F,28/10/1944,Válido,43
33666,0,Suplente,ANTONIO PEDRO,ANTONIO PEDRO,M,08/06/1964,Válido,33
33678,243,Eleito,ALOIR PIOL,ALOIR PIOL,M,31/12/1966,Válido,33
33555,8,Suplente,LINETE APARECIDA MATOS,LINETE MATOS,F,18/06/1972,Válido,33
33789,20,Suplente,SINVAL DE AGUIAR,SINVAL AGUIAR,M,30/05/1966,Válido,33
33190,47,Suplente,CESAR AUGUSTO ARAUJO GOUVEIA,CABO CESAR,M,25/01/1955,Válido,33
33444,7,Suplente,JEANE KELLY BARBOSA CORREIA,JEANE KELLY,F,17/12/1976,Válido,33
33330,37,Suplente,GIOVANIA DA SILVA,GIOVANIA DA CELESTE,F,23/03/1981,Válido,33
33123,53,Suplente,LAURINDO ANTONIO PASOLINI,LAURINDO PASOLINI,M,17/06/1969,Válido,33
33000,64,Suplente,SEBASTIÃO GIRO,TIÃO GIRO,M,01/06/1965,Válido,33
33456,71,Suplente,LUCIANA SECONDINO SAMORA,LUCIANA DO LUIZ,F,18/03/1983,Válido,33
20123,112,Suplente,JOSE NELSON SCOPEL PERINI,JOSÉ NELSON ,M,28/11/1955,Válido,20
20008,6,Suplente,ANTONIO PACHECO LEMKE,ANTONIO PACHECO,M,01/03/1945,Válido,20
20111,17,Suplente,ROSANGELA MARIA VIEIRA,ROSA,F,03/12/1972,Válido,20
20000,189,Suplente,HELBERT AVANCINI RODRIGUES,HELBERT DO SALÃO,M,01/09/1979,Válido,20
20020,12,Suplente,ANA MARIA PIGNATON RECLA,ANA PIGNATON RECLA,F,16/01/1964,Válido,20
20444,15,Suplente,MARIA DO CARMO SOUZA COELHO,MARIA DO CARMO SOUZA COELHO,F,21/10/1963,Válido,20
20625,200,Eleito,VANDERLEI ALVES DA SILVA,VANDERLEI ALVES DA SILVA,M,16/05/1954,Válido,20
20555,51,Suplente,JOSE CARLOS CORDEIRO,NENEM CORDEIRO,M,06/06/1967,Válido,20
20777,75,Suplente,LUIS FLAVIO CORREIA,PR. LUIS FLAVIO,M,20/12/1979,Válido,20
55666,88,Não eleito,DELOCI FRANCISCA ANDRADE DA ROS,DELOCI,F,03/10/1979,Válido,55
55015,144,Não eleito,RUBERVAL PIGNATON,RUBERVAL,M,11/03/1962,Válido,55
55123,4,Não eleito,ERLON MACIEL MATOS,ERLON,M,25/06/1974,Válido,55
55000,8,Não eleito,JAQUELINE DOS SANTOS LIMA,JAQUELINE,F,10/06/1988,Válido,55
55555,62,Não eleito,JAIRO EDIANO SANTOS,JAIRO,M,16/07/1984,Válido,55
55055,1,Não eleito,JULIO CESAR GOBBI,GOBBI,M,13/01/1958,Válido,55
11777,67,Suplente,ANGELO SIMÕES,ANGINHO,M,04/11/1980,Válido,11
11455,12,Suplente,CLAUDIA MARA DOS SANTOS BEZERRA MATTIUZZI,CLAUDIA,F,19/06/1979,Válido,11
11000,46,Suplente,RAFAEL LOPES,RAFAEL LOPES,M,16/05/1991,Válido,11
11459,14,Suplente,KARLA IGNACIO DOS ANJOS RODRIGUES,KARLA IGNACIO,F,21/02/1991,Válido,11
11123,316,Eleito,RENATO LUIZ RAMALHO,RENATO RAMALHO,M,12/04/1974,Válido,11
11222,77,Suplente,JOSÉ LUIZ MANARA,MANARA,M,21/01/1965,Válido,11
11125,25,Suplente,NEUZA COSTA PELUCHI,NEUZA COSTA PELUCHI,F,20/04/1960,Válido,11
11500,99,Suplente,JOSE GERALDO ROSSI,ZÉ PINTOR,M,06/04/1960,Válido,11
12011,14,Suplente,IVANIR KRENTZ,GAÚCHA,F,17/04/1956,Válido,12
12321,23,Suplente,ADENIR DOS SANTOS GOMES,CABOQUINHO,M,13/02/1965,Válido,12
12338,36,Suplente,CENIRA VENÂNCIO MEDEIROS OLIVEIRA,CENIRA VENÂNCIO,F,04/09/1965,Válido,12
12000,307,Eleito,OTÁVIO LUIZ GUSSO MAIOLI,OTAVIO MAIOLI,M,09/03/1982,Válido,12
12345,36,Suplente,LORIAN GUZZO ACERBE,LORIAN GUZZO ACERBE,M,11/05/1990,Válido,12
12001,19,Suplente,AUGUSTO CESAR PINTO SEREJO,PROFESSOR CESAR SEREJO,M,02/09/1972,Válido,12
12736,59,Suplente,SEBASTIÃO GONÇALVES FERREIRA,PASTOR GUILHERME,M,25/06/1952,Válido,12
12112,19,Suplente,JOCIRLEY ROSA,SILEY MORENO,M,17/08/1982,Válido,12
12123,53,Suplente,EMÍLIA MARIA DA SILVA MADEIRA,PROFESSORA EMÍLIA MADEIRA,F,22/07/1965,Válido,12
