numero,votos_nominais,situacao,nome,nome_urna,sexo,data_nasc,destino_voto,numero_partido
15111,55,Suplente,EDIRALDO VANDEL REI,EDIRALDO VANDEL REI,M,05/06/1963,Válido,15
15270,21,Suplente,MANOEL DA PAIXÃO MIGUELINO,MANOEL DA BIKE,M,10/04/1993,Válido,15
15123,14,Suplente,ELIANE PEREIRA DOS SANTOS,ELIANE,F,01/12/1981,Válido,15
15666,7,Suplente,SILVERIA PEREIRA DOS SANTOS VANDERMAZ,SILVERIA CACHOS,F,13/04/1990,Válido,15
15222,2,Suplente,ROSANGELA DE JESUS,ROSANGELA DE JESUS,F,17/03/1982,Válido,15
15999,101,Eleito,RICARDO MOTA SOUZA,RICARDO,M,21/02/1992,Válido,15
15777,79,Suplente,ERNANDES ALVES ROCHA,ERNANDES,M,25/05/1961,Válido,15
15333,16,Suplente,IVAN CARLOS PEREIRA AVELAR,IRMÃO IVAN,M,16/08/1976,Válido,15
15444,15,Suplente,LUCIMAR COELHO DA SILVA,LUCIMAR COELHO,F,08/08/1979,Válido,15
15015,47,Suplente,VINICIUS RIBEIRO DE OLIVEIRA,VINICIOS DA MERCEARIA,M,14/05/1981,Válido,15
15000,459,Eleito,ERNESTO BRUNORO COUTO,ERNESTO COUTO,M,23/03/1990,Válido,15
15555,201,Eleito,LUIZ MARCIO ALMEIDA ROCHA,MARCIO ROCHA,M,19/10/1977,Válido,15
11123,0,Suplente,DIONE CLEIDE PEREIRA GOMES,SONIA,F,24/09/1963,Válido,11
11888,73,Suplente,YOKO ONO NUNES SOARES KRETLI,KIONE,F,16/10/1971,Válido,11
11777,133,Suplente,JUCILANDE SANTOS DE OLIVEIRA,LANDO DA SAÚDE,M,28/05/1976,Válido,11
11333,151,Eleito,GERSON BISPO DE OLIVEIRA,GELSINHO DA SAÚDE,M,23/12/1982,Válido,11
11000,145,Suplente,JOSE SENI BRUNORO LISBOA,JUNIOR LISBOA,M,01/08/1983,Válido,11
11110,7,Suplente,VALDINEIA RODRIGUES MEDINA DOS SANTOS,VALDINEIA,F,31/08/1986,Válido,11
11234,4,Suplente,SUELI LEMOS DE SOUZA SANTOS,SUELI LEMOS,F,25/01/1981,Válido,11
11444,13,Suplente,MARCELO LOPES DE ARAUJO,MARCELO DA SAÚDE,M,24/10/1972,Válido,11
11190,28,Suplente,ALEXANDRE FERREIRA DE OLIVEIRA,ALEXANDRE,M,24/04/1984,Válido,11
11222,174,Eleito,RONALDO DE SOUZA FAGUNDES,RONALDO DA OFICINA,M,06/04/1970,Válido,11
11555,135,Suplente,LUCIANO RODRIGUES DE SOUZA,KALANGO,M,28/02/1976,Válido,11
11111,31,Suplente,FERNANDO DE OLIVEIRA RIOS,FERNANDO,M,08/10/1980,Válido,11
40555,197,Eleito,ROMARIO ALVES DA SILVA,ROMARIO,M,23/07/1972,Válido,40
40123,158,Suplente,ARTHUR RIBEIRO CRAUSO,ARTHUR,M,13/10/1980,Válido,40
40999,214,Eleito,ELIANE VIEIRA SILVA RAMOS,ELIANA,F,04/07/1977,Válido,40
40444,196,Suplente,ALEX DE JESUS SOUZA,ALEX,M,27/09/1988,Válido,40
40456,99,Suplente,ELIENE MARTINS ALVES,ELIENE,F,18/07/1968,Válido,40
40111,206,Eleito,REINALDO ALVES SANTOS,REINALDO DO ESPORTE,M,17/10/1968,Válido,40
17015,178,Suplente,EDIR DIAS LOPES,CABO LOPES,M,01/07/1963,Válido,17
17115,41,Suplente,DERLES JUNIA CAMARGO MARQUES SILVA,DERLES JÚNIA,F,09/06/1993,Válido,17
17915,8,Suplente,MARINEIDE MARQUES BRITO,NEIDE PROFESSORA,F,09/02/1969,Válido,17
17615,27,Suplente,SABRINA FERREIRA DE ALMEIDA,SABRINA,F,25/01/1985,Válido,17
17123,195,Eleito,OTÁVIO SANTOS DE SOUZA,OTÁVIO,M,18/08/1977,Válido,17
17415,39,Suplente,RONILDO FERRAZ DA SILVA,NIDO,M,06/03/1978,Válido,17
17215,33,Suplente,ROGERIO BORGES DE ALMEIDA,ROGERIO BORGES,M,29/04/1977,Válido,17
17815,114,Suplente,VILMAR DOS ANJOS SILVA,VILMAR DA VAN,M,14/03/1977,Válido,17
17777,28,Suplente,FABIO ATAIDE MOREIRA,FABIO ATAIDE,M,23/07/1979,Válido,17
17515,52,Suplente,ALESSANDRO MARTINS BARBOSA,FAUSTÃO,M,05/05/1978,Válido,17
13123,32,Não eleito,TAISLANE TEIXEIRA DE SOUZA,TAISLANE,F,29/03/1995,Válido,13
13444,13,Não eleito,ANA MARIA KRETLI CONRADO,ANA MARIA,F,30/04/1990,Válido,13
13333,114,Não eleito,IVANILSON VIEIRA DOS SANTOS,IVANILSON,M,13/08/1975,Válido,13
