numero,votos_nominais,situacao,nome,nome_urna,sexo,data_nasc,destino_voto,numero_partido
70100,179,Suplente,ELSON JOSE SOARES COELHO,DR ELSON SOARES,M,04/12/1959,Válido,70
70789,2529,Suplente,GABRIEL CALDAS DE MORAES,GABRIEL MORAES,M,23/03/1987,Válido,70
70153,152,Suplente,RAIMUNDO AUGUSTO DA SILVA ALCANTARA,AUGUSTO ALCANTARA,M,18/01/1968,Válido,70
70180,339,Suplente,EMANOEL ITAMAR DE ATAIDE LEITE JUNIOR,EMANOEL LEITE,M,26/08/1970,Válido,70
70700,132,Suplente,ORLANDINO DE SOUZA CARVALHO,GUERREIRO CARVALHO,M,27/01/1948,Válido,70
70192,3046,Suplente,ELENILSON JOSE SANTOS DA COSTA,DR ELENILSON,M,03/12/1968,Válido,70
70077,109,Suplente,NEUZA AMELIA BRAGA SALES,NEUZA SALES,F,30/07/1959,Válido,70
70111,302,Suplente,RAIMUNDO FRANCIMAR MARQUES DE SOUZA,RALEL MARQUES,M,28/04/1981,Válido,70
70012,194,Suplente,ERICO GERALDO SODRE SOUZA,ERICO SODRE,M,10/03/1983,Válido,70
70123,484,Suplente,ROBERTO SANDRO CARDOSO MONTEIRO,ROBERTO MONTEIRO,M,04/12/1971,Válido,70
70007,484,Suplente,PAULO FERNANDO SILVA FRANÇA JUNIOR,PAULO FRANÇA,M,23/05/1986,Válido,70
70770,394,Suplente,BRUNO NATAN ABRAHAM BENCHIMOL,BRUNO BENCHIMOL,M,12/07/1981,Válido,70
70045,63,Suplente,LUIZ CARLOS MIRANDA MACIEL,LUIZINHO DO TÁXI,M,17/05/1978,Válido,70
70000,5778,Eleito,JOSE LUIZ PANTOJA MORAIS,ZECA DO BARREIRO,M,17/12/1965,Válido,70
70232,186,Suplente,JOSE RAIMUNDO GIOCA MENDES,ZECA DO MANGUEIRÃO,M,31/01/1971,Válido,70
70614,271,Suplente,CARMEM EUNICE DA COSTA BARBOSA,CARMEM BARBOSA,F,18/01/1961,Válido,70
70222,350,Suplente,CRISTIANO PINHEIRO DIAS,CRISTIANO DIAS,M,18/07/1986,Válido,70
70033,110,Suplente,AUGUSTO CESAR DE ARAUJO SILVA,PR AUGUSTO CÉSAR,M,03/08/1978,Válido,70
70999,2050,Suplente,SAMUEL TADEU LIMA AFLALO,SAMUEL AFLALO,M,17/11/1962,Válido,70
70121,148,Suplente,SERGIO PAIVA RODRIGUES,SERJÃO DO POVÃO,M,21/01/1967,Válido,70
70777,678,Suplente,ANA VIRGÍNIA PANTOJA CORREA,VIRGÍNIA PANTOJA,F,29/09/1988,Válido,70
70888,117,Suplente,MARCIA CRISTINA SILVA E SILVA,MARCIA SILVA,F,24/07/1971,Válido,70
70377,511,Suplente,SILVIA NATASHA AMERICO DAMASCENO,SILVIA NATASHA,F,14/06/1980,Válido,70
70070,2205,Suplente,ANDERSON DE ARAUJO CARVALHO,EVANGELISTA ANDERSON,M,03/05/1982,Válido,70
70333,240,Suplente,RUY ERNANDO MARTINS,PROF RUY MARTINS,M,01/11/1979,Válido,70
70150,6,Suplente,MARIA EDUARDA ROCHA NASCIMENTO LOUCHARD,EDUARDA LOUCHARD,F,12/03/1975,Válido,70
70190,136,Suplente,INGRID SOUZA DA CONCEIÇÃO,CABO INGRID,F,06/06/1985,Válido,70
70444,2759,Suplente,MARCIEL SARAIVA DE ALMEIDA,MARCIEL MANÃO,M,25/01/1970,Válido,70
70139,98,Suplente,WALESKA MAY GIRARD PEREIRA,WALESKA GIRARD,F,13/09/1972,Válido,70
23199,62,Suplente,ODINEA REGINA PEREIRA DA SILVA,ODINEA SILVA ,F,31/10/1970,Válido,23
23923,80,Suplente,JULIO LESSA PENA,JULIO LESSA,M,05/02/1951,Válido,23
23232,219,Suplente,JOÃO DOS SANTOS COSTA,JOÃO SANTOS,M,26/07/1952,Válido,23
23880,102,Suplente,GISELLE CRISTINA ESTRELA CORDEIRO,ESTRELA CRISTINA,F,29/04/1990,Válido,23
23150,285,Suplente,MANOEL CASTILHO GUEDES,MANOEL GUEDES PERSONAL,M,11/07/1972,Válido,23
23678,711,Suplente,RAIMUNDO NONATO PIRES FILGUEIRAS,NONATO FILGUEIRAS,M,04/04/1955,Válido,23
23171,27,Suplente,FRANCISCO CARLOS FERNANDES OLIVEIRA,XERIFE DO FUTURO,M,19/02/1958,Válido,23
23877,70,Suplente,KATIA REJANE DA SILVA MENEZES,KATIA MUNDICA,F,12/09/1966,Válido,23
23300,100,Suplente,ADELSON PASSOS FONSECA,ADELSON PASSOS,M,12/03/1985,Válido,23
23230,128,Suplente,BRUNO ALEX SILVA DE AQUINO,DR. BRUNO AQUINO,M,07/04/1987,Válido,23
23223,103,Suplente,SANDRO LUIZ MONTEIRO LOPES,IRMÃO SANDRO,M,23/12/1970,Válido,23
23000,3647,Eleito,MATHEUS DOS SANTOS CAVALCANTE,MATHEUS CAVALCANTE,M,16/04/1997,Válido,23
23012,405,Suplente,CARLOS SYDNEY PEREIRA DE CARVALHO,SYDNEY CARVALHO,M,02/10/1985,Válido,23
23444,2591,Suplente,PAULO MAURÍCIO OLIVEIRA PINHO,PAULO PINHO,M,15/08/1972,Válido,23
23023,2353,Suplente,JULIANA MARIA ZAIRE FONTELES DE LIMA,JULIANA FONTELES,F,05/08/1978,Válido,23
23200,938,Suplente,FRANCISCO DE ASSIS ALVES DE CASTRO,FRANCISCO CASTRO,M,20/11/1957,Válido,23
23655,208,Suplente,WALDEMAR JOSÉ RAMOS SOARES,WALDEMAR SOARES,M,30/07/1961,Válido,23
23285,26,Suplente,ALEX SANDRO PINTO PENICHE,ALEX DA PERIMETRAL,M,20/11/1985,Válido,23
23123,2705,Suplente,SIMONE CAROLE CAMPELO KAHWAGE DOS SANTOS,SIMONE KAHWAGE,F,09/02/1977,Válido,23
23777,186,Suplente,EVALDO ALMEIDA ROSA,COBRADOR PREGADOR,M,12/08/1972,Válido,23
23116,22,Suplente,CELICE RODRIGUES DA SILVA,CECI SILVA,F,29/08/1999,Válido,23
23003,383,Suplente,MARCOS NAZARENO MAIA SEABRA,MARCOS BELEZA,M,18/11/1969,Válido,23
23818,83,Suplente,EDINALDO ANTONIO ALVES RAMOS,NALDO LAVA JATO,M,29/10/1972,Válido,23
23580,612,Suplente,MARIA GRACIETE GOMES,BETH GOMES,F,02/08/1961,Válido,23
23500,530,Suplente,SILVIO CEZAR MAUÉS BATISTA,DELEGADO SILVIO MAUÉS,M,19/12/1967,Válido,23
23783,134,Suplente,FABIO LUIZ COSTA PIMENTA,FABIO PIMENTA,M,08/11/1988,Válido,23
23436,96,Suplente,CLAUDIA SIMONE MOY NUMAZAWA,CLAUDIA MOY NUMAZAWA,F,04/01/1974,Válido,23
23253,79,Suplente,JOSE RICARDO ANDRADE DA SILVA,RICARDO SILVA,M,11/11/1975,Válido,23
23999,228,Suplente,JANE MONTEIRO NEVES,JANE NEVES,F,17/12/1952,Válido,23
23456,216,Suplente,DIEGO RIBEIRO SILVA,SAN DIEGO,M,28/03/1987,Válido,23
23303,613,Suplente,JOSÉ LEVY DE LIMA CARDOSO,LEVY CARDOSO,M,17/01/1966,Válido,23
23100,1356,Suplente,OTAVIO LUIS WANDERLEY LIMA,OTAVIO PIPAS,M,01/02/1983,Válido,23
23623,539,Suplente,ISRAEL NAZARENO ATHAYDE DO AMARAL,ISRAEL ATHAYDE,M,10/11/1980,Válido,23
23433,87,Suplente,MANOEL ARAUJO DOS SANTOS,MANOEL CARECA,M,26/05/1963,Válido,23
23333,1076,Suplente,MARGARIDA COSTA PARENTE,MEG PARENTE,F,26/01/1980,Válido,23
23192,1099,Suplente,HELTON NAZARENO DA SILVA LAGOIA,HELTON LAGOIA,M,28/03/1976,Válido,23
23234,922,Suplente,MIGUEL ANGELO CAVALCANTE VIEIRA,MIGUEL ANGELO,M,29/09/1981,Válido,23
23001,2013,Suplente,VITOR SALES CAMINHA,VITOR SALES,M,07/03/1998,Válido,23
23131,89,Suplente,DJAIR DA MOTA ALVES,DJAIR ALVES,M,13/03/1954,Válido,23
27001,219,Não eleito,EMANOEL ESTEVAM DE SOUZA FERREIRA,EMANOEL FERREIRA,M,25/02/1964,Válido,27
27555,113,Não eleito,RODIVALDO VASCONCELOS BATISTA,WALTINHO BATISTA,M,11/09/1971,Válido,27
27027,48,Não eleito,VENER RIOS,VENER,M,11/10/1963,Válido,27
27013,70,Não eleito,DANIEL SOUZA DE JESUS,DANIEL DO TAPANÃ,M,13/07/1958,Válido,27
27777,25,Não eleito,MARCUS ROGÉRIO MENDES FREITAS,MARQUINHO DA SACRAMENTA,M,28/03/1973,Válido,27
27103,63,Não eleito,GILBERTO NASCIMENTO JESUS,GILBERTO JESUS,M,12/04/1986,Válido,27
27222,295,Não eleito,ADOLFO FARIAS NETO,ADOLFO PINGO,M,21/07/1987,Válido,27
27101,0,Não eleito,PEDRO MORAES MACIEL,PEDRO MACIEL,M,09/05/1966,Válido,27
27017,157,Não eleito,MARIA CRISTINA BARROS ROLLO,CRISTINA DA MORENINHA,F,15/08/1973,Válido,27
27999,997,Não eleito,DENILSON GOMES MIRANDA,DECO MIRANDA,M,26/11/1972,Válido,27
27070,130,Não eleito,SORAIA FADELL DA SILVA,SORAIA FADELL,F,08/10/1974,Válido,27
27010,147,Não eleito,EDILSON DE OLIVEIRA EVANGELISTA,EDILSON EVANGELISTA,M,22/09/1972,Válido,27
27102,106,Não eleito,ALESSANDRA HELETHEIA ASSUNÇÃO DE SOUZA VIANA,ALESSANDRA VIANA,F,04/05/1977,Válido,27
27741,13,Não eleito,HALANNA THAYSE PEREIRA DA SILVA,HALANNA,F,07/12/1993,Válido,27
27100,6,Não eleito,ROSIANI DA SILVA SANTOS,LEDA ROSI,F,14/03/1981,Válido,27
27227,571,Não eleito,NILZOMAR CARDOSO SALIM,SALIM,M,23/06/1962,Válido,27
27123,254,Não eleito,OLAVO CRAVEIRO PANTOJA,OLAVO PANTOJA,M,12/03/1974,Válido,27
27007,292,Não eleito,LÍGIA LUZ BARBOSA,LIGIA BARRO DURO,F,23/01/1969,Válido,27
27105,0,Não eleito,CARLOS HENRIQUE CAMPOS LOUZEIRO,CARLOS HENRIQUE,M,15/09/1987,Válido,27
27135,41,Não eleito,MARIA DE NAZARÉ DO SOCORRO GONÇALVES,SOCORRO GONÇALVES,F,15/09/1973,Válido,27
27104,31,Não eleito,CARLOS ANDREY MONTEIRO SILVA,CARLOS ANDREY,M,03/04/1991,Válido,27
27038,519,Não eleito,LUÍS FERNANDO VILLA REAL SANTOS,FERNANDO VILLA REAL,M,15/10/1982,Válido,27
27198,0,Não eleito,VANUZA MACHADO DOS SANTOS,VANUZA SANTOS,F,07/09/1998,Válido,27
27002,113,Não eleito,LADILSON ALEXANDRE LACOSTE GOUVEIA,LADILSON ALEXANDRE,M,11/02/1981,Válido,27
27111,2,Não eleito,VALÉRIO ADELINO BATISTA IMBIRIBA,VALÉRIO IMBIRIBA,M,09/02/1975,Válido,27
27006,5,Não eleito,RAFAEL WEND DE SENA CASTRO,RAFAEL SENA,M,06/01/1974,Válido,27
27707,577,Não eleito,EDSON ANDRADE SOUZA,EDINHO DO MERCANTIL EDINHO,M,22/10/1973,Válido,27
25600,407,Suplente,MARCELO MONTEIRO DE CAMPOS,MARCELÃO MACHADÃO,M,18/12/1986,Válido,25
25123,5224,Eleito,FABRICIO PEREIRA DA GAMA,FABRICIO GAMA,M,05/11/1973,Válido,25
25655,1099,Suplente,PAULO CEZAR SANTOS DA SILVA,PAULÃO TRIO DA ILHA,M,06/03/1962,Válido,25
25144,351,Suplente,IAN TEIXEIRA TEMBRA,IAN TEMBRA,M,14/12/1992,Válido,25
25001,1968,Suplente,LUIS CARLOS PEREIRA DA SILVA,LUIZINHO,M,25/07/1966,Válido,25
25000,251,Suplente,FRANCISCO ASSUNÇAO DA CUNHA,KINHO DA KISSAN,M,04/10/1964,Válido,25
25018,66,Suplente,WALDIRENE FERREIRA MARTINS,WAL MARTINS,F,12/07/1969,Válido,25
25444,135,Suplente,ROBERTO FONSECA RIBEIRO,ROBERTO RIBEIRO,M,14/11/1989,Válido,25
25250,437,Suplente,MARCIO LOPES DA SILVA,MARCIO LANCHES,M,27/05/1978,Válido,25
25222,219,Suplente,MAURICIO MENDES DE OLIVEIRA,MAURICINHO,M,14/07/1957,Válido,25
25100,362,Suplente,LUIZ ANTONIO HABER DE MENEZES,LUIZ MENEZES,M,15/11/1973,Válido,25
25333,340,Suplente,OSVALDO MARQUES DA SILVA NETTO,NETTO MARQUES,M,30/04/1985,Válido,25
25345,689,Suplente,JOSE NERI FINGER,ALEMÃO,M,03/02/1969,Válido,25
25800,4688,Suplente,ANTÔNIO OLIVEIRA DE LIMA,TORÉ LIMA,M,24/02/1968,Válido,25
25143,347,Suplente,GILBERTO GOMES DA SILVA,GILBERTO GOMES,M,15/02/1961,Válido,25
25775,793,Suplente,EDICIMAR SOURIENSE CORREA,ACARI,M,24/12/1971,Válido,25
25500,916,Suplente,DAYSE DO SOCORRO GOUVEIA LOUREIRO,DAYSE LOUREIRO,F,16/08/1965,Válido,25
25225,82,Suplente,SANDRA SOFIA DOMINGUES,SANDRA DOMINGUES,F,18/09/1953,Válido,25
25678,135,Suplente,DAN CAMPOS PEREIRA,DAN CAMPOS,M,20/05/1970,Válido,25
25555,3834,Suplente,YAN TEIXEIRA MIRANDA NUNEZ,YAN MIRANDA,M,27/01/1990,Válido,25
25200,348,Suplente,MARCOS ALAN LEMES DA CRUZ,MARCÃO LEMOS,M,15/09/1973,Válido,25
25777,257,Suplente,EVERTON PIRES DA CONCEIÇÃO,PROF EVERTON PIRES,M,07/12/1976,Válido,25
25601,19,Suplente,KELLY TORRES DE MENEZES,KELLY TORRES,F,13/07/1981,Válido,25
25101,420,Suplente,ABRAÃO MORAIS DA SILVA,ABRAÃO MORAIS,M,21/09/1962,Válido,25
25223,18,Suplente,VALTER LOPES BOUEZ,VALTER BOUEZ,M,04/01/1967,Válido,25
25251,223,Suplente,EDMILSON NUNES CORREA LIMA NETO,NETO LIMA,M,30/11/1988,Válido,25
25900,229,Suplente,ALANA MOURA SENA,ALANA TECIDOS,F,28/01/1994,Válido,25
25025,329,Suplente,GLORIA MARIA DOS SANTOS ANGELIN,GLORINHA,F,04/05/1969,Válido,25
25888,127,Suplente,RAIMUNDO NONATO MOREIRA DE MOREIRA,RAI MOREIRA,M,23/06/1975,Válido,25
25111,173,Suplente,LUCIANA SOUZA MENDES,LUCIANA MENDES,F,15/06/1978,Válido,25
25417,66,Suplente,MARTINHA LOPES DE OLIVEIRA,MARTINHA LOPES,F,24/02/1971,Válido,25
25007,103,Suplente,EURICO SERGIO ROCHA DE NAZARE,EURICO GRAFICA,M,26/01/1967,Válido,25
25252,82,Suplente,LUCIA DO SOCORRO SANTOS,LUCIA SANTOS,F,29/11/1969,Válido,25
25700,95,Suplente,KELLEN FABRICIA CARDOSO PINHEIRO SOUZA,KELLEN FABRICIA,F,29/06/1984,Válido,25
25771,4,Suplente,ANA CAROLINE DOS SANTOS CORDEIRO,ANA CAROLINE,F,01/12/1992,Válido,25
25565,96,Suplente,DOMINGOS LIMA FURTADO,DOMINGOS,M,04/08/1973,Válido,25
25607,870,Suplente,LUCIANA HELENA ALEXANDRINO BITTANCOURT,LUCIANA PALHETA,F,15/06/1984,Válido,25
25321,597,Suplente,DIRCEU CAVALCANTI RIGONI,DR DIRCEU,M,24/05/1989,Válido,25
11453,249,Suplente,ROBERTO RUBENS CIPRIANO MOREIRA,ROBERTO SACRAMENTA,M,04/11/1967,Válido,11
11777,454,Suplente,MARIA GORETTE FERREIRA PANTOJA,GORETTE PANTOJA,F,26/04/1970,Válido,11
11555,359,Suplente,NÍZIA KARINE GONÇALVES CAMELI,NIZIA CAMELI,F,24/01/1977,Válido,11
11800,654,Suplente,EDSON CARDOSO PINHEIRO,EDSON PINHEIRO,M,28/12/1967,Válido,11
11007,468,Suplente,CARLOS MARCELO VENANCIO COUTINHO,MARCELO MEXICANO,M,10/07/1972,Válido,11
11333,662,Suplente,DAVID WILLIAN COSTA DUTRA,DAVID DUTRA,M,31/07/1985,Válido,11
11666,82,Suplente,ANTONIO JOSE DE AZEVEDO VIEIRA,ANTONIO VIEIRA,M,01/11/1970,Válido,11
11444,147,Suplente,VANESSA SILVA SANTOS,VANESSA SANTOS,F,16/01/1985,Válido,11
11000,556,Suplente,ROBERTO ALEXANDRE SARMANHO MORAES,XANDE SARMANHO,M,06/02/1973,Válido,11
11888,133,Suplente,CLÁUDIA FRANCINETE DA COSTA GUIMARÃES SOUSA,CLÁUDIA GUIMARÃES,F,19/11/1966,Válido,11
11222,221,Suplente,RENATA GONÇALVES MACIEL,RENATA MACIEL,F,18/06/1977,Válido,11
11234,131,Suplente,JOSÉ MARIA TRINDADE PEREIRA,TUDÃO,M,07/10/1950,Válido,11
11136,1428,Suplente,AFONSO PERES,AFONSO PERES,M,01/06/1972,Válido,11
11033,1707,Suplente,JESUS ROGER SALES LOPES DE VASCONCELOS JÚNIOR,JÚNIOR DO GELO,M,25/11/1977,Válido,11
11050,498,Suplente,LUCIVALTER SANTOS DA SILVA,VALTER SANTOS,M,08/06/1984,Válido,11
11100,398,Suplente,LUIZ GABRIEL TEIXEIRA DE PAULO,GABRIEL AGENTE DE SAÚDE,M,17/11/1973,Válido,11
11015,70,Suplente,MARIA DO SOCORRO MARQUES MAIA,SOCORRO MAIA,F,28/12/1961,Válido,11
11999,77,Suplente,ATHILON DAMASCENO RABELO,ATHILON RABELO,M,06/01/1990,Válido,11
11054,51,Suplente,JUAN MARCOS LIMA MELO,JUAN MELO,M,24/12/1989,Válido,11
11003,26,Suplente,THAYS DOS SANTOS COSTA,THAYS COSTA,F,17/08/1992,Válido,11
11339,47,Suplente,RUBILAR DA SILVA CRUZ,RUBILAR,M,15/02/1955,Válido,11
11110,1433,Suplente,PAULO COSTA CAXIADO,PAULO CAXIADO,M,14/11/1956,Válido,11
11120,34,Suplente,RAIMUNDO GOMES PEREIRA,RAIMUNDO AMIGO DO POVÃO,M,04/10/1956,Válido,11
11111,3281,Suplente,VANDICK JOSÉ DE OLIVEIRA LIMA,VANDICK LIMA,M,07/04/1965,Válido,11
11011,3001,Suplente,JOÃO VITOR DOS SANTOS MAGALHÃES,VITOR MAGALHÃES,M,06/09/1993,Válido,11
11208,75,Suplente,CLEITON MARCIO FERREIRA PINHEIRO,CLEITON PINHEIRO RODOVIÁRIO,M,06/02/1984,Válido,11
11192,110,Suplente,REGINA CARLA DE OLIVEIRA SILVA,CARLA OLIVEIRA,F,10/06/1965,Válido,11
11009,62,Suplente,ANA KAROLINI GOMES LACORTE DA SILVA,KAROL LACORTE,F,11/12/1990,Válido,11
11123,3536,Eleito,JOSÉ EMERSON CAMPOS SAMPAIO,EMERSON SAMPAIO,M,20/04/1977,Válido,11
15678,1847,Suplente,ROZELY PAULINA DE OLIVEIRA,DRA BRANCA OLIVEIRA,F,08/06/1981,Válido,15
15555,10851,Eleito,JOSÉ WILSON COSTA ARAÚJO,ZECA PIRÃO,M,23/04/1959,Válido,15
15200,596,Suplente,JOABE DOS SANTOS ALVES,JOAB,M,07/11/1975,Válido,15
15625,199,Suplente,ROGERIO BRITO ROCHA,ALAOR,M,26/08/1982,Válido,15
15133,28,Suplente,REINALDO FREIRE SARMENTO,REINALDO FREIRE,M,16/02/1970,Válido,15
15020,261,Suplente,DENYSON LEONARDO NASCIMENTO LISBOA,LISBOA,M,14/05/1990,Válido,15
15001,76,Suplente,ELSON GUEDES DOS SANTOS,ELSON GUEDES,M,07/08/1978,Válido,15
15051,23,Suplente,ALEX FERREIRA GUEDES,ALEX FERREIRA,M,21/07/1979,Válido,15
15700,460,Suplente,JHONATAN OLIVEIRA DA CONCEIÇÃO,JHONATHAN OLIVEIRA,M,24/09/1992,Válido,15
15455,5070,Suplente,WELLINGTON PROGENIO MAGALHÃES,WELLINGTON MAGALHÃES,M,24/10/1977,Válido,15
15111,206,Suplente,ROBERTA VASCONCELOS DA CUNHA,ROBERTA CUNHA,F,16/07/1992,Válido,15
15633,3337,Suplente,PAULO ALBERTO SANTOS DE QUEIROZ,PAULO QUEIROZ,M,25/01/1954,Válido,15
15400,721,Suplente,EVANDRO GOMES,EVANDRO GOMES,M,18/04/1963,Válido,15
15120,234,Suplente,ARINALDO ALVES DA FONSECA,ARI,M,22/01/1957,Válido,15
15030,50,Suplente,GERALDO ROBSON MARQUES DE SENA,GERALDO SENA,M,26/10/1971,Válido,15
15077,1446,Suplente,DEBORAH MAIA CRESPO,DEBORA CRESPO,F,27/02/1964,Válido,15
15007,1059,Suplente,MANOEL LUIZ DA SILVA RENDEIRO,DIDI DO VER O PESO,M,28/12/1959,Válido,15
15777,2163,Suplente,GECILDO MARINHO DE LIMA JUNIOR,JUNIOR D'CASA,M,20/03/1978,Válido,15
15002,272,Suplente,MARCOS ROBERTO PANTOJA SOUZA,MARQUINHOS BELEM,M,17/09/1975,Válido,15
15450,60,Suplente,EDNO WILSON DE CASTRO ALMEIDA,EDNO ALMEIDA,M,21/02/1952,Válido,15
15963,368,Suplente,JORGE MAURICIO PINHEIRO MORAES,JORGE MORAES,M,01/02/1963,Válido,15
15888,699,Suplente,LUCIANA ELKE DUARTE DE ATAIDE,LUCIANA ATAIDE,F,07/07/1975,Válido,15
15444,1042,Suplente,IRNACLEI DA COSTA PANTOJA,IRNA PANTOJA,F,14/11/1976,Válido,15
15015,546,Suplente,MARILENE DE SOUZA VALENTE,MARILENE VALENTE,F,03/12/1976,Válido,15
15123,2675,Suplente,JOAQUIM ARISTIDES ARAUJO CAMPOS,JOAQUIM CAMPOS,M,02/08/1955,Válido,15
15500,647,Suplente,JORGE ANDERSON CABRAL ASSUNÇAO,JORGE ANDERSON,M,30/12/1980,Válido,15
15300,1970,Suplente,MARIA WANJA LOBATO CORREA,WANJA LOBATO,F,06/01/1967,Válido,15
15190,262,Suplente,ANGELA MARIA MORAES DOS SANTOS,ANGELA MORAES,F,04/02/1963,Válido,15
15321,228,Suplente,LUCINERY HELENA RESENDE FERREIRA,DRA LUCINERY,F,11/08/1963,Válido,15
15712,348,Suplente,BRENO ALAN CHAVES DE OLIVEIRA,BRENO PAIXÃO,M,18/10/1990,Válido,15
15900,601,Suplente,JOSÉ MARIA DE LIMA COSTA,JOSÉ MARIA COSTA,M,11/07/1952,Válido,15
15333,133,Suplente,MICHELLE SILVA TEIXEIRA,MICHELE TEIXEIRA,F,02/08/1981,Válido,15
15151,72,Suplente,EDERALDO DE SA SILVA,EDERALDO SILVA,M,12/12/1963,Válido,15
15003,287,Suplente,GILBERTO DO ROSARIO SERRA,GILBERTO SERRA,M,31/01/1983,Válido,15
15010,55,Suplente,AGATHA CRISTINA SANTOS CONCEIÇÃO,DJ AGATHA,F,16/07/1987,Válido,15
15345,51,Suplente,MONICA MARGARETE DOS SANTOS ARAUJO,MONICA ARAUJO,F,01/04/1975,Válido,15
15000,9054,Eleito,JOHN WAYNE HOLANDA PARENTE,JOHN WAYNE,M,03/06/1979,Válido,15
15600,6,Suplente,ALENO DE OLIVEIRA CONCEIÇAO,ALENO OLIVEIRA,M,18/12/1972,Válido,15
15744,43,Suplente,VANDERSON VALMIR MOREIRA DOS SANTOS,WANDER SANTOS,M,14/07/1989,Válido,15
15150,729,Suplente,MARILIA TELLES RODRIGUES,MARILIA,F,04/11/1972,Válido,15
15100,227,Suplente,JOÃO CARLOS CANTÃO NUNES,BABOLA DA PIZZA,M,13/12/1969,Válido,15
15800,24,Suplente,DOUGLAS CASSIO GOMES DA SILVA,MARCELINHO,M,31/10/1980,Válido,15
15222,10272,Eleito,WASHINGTON COSTA DE ALBUQUERQUE,NENEM ALBUQUERQUE,M,28/07/1974,Válido,15
15515,108,Suplente,SARA QUEIROZ DE LIMA,SARA QUEIROZ,F,25/04/1972,Válido,15
15615,6210,Eleito,BLENDA CECÍLIA ALVES QUARESMA,BLENDA QUARESMA,F,18/08/1986,Válido,15
15815,22,Suplente,VALDENOR CARDOSO DIAS,XING LING,M,04/12/1970,Válido,15
90013,104,Suplente,JOEL FERREIRA DE SOUZA,JOEL FERREIRA,M,13/09/1993,Válido,90
90140,50,Suplente,MANOEL JOSE PAMPLONA GEMAQUE,GEMAQUE PAMPLONA,M,10/06/1970,Válido,90
90111,55,Não eleito,ALINE MICHELLY DO SOCORRO VALCACIO MARQUES,ALINE VALCACIO,F,07/05/1983,Anulado,90
90218,43,Suplente,FABIANO AUGUSTO MONTEIRO FERNANDES,FABIANO AUGUSTO,M,20/05/1976,Válido,90
90900,894,Suplente,MAISA SALES GAMA TOBIAS,MAISA TOBIAS,F,27/09/1964,Válido,90
90300,1051,Suplente,DILSON LOBATO PERES,DILSON PERES,M,15/10/1980,Válido,90
90101,33,Suplente,ASSIMA DO SOCORRO FEIO DE AVELAR,ASSIMA AVELAR,F,14/01/1964,Válido,90
90700,79,Suplente,MIRIAN SILVA DA SILVA DE OLIVEIRA,MIRIAN OLIVEIRA,F,12/04/1983,Válido,90
90789,12,Suplente,FABRICIA JORGETTE LIRA RIBEIRO,FABRICIA LIRA,F,26/07/1978,Válido,90
90178,64,Suplente,MARIA EGIDIA MOREIRA DOS SANTOS,MARIA EGIDIA,F,01/09/1966,Válido,90
90999,784,Suplente,RAIMUNDO NONATO SANTOS DA SILVA,RAIMUNDO SILVA,M,18/02/1985,Válido,90
90213,171,Suplente,WILMA KARINA DOS SANTOS CARDIAS BEZERRA,PROFESSORA KARINA CARDIAS,F,21/02/1979,Válido,90
90001,97,Suplente,GLAUCIA SILVANA BRITO SANTIAGO COSTA,GLAUCIA SANTIAGO,F,12/09/1968,Válido,90
90007,836,Suplente,CARLOS RENALT XAVIER GAVINHO,RENALT GAVINHO,M,09/02/1983,Válido,90
90678,1263,Suplente,EDSON CORREA DA SILVA,EDINHO,M,08/09/1976,Válido,90
90800,3833,Eleito,RONISON ROGERIO SOZINHO PARAGUASSU,RONI GAS,M,03/10/1980,Válido,90
90152,161,Suplente,PEDRO CAETANO PEREIRA DA SILVA,PEDRO CAETANO,M,18/05/1967,Válido,90
90222,249,Suplente,JEAN DOS SANTOS PAIXAO,JEAN PAIXAO,M,25/03/1983,Válido,90
90500,176,Suplente,RODINELIO RIBEIRO DOS SANTOS,NELIO,M,28/11/1976,Válido,90
90094,310,Suplente,JOSE RICARDO SILVA NASCIMENTO,CASCA,M,06/05/1962,Válido,90
90456,205,Suplente,SUSIANE MARTINS SILVA,SUSIANE MARTINS,F,29/07/1985,Válido,90
90888,255,Suplente,IVANILDO LOBATO DO NASCIMENTO,NIL CAPACITACAO,M,02/11/1967,Válido,90
90346,128,Suplente,LUIZ ALBERTO BARBOSA CARDOSO,LUIZ ALBERTO,M,10/05/1983,Válido,90
90333,690,Suplente,DIOGENES AUGUSTO OLIVEIRA DA SILVA,DIOGENES BASTOS,M,15/11/1973,Válido,90
90545,143,Suplente,YAN JOSE DO NASCIMENTO CHAVES,YAN CHAVES,M,26/09/1995,Válido,90
90192,93,Suplente,MARILENE REIS DA SILVA,MARILENE REIS,F,16/02/1970,Válido,90
90243,148,Suplente,DARLEY BARROSO GARCEZ,DARLEY BARROSO,M,12/04/1979,Válido,90
90555,1800,Suplente,JONIEL VIEIRA DE ABREU,DR JONIEL,M,24/08/1979,Válido,90
90033,1806,Suplente,JOSE AGNALDO DE JESUS,AGNALDO SEU BONECO,M,12/10/1967,Válido,90
90100,10119,Eleito,TULIO DIAS DAS NEVES,TULIO NEVES,M,25/08/1995,Válido,90
90602,1681,Não eleito,ELINORA CORREA,ELINORA CORREA,F,05/05/1963,Anulado sub judice,90
90600,237,Suplente,HAROLDO NAZARE VENANCIO BARBOSA JUNIOR,HAROLDO JR,M,23/02/1981,Válido,90
90000,1863,Suplente,ALEXANDRE AUGUSTO REIS LEITE,ALEXANDRE LEITE,M,20/08/1990,Válido,90
90105,55,Suplente,SHIRLENE PATRICIA PINHEIRO DE ARAUJO,PROFESSORA SHIRLENE,F,27/09/1975,Válido,90
90666,184,Suplente,RUI GABRIEL DA VERA CRUZ,SUBOFICIAL RUI GABRIEL,M,24/01/1964,Válido,90
90444,122,Suplente,OLAVO RAPHAEL SANTOS DE OLIVEIRA,OLAVO JR,M,15/01/1981,Válido,90
90318,718,Suplente,FABRICIO DA COSTA MODESTO,FABRICIO MODESTO,M,17/03/1974,Válido,90
90250,14,Suplente,MARIANA RICARLA LUZ DA CUNHA,RICARLA,F,31/12/1976,Válido,90
90567,460,Suplente,JOSE GOMES MELO,JOSE MELO,M,23/11/1959,Válido,90
90777,350,Suplente,FABIO SOUSA DE ABREU,FABIO SOUSA,M,25/06/1989,Válido,90
90090,146,Suplente,JOSE MARIA DE OLIVEIRA VILHENA,VILHENA,M,12/05/1970,Válido,90
90120,26,Suplente,MARIA DA CONCEICAO BORGES,MARIA A MATINTA ENCANTADA,F,03/09/1959,Válido,90
90200,865,Suplente,AZIEL CARVALHO NEVES,AZIEL NEVES,M,19/09/1971,Válido,90
90321,158,Suplente,EULER SANTOS PINHEIRO,SARGENTO EULER,M,20/05/1980,Válido,90
30300,1544,Não eleito,ITALO NEVES ABATI,ÍTALO ABATI,M,27/11/1992,Válido,30
30333,393,Não eleito,MATHIAS AFONSO DE MENEZES JUNIOR,MATHIAS MENEZES,M,04/06/1959,Válido,30
30007,304,Não eleito,ELTON PEREIRA DA FONSECA,ELTON FONSECA,M,12/01/1965,Válido,30
30030,482,Não eleito,WALDIRENE CASTRO DE ANDRADE,WAL ANDRADE,F,16/06/1974,Válido,30
30500,354,Não eleito,AMANDA DO NASCIMENTO RODRIGUES,AMANDA RODRIGUES,F,31/05/1994,Válido,30
30123,197,Não eleito,PAULO SÉRGIO ALVES DE ARAÚJO FILHO,PAULO SÉRGIO BELÉM,M,04/08/1991,Válido,30
30000,500,Não eleito,BERNARDINO LOBATO GRECO,BERNARDINO GRECO,M,20/07/1972,Válido,30
30100,1089,Não eleito,PRISCILLA DOS SANTOS CORDEIRO,PRI CORDEIRO,F,24/03/1984,Válido,30
28111,183,Não eleito,JORGE LUIS CARDOSO AQUERE,CABO LUIS,M,18/10/1968,Válido,28
28005,117,Não eleito,IVONE MENDES DE SOUZA,IVONE SOUZA,F,28/05/1975,Válido,28
28000,340,Não eleito,AMIRALDO SERRÃO NOBRE,SANDRO TRIOSAN,M,02/05/1981,Válido,28
28888,61,Não eleito,ALEXANDRE PASSOS MONTEIRO,PROFESSOR ALEXANDRE PASSOS,M,30/05/1967,Válido,28
28753,40,Não eleito,LUIS ANDRÉ LIMA GONÇALVES,ANDRÉ LIMA,M,19/05/1987,Válido,28
28123,587,Não eleito,SANDRO NASCIMENTO FERREIRA BRANCO,SANDRO BRANCO,M,15/08/1984,Válido,28
28007,17,Não eleito,CICERO EDSON OLIVEIRA PIMENTEL,BIFE,M,13/01/1962,Anulado,28
28192,24,Não eleito,JOSÉ CATETE PENNA,SARGENTO CATETE,M,09/10/1957,Anulado,28
28444,95,Não eleito,JOSÉ CUPERTINO MONTEIRO DO NASCIMENTO JUNIOR,RUAN DO POVO,M,13/10/1987,Válido,28
28223,344,Não eleito,KLEYSON FARIA MUNIZ,PICÓ,M,08/06/1981,Válido,28
28011,1,Não eleito,CLAILSON BARBOSA DE SOUZA,CLAISON,M,26/02/1977,Válido,28
28996,0,Não eleito,THAISSA DE JESUS MACHADO PEREIRA,THAISSA PEREIRA,F,27/07/1989,Válido,28
28300,252,Não eleito,MARCO ANTÔNIO GUIA DA SILVA,JÚNIOR MARCOS GARI,M,16/01/1990,Válido,28
28999,51,Não eleito,ELIANA DA COSTA,LIA MODERAÇÃO,F,06/03/1978,Válido,28
28380,246,Não eleito,FRANCISCO DE ASSIS COSTA,FRANK COSTA,M,04/10/1984,Anulado sub judice,28
28020,23,Não eleito,ELIANE GISELE DOURADO DIAS PORTELA,MISSIONÁRIA GISELE DOURADO,F,20/01/1975,Válido,28
28101,21,Não eleito,JÚLIO CEZAR MIRANDA DE OLIVEIRA,JC,M,11/09/1965,Válido,28
28456,8,Não eleito,NATIANE RIBEIRO SOUSA,NATIANE RIBEIRO,F,11/02/1984,Válido,28
28001,265,Não eleito,BRUNO CORREA,BRUNO LISOO,M,27/05/1983,Válido,28
28213,10,Não eleito,SUELENE XAVIER PESSOA,SUELENE PESSOA,F,08/04/1973,Válido,28
28789,122,Não eleito,JOSÉ ROBERTO ARAÚJO CRUZ,ROBERTO CRUZ,M,23/02/1973,Válido,28
28500,33,Não eleito,RODRIGO LAVAREDA RODRIGUES,RODRIGO RODRIGUES,M,31/08/2000,Válido,28
28567,397,Não eleito,ANTONIEL DA CONCEIÇÃO VALÉRIO,ANTONIEL VALÉRIO ,M,14/09/1997,Anulado sub judice,28
28321,268,Não eleito,CLAUDIONOR DA SILVA DIAS,CLAUDIONOR DIAS,M,12/07/1971,Válido,28
28765,295,Não eleito,KLAYTON MAGALHÃES DOS SANTOS,MIKE KLAYTON,M,16/12/1979,Válido,28
28010,28,Não eleito,ELISIANA AGUIAR SOARES,ELISIANA AGUIAR,F,18/11/1962,Válido,28
28222,932,Não eleito,ITACY DIAS DOMINGUES,CORONEL ITACY,M,22/12/1949,Válido,28
28179,135,Não eleito,NATALIA PINHO FERREIRA DA SILVA,N. PINHO,F,30/06/1962,Válido,28
28800,23,Não eleito,CAMILA CRISTINA FIGUEIREDO DA COSTA MENDES,CAMILA FIGUEIREDO,F,06/09/1996,Válido,28
28030,58,Não eleito,UMBELINO VILHENA MARTINS JUNIOR,JUNIOR MARTINS,M,15/10/1957,Válido,28
28013,254,Não eleito,MARCIO ROGERIO SANTOS RODRIGUES,MARCIO ROGERIO,M,21/01/1980,Válido,28
28777,280,Não eleito,HAROLDO CAMPOS BARBOSA JUNIOR,JR. CAMPOS O REPÓRTER DO POVÃO,M,12/05/1976,Válido,28
28467,0,Não eleito,LUCIANA CORREA LOBEL,LUCIANA LOBEL,F,26/06/1976,Válido,28
12222,254,Suplente,WELLINGTON DE SOUZA VELOSO,ARQUITETO WELLINGTON,M,06/04/1971,Válido,12
12666,31,Suplente,DANIELLE PEREIRA DA SILVA,DANIELLE SILVA,F,18/07/1987,Válido,12
12023,104,Suplente,ODIVAN OLIVEIRA DOS ANJOS,ODIVAN OLIVEIRA,M,09/09/1986,Válido,12
12171,35,Suplente,MÁRCIA PATRICIA MEDEIROS FERREIRA,MÁRCIA FERREIRA,F,19/06/1984,Válido,12
12200,117,Suplente,MAYKO DA SILVA DE MATOS,MAYKO SALT,M,18/10/1988,Válido,12
12612,755,Suplente,MARLLON DIEGO BRAUN DE LEMOS,MARLLON BRAUN,M,05/09/1984,Válido,12
12345,2860,Eleito,ALLAN THIAGO DE SOUSA CORREA,ALLAN POMBO,M,17/05/1988,Válido,12
12012,2313,Suplente,JULIO CEZAR RODRIGUES PATRICIO,JULIO CEZAR,M,20/06/1978,Válido,12
12555,70,Suplente,SUSANY VIEIRA DUARTE,SUSANY DUARTE,F,13/11/1984,Válido,12
12123,2552,Suplente,HENRIQUE DE CAMPOS SOARES JÚNIOR,HENRIQUE SOARES,M,12/06/1964,Válido,12
12190,168,Suplente,EMMANOEL SANTOS OLIVEIRA,EMMANOEL OLIVEIRA,M,22/06/1976,Válido,12
12700,16,Suplente,ANA CRISTINA DA SILVA FARIAS,PROFESSORA ANA,F,24/02/1981,Válido,12
12600,104,Suplente,PAULO SERGIO OLIVEIRA DA SILVA,SERJÃO,M,23/10/1954,Válido,12
12011,557,Suplente,JOSÉ MARIA DE LIMA PACHECO,PROFESSOR PACHECÃO,M,11/11/1965,Válido,12
12312,76,Suplente,CARLOS HENRIQUE ARAÚJO DE FRANÇA,CARLOS FRANÇA,M,15/08/1967,Válido,12
12000,2534,Suplente,CÁSSIO BITAR VASCONCELOS,DEFENSOR CÁSSIO BITAR,M,28/09/1977,Válido,12
12333,299,Suplente,LESLYENE COSTA ANDRADE MACIEL,TIA LENE,F,26/04/1976,Válido,12
12112,277,Suplente,ALBERTO DE JESUS OLIVEIRA IMBIRIBA JÚNIOR,ALBERTO IMBIRIBA,M,17/01/1997,Válido,12
12777,132,Suplente,MARIA GRACIETE NOGUEIRA SANTANA REIS,PROFESSORA GRACIETE,F,05/07/1970,Válido,12
12444,112,Suplente,ALEXANDRE VILHENA AMARAL,ALEXANDRE AMARAL,M,19/12/1974,Válido,12
12001,751,Suplente,ENDELL MENEZES DE OLIVEIRA,ENDELL MENEZES,M,18/02/1994,Válido,12
12212,76,Suplente,JOÃO LUZ SILVA TAVARES,JOÃO TAVARES,M,18/09/1979,Válido,12
12002,101,Suplente,RAIMUNDO NONATO VIANA DE CASTRO,RAIMUNDO VIANA DE CASTRO,M,20/04/1954,Válido,12
12007,164,Suplente,DANIEL VILHENA FARIAS FILHO,PROFESSOR DANIEL,M,19/09/1972,Válido,12
12010,10,Suplente,MIGUEL DO CARMO ARAUJO,MIGUEL ARAÚJO,M,27/09/1952,Válido,12
12500,81,Suplente,ATAIDE ALMEIDA FERREIRA JÚNIOR,ATAÍDE JÚNIOR,M,14/09/1977,Válido,12
12401,22,Suplente,FRANCISCO HAROLDO LINHARES,XORORÓ,M,21/01/1956,Válido,12
12300,244,Suplente,MARCOS ANTÔNIO BRITO PEREIRA,MARCOS BRITO,M,25/10/1969,Válido,12
12050,6,Suplente,DINAIR DOS SANTOS MACIEL,DINAIR MACIEL,F,30/10/1966,Válido,12
12111,313,Suplente,JORGE BRONZE RAQUEIJO VILARINO,JORGE BRONZE,M,27/06/1967,Válido,12
12080,13,Suplente,MARIA JOSÉ MANTOVANI,MARIA JOSÉ MANTOVANI,F,28/09/1939,Válido,12
12789,69,Suplente,GILSANDRO DO AMARAL VALENTE,GILSANDRO VALENTE,M,08/12/1984,Válido,12
12456,517,Suplente,MILSON CHARLES TUMA DOS REIS,CHARLES TUMA,M,21/10/1977,Válido,12
12800,124,Suplente,RISANA GOMES VIANA,RISANA VIANA,F,07/12/1974,Válido,12
12400,146,Suplente,CARLOS PINTO DIAS,CARLÃO DE MOSQUEIRO,M,18/03/1952,Válido,12
12999,22,Suplente,ROBERTA SOUZA BATISTA MARQUES,LOIRA DA BAIXADA,F,28/07/1983,Válido,12
12100,258,Suplente,ELIZABETH DE OLIVEIRA SILVA,ELIZABETH SILVA,F,27/06/1969,Válido,12
22100,1035,Suplente,REGINA RITA VALENTE COUTINHO SANCHES,REGINA VALENTE,F,26/10/1966,Válido,22
22020,1103,Suplente,MAURO RIBEIRO DA LUZ,MAURO LUZ,M,12/08/1968,Válido,22
22522,289,Suplente,BENEDITO DE NAZARE NASCIMENTO SILVA,BENE DO GÁS,M,09/12/1971,Válido,22
22201,1,Suplente,DIANA FRANCO PINTO DE MORAES,DIANA MORAES,F,13/04/1971,Válido,22
22798,0,Suplente,WILLIAN ANDREY RODRIGUES ALVES,WILLIAN ANDREY,M,07/07/1998,Válido,22
22022,5729,Suplente,EDUARDA DE NAZARE PENA GRAIM,EDUARDA,F,16/01/1972,Válido,22
22200,757,Suplente,JOSE MARIA SILVA COSTA,JOSE COSTA,M,25/01/1963,Válido,22
22060,1128,Suplente,ALESSANDRO BARBOSA DE SALES,ALESSANDRO ARTEFLEX,M,29/08/1978,Válido,22
22112,13,Suplente,ELIANE DA SILVA MORAES,ELIANE SILVA,F,15/06/1968,Válido,22
22000,2514,Suplente,PAMELA DA COSTA MASSOUD,PAMELA MASSOUD,F,24/01/1987,Válido,22
22003,18,Suplente,MARIA DO SOCORRO COIMBRA DA MOTA,SOCORRO MOTAA,F,16/08/1961,Válido,22
22023,684,Suplente,CHARLES AUGUSTO SANTOS EVANGELISTA,CHARLES AUGUSTO,M,01/01/1970,Válido,22
22220,539,Suplente,SANDRO LUIS PEREIRA,SANDRO PEREIRA,M,26/12/1972,Válido,22
22111,91,Suplente,IGOR FELIPE DOS SANTOS BARBOSA,IGOR BARBOSA,M,28/11/1995,Válido,22
22300,547,Suplente,JOÃO PAULO GOMES DA COSTA,GARRA,M,25/05/1965,Válido,22
22444,941,Suplente,JIVANILDO DE OLIVEIRA CARMO DE SOUZA,JIL SOUZA,M,22/03/1977,Válido,22
22322,68,Suplente,ANTONIO MARCOS CORREA MARQUES,FOFÃO,M,14/10/1983,Válido,22
22101,86,Suplente,DIEGO FERNANDES MARTINS OLIVEIRA,DIEGO PADRE,M,17/11/1987,Válido,22
22038,121,Suplente,KATIA DO SOCORRO MELO DOS SANTOS,KATIA MELO,F,14/02/1964,Válido,22
22999,131,Suplente,TERCIANE FURTADO MORAES,CIANE DE MORAES,F,13/09/1983,Válido,22
22024,97,Suplente,ALEXANDRE DOS SANTOS FEITOSA,ALEXANDRE SANTOS,M,19/06/1977,Válido,22
22222,8111,Eleito,CLEOSON SOUZA DA SILVA,BIECO,M,27/08/1982,Válido,22
22144,261,Suplente,CARLOS BENASSULY MAUES FILHO,CARLOS MAUES,M,14/04/1976,Válido,22
22388,596,Suplente,ANA CRISTINA MENDES NOGUEIRA MARQUES,CRISTINA NOGUEIRA,F,31/10/1959,Válido,22
22345,207,Suplente,ALLISON LUIS SATURNINO DA CRUZ,ALLISON CRUZ,M,02/03/1979,Válido,22
22456,1292,Suplente,KEIMENSON BRITO NASCIMENTO,DR. KEIMENSON,M,22/02/1982,Válido,22
22002,163,Suplente,ONEIDE DA SILVA PANTOJA,ONEIDE PANTOJA,F,28/09/1946,Válido,22
22008,235,Suplente,ELIEZER CRISTIANO RODRIGUES DO NASCIMENTO,CRISTIANO RODRIGUES,M,29/07/1991,Válido,22
22016,216,Suplente,ELEN SANDRA DE MELO MONTEIRO,ELEN MELO,F,16/12/1970,Válido,22
22025,596,Suplente,CARLOS DIOGO MACEDO DA SILVA,DIOGO MACEDO,M,12/04/1955,Válido,22
22011,999,Suplente,LUCIANO SENA DE SOUZA,LUCIANO SENNA,M,28/06/1985,Válido,22
22333,212,Suplente,SEBASTIAO FARCONARA CORREA,SEBASTIÃO FARCONARA,M,16/01/1965,Válido,22
22555,957,Suplente,MARCELO SEBASTIÃO SANTOS DA SILVA,MARCELO SANTOS,M,20/01/1974,Válido,22
22545,44,Suplente,MICHEL FERNANDES DE JESUS,MICHEL DE JESUS,M,16/08/1981,Válido,22
22777,600,Suplente,FABIO ROGERIO SILVA HERMES,FABÃO DA XCAR,M,04/02/1982,Válido,22
22418,34,Suplente,EMILY GABRIELA DOS SANTOS BARRA,GABY BARRA,F,30/08/1993,Válido,22
22424,0,Suplente,LUCIANA SANTOS DA SILVA,LUCIANA SANTOS,F,18/11/1982,Válido,22
22123,8602,Eleito,PABLO RAFAELLO RAYMOND DA SILVA FARAH,PABLO FARAH,M,22/11/1973,Válido,22
22888,582,Suplente,RAIMUNDO SAVIO BATISTA DE OLIVEIRA,SAVIO,M,27/12/1970,Válido,22
22090,318,Suplente,MARCOS ANTONIO LIMA DA SILVA,JACARÉ,M,03/08/1981,Válido,22
22234,195,Suplente,MARCUS VINICIUS DA SILVA MONTEIRO,VINICIOS,M,15/09/1971,Válido,22
22369,892,Suplente,RAIMUNDO ALBERTO ALVES BEZERRA,ALBERTO NOCA,M,19/02/1965,Válido,22
22203,69,Suplente,DAVID MOYSES NAHON,DAVID NAHON,M,03/07/1988,Válido,22
22122,856,Suplente,CLARION MARTINS,CLARION PROTETOR,M,22/11/1955,Válido,22
22321,58,Suplente,IARA MARGARETH SANTOS DAMASCENO,IARA MARGARETH,F,11/03/1967,Válido,22
22007,553,Suplente,DEWSON FERNANDO FREITAS DA SILVA,DEWSON FREITAS,M,27/02/1981,Válido,22
65192,121,Suplente,VERA LUCIA LACERDA,VERA LACERDA,F,28/08/1960,Válido,65
65222,1442,Suplente,EDVANDRO CARLOS MIRANDA DO VALE,EDDY DO VALE,M,07/04/1980,Válido,65
65203,20,Suplente,SUELLEN CRISTINA CUNHA NASCIMENTO,SUELLEN CUNHA,F,24/04/1998,Válido,65
65247,333,Suplente,ANTONIO SERGIO DIAS TEIXEIRA,SERGINHO DE ICOARACI,M,25/10/1962,Válido,65
65888,151,Suplente,MARIA BETANIA BRAGA DA SILVA,BETANIA BRAGA,F,30/12/1976,Válido,65
65033,369,Suplente,DENILSON BANDEIRA ALVES,DENILSON BANDEIRA,M,09/10/1968,Válido,65
65303,179,Suplente,SAMUEL RODRIGUES LEAL JUNIOR,SAMUEL LEAL,M,14/12/1973,Válido,65
65190,175,Suplente,MARCOS VENICIUS LUNA OLIVEIRA,OLIVEIRA,M,22/03/1969,Válido,65
65134,113,Suplente,MAURILIO DA COSTA OLIVEIRA,MAURILIO MOTOTAXISTA,M,13/09/1990,Válido,65
65065,318,Suplente,RODRIGO RICHARD BARBOSA COSTA,MOVIMENTO COLETIVO BELEM,M,22/06/1994,Válido,65
65123,2370,Suplente,ELLANA FIAMA SOUZA DA SILVA,ELLANA DA BANCADA DELAS,F,23/05/1992,Válido,65
65345,854,Suplente,LILIAN PATRICIA GUSMAO DA CUNHA,LILIAN GUSMÃO,F,30/09/1982,Válido,65
65369,12,Suplente,MARCELINA CARVALHO DOS REIS,MARCELA REIS,F,30/06/1977,Válido,65
65555,136,Suplente,JOÃO JORGE NETO,JOÃO JORGE,M,12/12/1984,Válido,65
65456,154,Suplente,JOHN DAYVID DA LUZ FERREIRA,JOHN ARTE,M,30/06/1986,Válido,65
65007,1007,Suplente,JAIRO LUIS DE ARAUJO MOURA,JAIRO DO MOHAB,M,16/04/1970,Válido,65
65110,222,Suplente,RICARDO MONTEIRO FREIRE,RICARDO FREIRE,M,10/10/1964,Válido,65
65321,48,Suplente,LINCOLN CAMPOS PEREIRA,LINCOLN,M,22/07/1963,Válido,65
65001,796,Suplente,EDILSON NASCIMENTO DA SILVA,PROFESSOR EDILSON,M,26/12/1973,Válido,65
65651,100,Suplente,JANAYNA PEREIRA COSTA,JANAYNA COSTA,F,04/12/1973,Válido,65
65200,1571,Suplente,JOSE ODIR MACEDO SANTOS,ZEZE DO BOXE,M,20/09/1951,Válido,65
65431,245,Suplente,RAIMUNDO NONATO COSTA DA COSTA,AZUL,M,08/04/1962,Válido,65
65777,356,Suplente,MARCO MAURICIO BANNA,SHEYCK DO PARA,M,23/09/1973,Válido,65
65613,11,Suplente,CLAUDECI QUEIROZ DE SOUZA,CLAUDECI SOUZA,M,02/01/1980,Válido,65
65677,3088,Eleito,ALTAIR DE LIMA BRANDÃO,ALTAIR BRANDÃO,M,07/09/1963,Válido,65
65024,83,Suplente,BEATRIZ ETNA DUARTE PEREIRA,BIA ETNA,F,09/03/1993,Válido,65
65113,41,Suplente,BRUNO DA SILVA MONTEIRO,BRUNO MONTEIRO,M,11/08/1991,Válido,65
65678,607,Suplente,EDINALDO SOUSA DA SILVA,NALDO LOVE,M,25/09/1988,Válido,65
65180,44,Suplente,REJANE CARDOSO PAIVA,REJANE PAIVA,F,22/12/1978,Válido,65
65465,97,Suplente,SEBASTIÃO SANTOS SILVA FILHO,SABÁ,M,18/08/1957,Válido,65
65214,69,Suplente,SANDRA MARIA DA SILVA SOUSA,SANDRA MARIA,F,22/07/1955,Válido,65
65234,181,Suplente,JUAREZ JOSE MACIEL DA ROCHA,PANK,M,01/01/1976,Válido,65
65789,1320,Suplente,SANDRA MARIA CAMINHA FONSECA,SANDRA BATISTA ELAS POR BELÉM,F,18/06/1960,Válido,65
65000,527,Suplente,VANDERLEI MACIEL PINHEIRO,VANDERLEI NEGRITUDE,M,17/06/1975,Válido,65
65111,148,Suplente,ROBERTO MONTEIRO CARDINS,BEGA SAUDADE,M,17/09/1959,Válido,65
65014,378,Suplente,MARCELA PACHECO DA SILVA,MARCELA PACHECO,F,25/12/1980,Válido,65
65120,1748,Suplente,REGIANE DO SOCORRO DOS SANTOS BAIA,REGIANE BAÍA + MORADIA DIGNA,F,15/02/1983,Válido,65
65025,24,Suplente,RUTH HELENA DE OLIVEIRA SANTOS,RUTH HELENA,F,21/09/1974,Válido,65
65122,105,Suplente,MARCO ANTONIO BASTOS BARROS,MARQUINHO BARROS,M,16/09/1971,Válido,65
65210,92,Suplente,ADOLFO SERGIO DA CUNHA NETO,ADOLFO CUNHA,M,07/12/1957,Válido,65
65444,87,Suplente,PATRICK JOSE VILHENA PORTAL,PATRICK PORTAL,M,31/12/1981,Válido,65
65765,89,Suplente,JOSE OBERTO PINHEIRO MONTEIRO,ZE TAXISTA,M,28/11/1967,Válido,65
65333,516,Suplente,CHARLES ANTONIO FERREIRA DE AVIZ,CHARLES AVIZ,M,07/11/1976,Válido,65
65050,396,Suplente,NAIRO BENTES DE MELO,PROFESSOR NAIRO BENTES,M,08/02/1983,Válido,65
65100,229,Suplente,ZENOBIO DE SOUZA VIEIRA,ZENOBIO DA ILHA,M,07/04/1956,Válido,65
65252,253,Suplente,JULIÃO DE MIRANDA HENRIQUES NETO,JULIÃO NETO,M,16/08/1981,Válido,65
20333,388,Suplente,BIVALILMO CONCEIÇÃO BORGES DOS SANTOS,BIVALILMO TATA,M,14/08/1969,Válido,20
20002,650,Suplente,RIVALDO SOUSA DANTAS,RIVALDO O CARTEIRO,M,13/01/1972,Válido,20
20520,41,Suplente,EUNICE CASTRO BELTRÃO,MISSIONÁRIA EUNICE CASTRO,F,21/08/1992,Válido,20
20100,182,Não eleito,RAIMUNDO NONATO ALVES DA SILVA,NONATO ALVES,M,25/11/1971,Anulado,20
20700,100,Suplente,JEANE SERRAO BARBOSA,JEANE SERRÃO,F,08/06/1976,Válido,20
20400,303,Suplente,BRUNA CRISTINA DE MORAES VENANCIO JAQUES,BRUNA JAQUES,F,01/02/1982,Válido,20
20010,87,Suplente,MARIA HELENA FONSECA DOS SANTOS,IRMÃ HELENA,F,09/01/1965,Válido,20
20456,28,Suplente,ROGERIO DO SOCORRO SILVA MAIA,TIM MAIA,M,16/04/1975,Válido,20
20222,780,Suplente,SUELIO JAVANS RIPARDO DO CARMO,SUÉLIO RIPARDO,M,15/10/1983,Válido,20
20899,263,Suplente,ANA LUCIA DE ARAUJO SILVA,ANA ARAUJO,F,01/01/1972,Válido,20
20001,998,Suplente,NILSON LUIZ JARDIM DE ALMEIDA,NILSON JARDIM,M,12/06/1954,Válido,20
20666,382,Suplente,RAIMUNDO OTAVIO VIANA MENDES,PROF. TATÁ,M,28/05/1957,Válido,20
20114,499,Suplente,DARCILENE FERREIRA DE OLIVEIRA SANTOS,LENE OLIVEIRA,F,30/05/1973,Válido,20
20111,1445,Não eleito,FENELON ANTONIO DE ARAUJO CRUZ,BRANCO DA PEDREIRA,M,17/01/1964,Anulado,20
20200,580,Suplente,RONAN DE JESUS DA CONCEIÇÃO,RONAN DE JESUS,M,27/05/1989,Válido,20
20070,227,Suplente,VALCIRENE ARAUJO DA SILVA SANTOS,PRª. VAL ARAÚJO,F,10/01/1967,Válido,20
20555,229,Suplente,ROSANA LUCIA CORDOVIL DA SILVA,ROSANA CORDOVIL,F,26/11/1971,Válido,20
20345,260,Suplente,MARCOS LEVY DO NASCIMENTO RODRIGUES,MARCOS RODRIGUES,M,14/10/1974,Válido,20
20720,119,Suplente,BENICIO CARDOSO DO NASCIMENTO NETO,NETO COLCHÕES,M,22/11/1987,Válido,20
20007,181,Suplente,GLEYCIANE DO SOCORRO BRITO DE SOUSA,GLEYCE SOUSA,F,25/08/1981,Válido,20
20112,268,Suplente,SANDRA LEITE DOS SANTOS,PROF.ª SANDRA LEITE,F,12/08/1985,Válido,20
20599,615,Suplente,OSIVAL FERREIRA FEITOSA,SIVAL FEITOSA,M,02/05/1969,Válido,20
20115,4087,Suplente,CELSO SABINO DE OLIVEIRA SOBRINHO,CELSINHO SABINO,M,28/02/1996,Válido,20
20777,1025,Suplente,MAURO DOS SANTOS LEONIDAS,PROF. MAURO LEÔNIDAS,M,16/12/1962,Válido,20
20080,311,Suplente,ALESSANDRA PINHEIRO TENORIO,ALESSANDRA PINHEIRO,F,09/01/1982,Válido,20
20300,70,Suplente,JANETE ELISABETH DA SILVA SANTOS,JANETE DO BAIRRO,F,22/09/1972,Válido,20
20020,144,Suplente,ADALBERTO PANTOJA DE OLIVEIRA,ADALBERTO,M,15/08/1979,Válido,20
20234,702,Suplente,SEVERINO ARANHA DA SILVA,ARANHA,M,12/09/1974,Válido,20
20005,137,Suplente,NAZARE SIMONE RODRIGUES ARAUJO,NAZARÉ,F,30/01/1971,Válido,20
20999,86,Suplente,HUGO ROGERIO MACIEL MORAES,HUGO MORAES,M,04/07/1980,Válido,20
20015,434,Suplente,EDSON CARLOS MONTEIRO DE ALMEIDA,EDSON DO KAÍTA,M,30/09/1981,Válido,20
20789,170,Suplente,CARLOS AUGUSTO CAXIAS PIMENTEL,PIMENTEL,M,09/11/1957,Válido,20
20357,206,Suplente,LUIS OTAVIO FERREIRA MENDES,LUIS OTÁVIO,M,28/08/1987,Válido,20
20123,760,Suplente,MARIO ERNESTO SASSIM RODRIGUES,DR. MARIO ERNESTO,M,23/01/1959,Válido,20
20012,122,Suplente,MARIA DEUVANIR ROCHA MEDEIROS,DEUVANIR ROCHA,F,18/02/1975,Válido,20
20731,78,Suplente,MIGUEL FERREIRA DOS SANTOS,MIGUELZINHO DE ICOARACI,M,07/12/1957,Válido,20
20888,131,Suplente,ANTONIO JOSE DE OLIVEIRA,TONHÃO,M,19/11/1964,Válido,20
20008,289,Suplente,JEREMIAS DOS SANTOS LIMEIRA,JEREMIAS LIMEIRA,M,18/11/1985,Válido,20
20120,599,Suplente,JOSE MARIA TEIXEIRA DE CAMPOS,ZEQUINHA CAMPOS,M,24/07/1949,Válido,20
20000,4618,Eleito,JOSE MARIA DE SOUSA DINELLY,DINELLY,M,19/03/1958,Válido,20
20444,173,Suplente,NAZARENO DE JESUS RIBEIRO LOBATO,IRMÃO DO PORTAL MOTOS,M,30/11/1987,Válido,20
20500,276,Suplente,IRANDIR DE CASTRO DINIZ,DR. IRAN,M,18/11/1968,Válido,20
20341,45,Suplente,GUTEMBERG PERDIGÃO DOS SANTOS,BERG PERDIGÃO,M,16/05/1971,Válido,20
50050,4304,Eleito,FERNANDO ANTONIO MARTINS CARNEIRO,FERNANDO CARNEIRO,M,28/12/1964,Válido,50
50800,965,Suplente,PEDRO PAULO CAVALERO DOS SANTOS,PEDRO CAVALERO,M,04/01/1965,Válido,50
50200,303,Suplente,RAPHAEL LENNON NASCIMENTO SOUSA,RAPHAEL LENNON,M,04/03/1983,Válido,50
50225,2666,Suplente,SILVIA LETICIA D OLIVEIRA DA LUZ,PROF. SILVIA LETICIA,F,21/09/1972,Válido,50
50612,179,Suplente,RENATA TAYLOR DE AZEVEDO ANDRADE,RENATA RIOS TAYLOR,F,06/12/1968,Válido,50
50565,162,Suplente,ENDERSON RENAN DA SILVA NEVES,FAMOZINHO DO OUTEIRO,M,30/08/1994,Válido,50
50160,276,Suplente,SERGIO DAMASCENO SENA,BUIU FAVELINHA,M,20/09/1982,Válido,50
50789,1034,Suplente,ANDRÉ LUÍS ASSUNÇÃO DE FARIAS,PROFESSOR ANDRÉ FARIAS,M,23/03/1972,Válido,50
50021,766,Suplente,JOELSON DA CONCEIÇÃO FERREIRA,JOELSON DA SUCATA,M,28/06/1976,Válido,50
50001,734,Suplente,BRASILINO ASSAID SFAIR DA COSTA,PROFESSOR ASSAID,M,22/07/1959,Válido,50
50020,304,Suplente,ANDREA MARIA MACIEL DANTAS, ANDRÉA DANTAS,F,25/06/1976,Válido,50
50456,1263,Suplente,TATIANA PARÁ MONTEIRO DE FREITAS,TATI PARÁ PROF.,F,21/01/1987,Válido,50
50222,245,Suplente,LUCAS DE OLIVEIRA SANTA BRÍGIDA,LUCAS SANTA BRÍGIDA,M,18/04/1994,Válido,50
50123,5599,Eleito,LÍVIA DUARTE PUTY,LÍVIA DUARTE,F,24/02/1987,Válido,50
50150,661,Suplente,HILDEBRANDO SILVA DE FREITAS,NENO FREITAS,M,01/04/1963,Válido,50
50300,1099,Suplente,EDUARDO PROTÁZIO FILGUEIRAS,EDUARDO PROTÁZIO,M,03/05/1996,Válido,50
50124,95,Suplente,JOVELIANO ALVES MARTINS,JOVELIANO FLOR,M,18/07/1972,Válido,50
50555,868,Suplente,MÁRIO RODRIGUES DA SILVA FILHO,PROF. MÁRIO MARACAYP,M,19/08/1969,Válido,50
50051,139,Suplente,SIMONE CAVALCANTE SILVA,SIMONE CAVALCANTE,F,21/04/1961,Válido,50
50131,563,Suplente,WISNTON MOURA DE MENEZES,WISNTON CHIMBINHA,M,26/10/1973,Válido,50
50047,58,Suplente,EDSON ROCHA DE QUEIROZ,EDSON DO MOVIMENTO,M,05/05/1977,Válido,50
50180,3661,Suplente,GIZELLE SOARES DE FREITAS,BANCADA MULHERES AMAZÔNIDAS,F,23/09/1982,Válido,50
50501,57,Suplente,CARLITO CARDOSO QUARESMA,CARLITÃO,M,15/04/1963,Válido,50
50310,190,Suplente,ALAN VIEIRA DA SILVA,ALAN VIEIRA,M,11/09/1987,Válido,50
50000,269,Suplente,ANDRÉ GEOVANI NUNES DA COSTA CARVALHO,MOÇO,M,14/08/1987,Válido,50
50120,418,Suplente,MARIA JOSELI MOREIRA DE JESUS,JOSI PARAÍSO CULTURA POPULAR,F,11/09/1975,Válido,50
50005,668,Suplente,MARCO ANTÔNIO CARRERA FERREIRA,PROF. CARRERA-CIDADE PAIDÉGUA,M,09/11/1966,Válido,50
50100,1734,Suplente,FRANCISCO ANTONIO GUIMARÃES DE ALMEIDA,DR. CHIQUINHO,M,08/11/1959,Válido,50
50321,897,Suplente,VANESSA EGLA ROCHA DO NASCIMENTO,VANESSA EGLA,F,01/05/1988,Válido,50
50333,4023,Suplente,MARIA DE NAZARÉ ALVES DE LIMA,ENFERMEIRA NAZARÉ,F,06/08/1961,Válido,50
50770,412,Suplente,AJAX VANTUIR COSTA MACHADO,PROF AJAX COLETIVO CONFIANÇA,M,07/07/1972,Válido,50
50202,206,Suplente,ELIETE BITENCOURT CORREA,ELIETE BITENCOURT,F,26/03/1977,Válido,50
50033,351,Suplente,GILMAR GUIMARÃES DOS SANTOS,GILMAR GUIMARÃES,M,28/09/1972,Válido,50
50650,390,Suplente,JOSE EMILIO HERMES DE ALMEIDA,PROFESSOR EMÍLIO,M,30/01/1963,Válido,50
50190,171,Suplente,MICHEL BENCHIMOL DA SILVA,MICHEL BENCHIMOL,M,25/03/1980,Válido,50
50999,132,Suplente,ANTÔNIO AUGUSTO MONTEIRO GUIMARÃES,PROFº GUIMARÃES,M,29/04/1975,Válido,50
50450,237,Suplente,HERLANDER SILVIO ANDRADE,HERLANDER SILVIO,M,04/05/1962,Válido,50
50007,144,Suplente,JORGE LUIS ARAUJO DE OLIVEIRA,CHEFF JORGE,M,15/03/1968,Válido,50
50010,951,Suplente,MARIA DE FÁTIMA SANTANA DA SILVA,PROFª FÁTIMA MANDATO COLETIVO,F,03/03/1963,Válido,50
50722,42,Suplente,JOANA ALICE SILVA DE OLIVEIRA,PROFESSORA JOANA ALICE,F,07/08/1972,Válido,50
50888,144,Suplente,ADRIANA DE MELO LOPES,ADRIANA COLETIVO MUDA BELÉM,F,09/08/1982,Válido,50
50227,856,Suplente,FRANCISCO SANTOS MENDES,OCA DAS MARCANTES,M,19/07/1987,Válido,50
50235,572,Suplente,ARLENE SILVA SOARES,LENE SOARES MULHER DE LUTA,F,08/02/1972,Válido,50
50777,1618,Suplente,MÁRCIA VIEIRA DA SILVA,MÁRCIA KAMBEBA,F,07/03/1979,Válido,50
50111,119,Suplente,NELSON LIMA ROSA,NELSON LIMA,M,07/07/1982,Válido,50
50065,256,Suplente,JOATÃ PUREZA DE OLIVEIRA,PROF. JOATÃ,M,14/11/1965,Válido,50
50420,111,Suplente,LEANDRO DIMAS DOS SANTOS BARROS,PROF. LEANDRO BARROS,M,29/01/1982,Válido,50
50250,764,Suplente,HELLEN GLAUCIA CASTELO BRANCO BARROS,HELLEN GLAUCIA,F,14/10/1975,Válido,50
50500,9654,Eleito,VIVIANE DA COSTA REIS,VIVI,F,05/08/1991,Válido,50
50012,110,Suplente,JAIRIMIM OLIVEIRA DA SILVA,JAIR OLIVEIRA,M,27/06/1964,Válido,50
50444,703,Suplente,WELLINGTON CARLOS HENRIQUES MARTINS,CARLOS HENRIQUES,M,26/11/1980,Válido,50
55234,1,Suplente,ZEZINHA DA SILVA E SOUZA,ZEZINHA,F,01/09/1964,Válido,55
55678,286,Suplente,LUCIO MARCELO FERREIRA SANTOS,MARCELO FERREIRA,M,09/02/1984,Válido,55
55113,192,Suplente,RICARDO AUGUSTO FARIAS DA CONCEIÇÃO,ZAGALO,M,21/09/1973,Válido,55
55100,607,Suplente,LUCIANA RODRIGUES LEAL,LUCIANA LEAL,F,27/03/1981,Válido,55
55600,1274,Suplente,ANDRE LUIZ MONTEIRO CASTRO,ANDRE CASTRO,M,23/10/1964,Válido,55
55111,1781,Suplente,MARCOS ANTONIO CARDOSO LOBATO,MARCOS LOBATO,M,10/03/1966,Válido,55
55199,4,Suplente,GEORGENOR KAJUARA ALFAIA,KAJU ALFAIA,M,06/08/1958,Válido,55
55456,522,Suplente,MARCELO DO Ó RIBEIRO,MARCELO DO Ó,M,02/04/1978,Válido,55
55000,180,Suplente,ALBERTO MAURO BARBOSA DE SOUZA,BETO HOUAT PIRATA,M,06/01/1965,Válido,55
55777,598,Suplente,LUCIA HELENA DE SOUZA FERREIRA,LUCIA HELENA,F,11/05/1970,Válido,55
55222,442,Suplente,MARCIO ROBERTO BATISTA CUNHA,MARCIO CUNHA,M,12/07/1971,Válido,55
55112,3238,Eleito,MARIA DAS NEVES OLIVEIRA DA SILVA,DONA NEVES,F,18/02/1966,Válido,55
55700,3231,Suplente,JOSE AFONSO DA COSTA MONTEIRO,DR. AFONSO MONTEIRO,M,06/08/1968,Válido,55
55500,474,Suplente,JOÃO EDUARDO RIBEIRO CASTRO,EDUARDO CASTRO,M,14/12/1995,Válido,55
55007,0,Suplente,RAYANNE AMANDA CARMO DOS SANTOS,RAYANNE AMANDA,F,08/06/1995,Válido,55
55888,1102,Suplente,MARIA ROSA DOS SANTOS,ROSINHA DA SAUDE,F,16/03/1964,Válido,55
55190,3168,Suplente,SILVANO OLIVEIRA DA SILVA,SARGENTO SILVANO,M,03/11/1971,Válido,55
55123,3119,Suplente,NILDA MARIA PAULA NUNES,NILDA PAULA,F,09/06/1967,Válido,55
55227,1036,Suplente,CARLOS ANDRE ELIAS BARBOSA,ANDRE BARSOSA,M,01/08/1981,Válido,55
55555,2654,Suplente,ANTONIO JOAO DE OLIVEIRA SANTOS,TONINHO SANTOS,M,18/02/1960,Válido,55
55020,139,Suplente,ORLANDO ARAUJO GOLENIESKY,ARAUJO,M,22/04/1958,Válido,55
55333,177,Suplente,ADILSON DA COSTA RODRIGUES,SGT ADILSON,M,31/07/1968,Válido,55
17200,70,Não eleito,ALIPIO FARIAS MORAIS,ALIPIO MORAES,M,25/02/1989,Válido,17
17020,17,Não eleito,DILERMANDO JUNIOR FERNANDES LHAMAS,DILERMANDO LHAMAS,M,20/03/1978,Válido,17
17054,76,Não eleito,MANOEL ERALDO SOARES LOBO,ERALDO LOBO,M,16/10/1961,Válido,17
17555,158,Não eleito,CLAUDIONOR DE SOUSA,CLAUDIONOR,M,17/02/1966,Válido,17
17700,156,Não eleito,WALTER DONATO FERNANDES LEITAO,PIG LEITAO,M,17/02/1952,Válido,17
17890,1,Não eleito,CELESTE DA CRUZ GOMES,CELESTE CRUZ,F,02/08/1947,Válido,17
17567,18,Não eleito,JOSE CARLOS CALDAS MENEZES,CARLOS MENEZES,M,13/04/1966,Válido,17
17015,258,Não eleito,EBLADSTON MENDES,TOM MENDES,M,23/02/1983,Válido,17
17444,54,Não eleito,ELY ROSE DAS MERCES DE SOUZA,ELY ROSE,F,09/11/1973,Válido,17
17007,420,Não eleito,RIVANILDO PARENTE DA CRUZ,KANELA,M,26/11/1965,Válido,17
17522,85,Não eleito,HEGELTON CHRIS GUEDES DE ALMEIDA,GUEDES NAVAL,M,12/11/1979,Válido,17
17022,108,Não eleito,WELLISON WENDELL NEVES LIMA,WELLISON LIMA,M,22/10/1987,Válido,17
17117,111,Não eleito,JOAO CARLOS DA COSTA FURTADO FILHO,EVANGELISTA JOAO,M,24/10/1983,Válido,17
17777,85,Não eleito,EDINALDO ALEXANDRE ALVES FURTADO,BRANCO,M,27/06/1957,Válido,17
17122,158,Não eleito,MAURO CESAR LIMA PADILHA,MAURO CESAR,M,10/05/1967,Válido,17
17001,71,Não eleito,CASSIUS NEY DE OLIVEIRA GONÇALVES,ENGENHEIRO CASSIUS,M,17/04/1974,Válido,17
17222,145,Não eleito,ANTONIO CARLOS PALHA COELHO,TONY PALHA,M,22/10/1959,Válido,17
17123,1216,Não eleito,SOFIA DE ALMEIDA COUTO,SOFIA COUTO,F,07/09/1966,Válido,17
17899,172,Não eleito,MONICA DO SOCORRO ROCHA DO NASCIMENTO,MONICA ROCHA,F,15/02/1966,Válido,17
17521,55,Não eleito,MARIA DE NAZARE LIMA DA SILVA,NANA LIMA,F,17/03/1976,Válido,17
17999,146,Não eleito,ANSELMO JORGE DA COSTA,ANSELMO COSTA,M,21/04/1974,Válido,17
17300,80,Não eleito,HUMBERTO LUIZ SCHMIDT,COMANDANTE HUMBERTO,M,19/05/1955,Válido,17
17192,134,Não eleito,ROBSON ALVES DA SILVA,ROBSON FIRME,M,26/07/1994,Válido,17
17000,550,Não eleito,ITALO CLAUDIO FALESI FILHO,ITALO FILHO,M,25/12/1973,Válido,17
17132,284,Não eleito,ZELMA ZEVONI PEREIRA ABNADER,DRA ZELMA,F,07/11/1966,Válido,17
17190,81,Não eleito,FELIPE FLAVIO DE MORAES LISBOA,SUB LISBOA,M,28/01/1965,Válido,17
17111,16,Não eleito,GILSON MESSIAS SANTOS DE JESUS,GILSON MESSIAS,M,18/10/1976,Válido,17
17017,58,Não eleito,ELISANGELA GONÇALVES DE MACEDO,ELISA GONÇALVES,F,07/05/1973,Válido,17
17333,136,Não eleito,IOLANDA BRASILEIRO PARENTE,IOLANDA PARENTE,F,16/11/1944,Válido,17
16123,249,Não eleito,BENEDITA DUARTE DO AMARAL,BENEDITA DO AMARAL,F,15/09/1954,Válido,16
35678,214,Não eleito,SARAH PORTO VIEIRA NABATE,SARAH NABATE,F,23/01/1981,Válido,35
35350,127,Não eleito,FELIPE WEVERSON PIEDADE DA SILVA,FELIPE WEVERSON,M,06/06/1995,Válido,35
35188,81,Não eleito,LEIDA MARIA ROSA DA SILVA,LOURA DA CREMAÇÃO,F,18/08/1967,Válido,35
35148,164,Não eleito,EDSON SANTANA,EDSON SANTANA,M,29/12/1964,Válido,35
35123,234,Não eleito,MARIA AUGUSTA SOUZA DE MACEDO MARTINS E SILVA,MARIA AUGUSTA,F,02/10/1955,Válido,35
35777,218,Não eleito,AZAEL FERREIRA MASCARENHAS,AZAEL MASCARENHAS,M,28/03/1964,Válido,35
35000,193,Não eleito,ROSIEL MESSIAS SANTOS,PR MESSIAS,M,25/12/1960,Válido,35
35456,131,Não eleito,MARCIO NASCIMENTO PAZ,MARCIO PAZ,M,29/05/1969,Válido,35
35999,45,Não eleito,SUANE DE JESUS MACENA SANTOS ALLES,SUANE MACENA,F,25/09/1985,Válido,35
35169,101,Não eleito,GILBERTO WILLIAM VIANA DE NOVAES,GILBERTO NOVAES,M,04/04/1969,Válido,35
35789,190,Não eleito,LUIZ NUNES SANTANA DA SILVA,MESTRE LAÍCA,M,17/07/1964,Válido,35
35613,66,Não eleito,ZILDIANE DA SILVA PANTOJA,LILI PINK,F,04/10/1978,Válido,35
35444,230,Não eleito,EDIVALDO DE SOUZA SILVA,VALDO DA STA MARIA,M,20/08/1973,Válido,35
35555,132,Não eleito,ANDREWS FREITAS DE SOUZA,ANDREWS FREITAS,M,17/06/1986,Válido,35
35007,61,Não eleito,DELIENNE KELLY MOREIRA DA SILVA,DELIENNE KELLY,F,07/07/1981,Válido,35
35217,0,Não eleito,EDINEY SILVA MARCELINO,EDINEY MARCELINO,M,19/03/1995,Válido,35
35333,50,Não eleito,PAULO SERGIO MARQUES DE LIMA,PAULO INDIO,M,28/01/1959,Válido,35
35888,222,Não eleito,ELSILAN GOMES PEREIRA,LINGO PUBLICIDADE,M,10/01/1971,Válido,35
35005,109,Não eleito,NUBIA SANTANA DA SILVA,NUBIA SILVA,F,02/02/1970,Válido,35
36036,1833,Suplente,RISOMAR GARCIA PENA,RISOMAR PENA,M,22/06/1963,Válido,36
36888,128,Suplente,RENATA NASCIMENTO FERNANDES,RENATA FERNANDES,F,27/03/1986,Válido,36
36017,112,Suplente,EMANOEL SILVA DO AMARAL,SARGENTO AMARAL,M,25/07/1974,Válido,36
36051,235,Suplente,ALCIDES BORGES LOBO JUNIOR,SARGENTO ALCIDES,M,22/02/1973,Válido,36
36225,351,Suplente,EDVALDO NASCIMENTO DA SILVA,PASTOR EDINHO,M,18/11/1978,Válido,36
36200,44,Suplente,ANTÔNIO SÉRGIO CARDOSO BARRA,TONY BARRA ,M,16/06/1963,Válido,36
36109,264,Suplente,PAULO AFONSO DA SILVA MARDOCK,PAULO MARDOCK DAS LATINHAS,M,14/12/1960,Válido,36
36189,123,Suplente,ELISSANDRA ARAÚJO BARBOSA,SANDRINHA,F,22/03/1977,Válido,36
36115,163,Suplente,MARCOS VINÍCIUS PORTAL DE SOUZA,MARCOS PORTAL,M,15/10/1988,Válido,36
36333,25,Suplente,ANA PAULA DE MELO TEIXEIRA,PAULA DE MELO,F,18/05/1991,Válido,36
36145,112,Suplente,CLAUDECI FREITAS DAS CHAVES,CLAUDECI FREITAS,M,19/08/1972,Válido,36
36350,159,Suplente,JOANA ANDREZA RIBEIRO LIMA,JOANA LIMA,F,24/01/1985,Válido,36
36000,798,Suplente,ALEXANDRE DOS SANTOS COSTA,ALEXANDRE COSTA,M,17/02/1976,Válido,36
36440,24,Suplente,THAYANY DO SOCORRO GUERREIRO TAVARES,THAYANY,F,14/12/1982,Válido,36
36363,1000,Suplente,PEDRO TADEU JUNIOR COSTA SANTOS,TIO DUCA,M,04/11/1982,Válido,36
36116,1152,Suplente,NATANAEL PINHEIRO LOPES,NATASHA FOX,M,02/03/1981,Válido,36
36669,236,Suplente,MARILDA DO SOCORRO VIEIRA DA COSTA,MARILDA COSTA,F,27/09/1969,Válido,36
36444,4657,Eleito,LUÍS ANTÔNIO DA COSTA PINHEIRO JUNIOR,LULU DAS COMUNIDADES,M,12/04/1980,Válido,36
36799,142,Suplente,WANDER LUCIO DA CONCEIÇÃO NUNES,WANDER NUNES,M,27/07/1977,Válido,36
36190,452,Suplente,LUCIO COSTA OLIVEIRA,LUCIO BLINDADO,M,06/03/1978,Válido,36
36012,171,Suplente,ROSILENE MARIA PEREIRA DE SOUZA,ROSE MARRY,F,25/02/1971,Válido,36
36543,1410,Suplente,ALISSON ALEX OLIVEIRA,KAZA LAPA,M,14/06/1979,Válido,36
36054,105,Suplente,JOSE AUGUSTO OLIVEIRA DA SILVA,PASTOR AUGUSTO,M,11/10/1982,Válido,36
36123,254,Suplente,JOAO MONTEIRO DE OLIVEIRA FILHO,JOÃO MONTEIRO,M,11/09/1956,Válido,36
36007,220,Suplente,ADRIANA DOS SANTOS CORDEIRO,ADRIANA CORDEIRO,F,07/02/1976,Válido,36
36248,481,Suplente,ALAELCIO SOARES FARIAS,FARIAS FARIAS,M,24/08/1989,Válido,36
36990,75,Suplente,MARCOS ANTÔNIO DA SILVA PAIXÃO,MARCOS PAIXÃO,M,19/06/1972,Válido,36
36880,298,Suplente,ANTÔNIO DIAS DOS SANTOS,AD SANTOS,M,15/09/1970,Válido,36
36987,230,Suplente,ADRIANO MORAES DA SILVA,ADRIANO DO AÇAÍ,M,25/01/1980,Válido,36
36004,247,Suplente,MARLENE SOARES DE SOUZA,MARLENE DO PARACURI,F,18/07/1953,Válido,36
36654,60,Suplente,JOSE ROBERTO PANTOJA DE ALMEIDA,PROFESSOR ROBERTO,M,08/06/1964,Válido,36
36666,780,Suplente,MARCELO ROBSON DUARTE SENA,MARCELO SENA,M,23/11/1984,Válido,36
36010,137,Suplente,ALINE DA COSTA AMANAJÁS,ALINE AMANAJÁS,F,29/01/1978,Válido,36
36147,115,Suplente,AUGUSTO ALMENDRA PANTOJA,CORONEL AUGUSTO,M,04/11/1969,Válido,36
36665,108,Suplente,HERALDO GONÇALVES DO NASCIMENTO,HERALDO GONÇALVES,M,16/06/1974,Válido,36
36006,746,Suplente,HILDELENE LOBATO BAHIA,COMANDANTE HILDELENE,F,14/01/1974,Válido,36
36177,83,Suplente,CECILIA CÁTIA RODRIGUES SUZUKI,PASTORA CECÍLIA SUZUKI,F,30/05/1963,Válido,36
36005,364,Suplente,MÁRCIA REIS DE SOUSA,MARCIA REIS,F,14/04/1969,Válido,36
36100,108,Suplente,JOSE BENEDITO RODRIGUES,MIKE,M,10/12/1962,Válido,36
36912,352,Suplente,SAYRON HIGOR LIMA GONÇALVES,SAYRON LIMA,M,20/05/1991,Válido,36
36636,419,Suplente,CLAUDEMIR DO NASCIMENTO ALVES,CLAUDIO ALVES,M,30/03/1970,Válido,36
36789,338,Suplente,RAIMUNDO FRANCISCO ADRIANO FILHO,ADRIANO DO SKINA,M,29/08/1976,Válido,36
36500,146,Suplente,DENÍLSON ANTÓNIO RIBEIRO NUNES,DENÍLSON DA FEIRA,M,13/06/1967,Válido,36
36690,15,Suplente,MARÍA DE NAZARÉ ALVES DOS SANTOS,IRMÃ NAZARÉ,F,28/01/1974,Válido,36
36580,41,Suplente,SIMONE CRISTINA NASCIMENTO DE ANDRADE LIMA,SIMONE ANDRADE,F,02/11/1976,Válido,36
36234,680,Suplente,JONAS FARIAS BORGES,JONAS BORGES,M,27/09/1958,Válido,36
36833,700,Suplente,JANILDO CARLOS DE ABREU MONTEIRO,PASTOR JANILDO MONTEIRO,M,31/03/1966,Válido,36
36111,86,Suplente,RUI GUILHERME DA COSTA PEREIRA,RUI PEREIRA,M,07/05/1969,Válido,36
36999,241,Suplente,WANDACLEA CORREA FIGUEIREDO,CLEA PROMOTER,F,02/04/1980,Válido,36
36555,275,Suplente,ANTONIO SOUZA ARACATI,ARACATI DOS MINISTÉRIO,M,27/08/1964,Válido,36
40517,43,Suplente,CARLA DIAS MIRANDA,CARLA DIAS,F,28/05/1983,Válido,40
40321,2823,Suplente,MICHELL MENDES DURANS DA SILVA,MICHELL DURANS,M,02/07/1979,Válido,40
40123,3474,Suplente,ANDRE LUIZ BARBOSA DA CUNHA,ANDRE CUNHA,M,04/06/1984,Válido,40
40033,160,Suplente,ANDERSON MACIEL NASCIMENTO,ANDERSON NEGUINHO,M,22/08/1976,Válido,40
40311,872,Suplente,REINALDO GOMES AQUINO,REINALDO SACOLA,M,30/10/1956,Válido,40
40299,152,Suplente,DIEGO AFONSO DA SILVA ASSUNÇÃO,DIEGO FORASTEIRO,M,30/09/1985,Válido,40
40634,164,Suplente,FRANCINEI SANTANA PEREIRA DE SENA,SENA,M,26/07/1968,Válido,40
40333,103,Suplente,EUDES DA SILVA TEIXEIRA,BISPO EUDES,M,19/08/1968,Válido,40
40026,39,Suplente,ROBERTA SOUZA DIAS,ROBERTA DIAS,F,26/10/1987,Válido,40
40404,17,Suplente,JAQUELINE RIBEIRO SOARES,JAQUELINE SOARES,F,05/12/1989,Válido,40
40444,114,Suplente,TRICIA ROSY ALMEIDA JAMIELNIASKI,TRICIA ALMEIDA,F,07/12/1969,Válido,40
40111,4417,Eleito,GLEISSON OLIVEIRA DA SILVA,GLEISSON OLIVEIRA,M,14/04/1981,Válido,40
40121,111,Suplente,EDSON ALVES RIBEIRO,EDSON RIBEIRO,M,25/11/1965,Válido,40
40100,392,Suplente,WALQUIRIA CRISTINA BATISTA ALVES BARBOSA,PROFESSORA WALQUIRIA ALVES,F,14/12/1971,Válido,40
40159,109,Suplente,WALBER WILLIAM COELHO COSTA,DR WALBER WILLIAM,M,21/02/1963,Válido,40
40369,226,Suplente,GECIAS MARTINS DA SILVA FILHO,GECIAS FILHO,M,12/07/1980,Válido,40
40140,196,Suplente,CARMEM CILENE DA COSTA PAULA,CARMEM PAULA,F,21/12/1973,Válido,40
40789,264,Suplente,INGRID DE SOUZA OLIVEIRA,INGRID OLIVEIRA,F,14/05/1991,Válido,40
40677,124,Suplente,LOURIVAL AFONSO DA SILVA ALVES,PROFESSOR LOURIVAL AFONSO,M,25/03/1967,Válido,40
40889,61,Suplente,IRENE LIMA RODRIGUES,IRENE RODRIGUES,F,01/11/1965,Válido,40
40456,315,Suplente,GENALDO LEAO COSTA,GENALDO LEAO,M,24/05/1987,Válido,40
40227,2985,Suplente,MAIKENN EMANOEL SANTOS DE SOUZA,MAIKENN,M,13/08/1981,Válido,40
40567,290,Suplente,ALESSANDRA CELESTE SANTOS DA SILVA,ALESSANDRA SILVA,F,13/04/1974,Válido,40
40122,228,Suplente,PAULO SERGIO DE SOUZA MONTEIRO,SARGENTO SERGIO,M,05/11/1973,Válido,40
40400,146,Suplente,AURICELINO FERREIRA DA COSTA,CELIO FALCAO,M,21/07/1974,Válido,40
40001,198,Suplente,NOILTON DE SOUSA SILVA,JABUTI DO EXPLOSÃO,M,27/08/1982,Válido,40
40040,112,Suplente,CARLOS BENEDITO DA SILVA GONÇALVES,CARLOS BROWN,M,14/11/1964,Válido,40
40124,69,Suplente,LILAZIA MARIA PEREIRA MARTINS,LILA MARTINS,F,04/06/1968,Válido,40
40020,134,Suplente,MICHEL DOUGLAS DA CUNHA NASCIMENTO,MICHEL NASCIMENTO,M,29/03/1975,Válido,40
40222,4557,Eleito,FABIO JORGE CARVALHO DE SOUZA,FABIO SOUZA,M,10/03/1970,Válido,40
40800,150,Suplente,IAN CESAR RODRIGUES DA SILVA,CESAR HEL,M,14/03/1974,Válido,40
40012,513,Suplente,ALYSSON HENRIQUE SILVA DE MELO,ALYSSON MELO,M,20/12/1982,Válido,40
40153,141,Suplente,CACILDA DO SOCORRO SILVA MORAES,CASSIA MORAES,F,14/08/1974,Válido,40
40721,527,Suplente,WALGNER TARCISIO SANTIAGO CARDOSO,DR. TARCISIO,M,21/11/1962,Válido,40
40024,350,Suplente,JOAQUIM FRANCA LIMA DE MELO,FRANÇA,M,18/10/1951,Válido,40
40007,3579,Suplente,MARCIO RODRIGUES DOS SANTOS,MARCIO SANTOS,M,01/11/1979,Válido,40
40481,307,Suplente,SANDRA LUCIA GOUVEA DO ESPIRITO SANTO,SANDRA LUCIA,F,05/07/1968,Válido,40
40115,1152,Suplente,RAIMUNDO NONATO HUGHES FILHO,NONATO BOMBA,M,09/07/1970,Válido,40
40699,207,Suplente,PAULO ROBERTO GONCALVES MONTEIRO,PROFESSOR PAULO MONTEIRO,M,17/04/1955,Válido,40
40191,398,Suplente,NAHUM FERNANDES DA SILVA,CORONEL NAHUM,M,08/11/1959,Válido,40
40050,262,Suplente,ADENISON ARAUJO DOS SANTOS,ADENISON ARAUJO,M,29/08/1997,Válido,40
40149,7,Suplente,MARCIA CRISTINA DA SILVA SOUZA,MARCIA CRISTINA,F,03/06/1976,Válido,40
40322,105,Suplente,ROBERTA CRISTINA RODRIGUES DA SILVA,ROBERTA CRISTINA,F,07/09/1981,Válido,40
40000,224,Suplente,RODOLFO RONALDO NOBRE OLIVEIRA,RODOLFO,M,04/11/1984,Válido,40
40900,225,Suplente,JOSUE DE ALMEIDA MANGABEIRA,JOSUE MANGABEIRA,M,22/10/1995,Válido,40
40423,2054,Suplente,JOSE LUIS ELIAS DE ALMEIDA,PROFESSOR ELIAS,M,22/02/1957,Válido,40
14222,11,Suplente,ANDERSON SANTOS DE SOUZA,ANDERSON SANTOS,M,25/05/1973,Válido,14
14000,9493,Eleito,JOÃO PAULO ALBUQUERQUE COELHO,JOÃO COELHO,M,03/04/2000,Válido,14
14555,3624,Suplente,VALMIR ROBERTO TRINDADE VASCONCELOS,PASTOR VALMIR,M,28/06/1955,Válido,14
14055,92,Suplente,DAISE FARIAS DE SOUSA,DAISE SOUSA,F,19/06/1981,Válido,14
14444,585,Suplente,JOSÉ MEDEIROS BARROS NETO,NETO MEDEIROS,M,28/10/1981,Válido,14
14011,30,Suplente,JOSE LAWRENCE CAMARA COSTA,JOSÉ CÂMARA,M,24/09/1968,Válido,14
14567,53,Suplente,FRANCISCO SILVA MACHADO,FRAN MACHADO,M,08/11/1952,Válido,14
14611,1329,Suplente,VICTOR HUGO MOREIRA DA CUNHA JUNIOR,VICTOR CUNHA,M,19/10/1957,Válido,14
14113,467,Suplente,MARIA DE FATIMA FERREIRA SEABRA,PROFESSORA FATIMA,F,17/12/1954,Válido,14
14014,615,Suplente,IRAILDE NEVES FERREIRA GUEDES,DONA IRÁ,F,04/02/1959,Válido,14
14123,7857,Suplente,RILDO DE OLIVEIRA PESSOA,RILDO PESSOA,M,31/03/1969,Válido,14
14888,96,Suplente,KELLEN STEFANY VIANA VELOSO,STEFANY VELOSO,F,07/08/1990,Válido,14
14015,358,Suplente,ALZENIR DA SILVA NASCIMENTO,NIL NASCIMENTO,M,28/11/1971,Válido,14
14133,977,Suplente,GIDEON WINDSOR BUSH MIRANDA DA SILVA,GIDEON,M,17/03/1987,Válido,14
43876,148,Não eleito,ALISSON MACIEL DA SILVA NUNES,ALISSON NUNES,M,06/10/1995,Válido,43
43900,54,Não eleito,MARCO ANTONIO VIEIRA DA SILVA,MARQUINHO SEM CAMISA,M,20/11/1977,Válido,43
43123,4659,Não eleito,WILSON CORDEIRO ALBUQUERQUE NETO,WILSON NETO,M,28/07/1986,Válido,43
43000,116,Não eleito,ADENILSON DA SILVA DE ABREU,DENILSON SILVA,M,18/07/1986,Válido,43
43030,227,Não eleito,JOEL MATOS PEIXOTO,JOEL MATOS,M,01/01/1970,Válido,43
43043,101,Não eleito,FERNANDO DA CRUZ SILVA,FERNANDO CRUZ,M,23/01/1974,Válido,43
43012,291,Não eleito,ROMATHIZ DE BARROS MORAIS,ROMATHIZ MORAIS,M,12/01/1977,Válido,43
43222,710,Não eleito,JOAO MARIA LOPES RAMOS,JOHNNY DO BARREIRO,M,24/06/1966,Válido,43
43789,78,Não eleito,ANDRÉ FELIPE DA COSTA RODRIGUES,ANDRE DOUG,M,19/07/1986,Válido,43
43666,550,Não eleito,RAIMUNDO RONALDO DA SILVA,ROXO STRIKE,M,18/10/1969,Válido,43
43433,69,Não eleito,MARCIO ANTONIO RAPOSO RODRIGUES,MARCIO RODRIGUES DO PV,M,10/08/2001,Válido,43
43165,674,Não eleito,SIDINEI PAIVA RODRIGUES,SINO CHUTE CERTO,M,01/09/1965,Válido,43
43003,17,Não eleito,MARIA DA LUZ BORGE DIAS,MALU DIAS,F,26/06/1977,Válido,43
43668,349,Não eleito,ANTHONY SAUL PINHEIRO MAGALHAES,SAUL,M,18/07/1981,Válido,43
43234,35,Não eleito,NARA NUBIA SILVA SANTOS,NUBIA SANTOS,F,07/02/1973,Válido,43
43033,161,Não eleito,RITA DE CASSIA ATHAYDE DE OLIVEIRA,RITA ATHAYDE,F,11/11/1968,Válido,43
43111,300,Não eleito,JORGE FREITAS PEREIRA,JORGE FREITAS,M,06/08/1963,Válido,43
43233,243,Não eleito,LUCIO MAURO RIBEIRO FERREIRA,MAURO RIBEIRO,M,10/02/1960,Válido,43
43100,89,Não eleito,JOSÉ ANTONIO LIMONGE VALENTE,TUCHE,M,26/10/1984,Válido,43
43023,53,Não eleito,LAILA SARÉ XIMENES PONTE,LAILA XIMENES,F,09/02/1985,Válido,43
43243,329,Não eleito,WALDILENA ASSUNÇÃO,WAL FENOMENAL,F,18/03/1974,Válido,43
43210,49,Não eleito,WILLIAM ROMARIO SOUZA FARIAS,PROFESSOR WILLIAM,M,14/07/1994,Válido,43
43431,199,Não eleito,ULISSES MORAES DA CRUZ,ULISSES DA CRUZ,M,06/11/1998,Válido,43
43313,302,Não eleito,SUZY NUNES DE CARVALHO,SUZY CARVALHO,F,07/05/1977,Válido,43
43024,30,Não eleito,CLAUDIA MARIA DO NASCIMENTO BARBOSA,CLAUDIA BARBOSA,F,05/05/1977,Válido,43
43200,59,Não eleito,MARIA LUIZA TEIXEIRA GARDELINE,MALU GARDELINE,F,08/03/2000,Válido,43
43005,23,Não eleito,MIRIAN DE PAULA BARBOSA AMADOR,PAULA AMADOR,F,03/08/1993,Válido,43
43333,91,Não eleito,OSNILDO RIBEIRO MAGALHAES FILHO,NILDO MAGALHÃES JR,M,11/07/1978,Válido,43
43001,8,Não eleito,SIMONE DE FATIMA CAMARÃO DE MORAES,SIMONE MORAES,F,31/05/1973,Válido,43
43999,206,Não eleito,MIZAEL MONTEIRO LIMA,MIZAEL MONTEIRO,M,05/03/1982,Válido,43
43444,2383,Não eleito,RUI MARCELO MOUTA PINHEIRO,MARCELÃO MOUTA,M,31/07/1961,Válido,43
43110,67,Não eleito,LUIZ HELENO QUEIROZ DA COSTA,HELENO COSTA,M,01/09/1957,Válido,43
43456,175,Não eleito,IVALDY DINIZ BARROS,VERDINHO AMADO,M,28/08/1970,Válido,43
45345,1581,Suplente,LUCILENE BASTOS FARINHA SILVA,LENE FARINHA,F,08/09/1956,Válido,45
45455,424,Suplente,MARIA CILENE BRITO BEZERRA,CILENE BEZERRA,F,10/08/1963,Válido,45
45626,2653,Suplente,NEHEMIAS GUEDES VALENTIM,NEMIAS VALENTIM,M,11/09/1951,Válido,45
45999,173,Suplente,ELIZABETH NON SURUGHAN CARDOSO DOS SANTOS,ELIZABETH NON SURUGHAN,F,01/04/1997,Válido,45
45111,567,Não eleito,ROMUALDO ANTONIO DA SILVA LIMA,ROMUALDO LIMA,M,06/08/1954,Anulado,45
45100,510,Suplente,FRANCISCO CHAGAS SILVA,PADRE SAMUEL,M,04/09/1977,Válido,45
45145,1111,Suplente,RAIMUNDO DE OLIVEIRA MORAES,RAY MORAES,M,04/06/1971,Válido,45
45003,402,Suplente,ANA PAULA AMORIM DA SILVA HOLLES,ANA PAULA HOLLES,F,29/06/1976,Válido,45
45450,758,Suplente,NILO EMANOEL RENDEIRO DE NORONHA,NILO NORONHA,M,17/07/1963,Válido,45
45150,123,Suplente,PAULO CESAR DO CARMO SALDANHA,PATO DO MOSQUEIRO,M,17/01/1974,Válido,45
45789,128,Suplente,MARCIA MOURA DOS PASSOS,DJ GADÁ,F,09/06/1972,Válido,45
45567,213,Suplente,MARCO ANTONIO ABIFAIÇAL DE FIGUEIREDO,MARCO FAIÇAL,M,25/07/1967,Válido,45
45544,60,Suplente,LUIZ CARLOS VIEIRA FURTADO,LUIS FURTADO,M,28/07/1955,Válido,45
45678,6392,Eleito,MAURO CRISTIANO FREITAS,MAURO FREITAS,M,06/11/1971,Válido,45
45555,510,Suplente,HENRIQUE LUIZ SARUBBY NASSAR,CAP NASSAR,M,13/07/1958,Válido,45
45077,441,Suplente,VALDIR SOARES DE MOURA,VALDIR MOURA,M,11/08/1962,Válido,45
45055,35,Suplente,NAMARA SOLANGE LISBOA DE ALMEIDA,NAMARA SOLANGE,F,19/09/1961,Válido,45
45161,65,Suplente,LUIZ GUILHERME SILVA DUARTE,GUILHERME LUIZ,M,16/12/1996,Válido,45
45045,2159,Suplente,ALTEVIR DE MATOS LOPES,ALTEVIR LOPES,M,01/03/1947,Válido,45
45007,1173,Suplente,JOSE SILVERIO NUNES DA FONSECA,DR SILVÉRIO,M,06/01/1965,Válido,45
45234,366,Não eleito,JORGE BARARUÁ DE ALCANTARA,JORGE ALCANTARA,M,02/08/1972,Anulado,45
45222,638,Suplente,JOÃO VITOR SANTOS DE OLIVEIRA,VITINHO,M,04/12/1996,Válido,45
45162,120,Suplente,ROBERTO DA SILVA SANTOS,GARRINCHA SANTOS PESCADOR,M,01/03/1962,Válido,45
45900,4382,Suplente,ALTIMÁ ALVES DA SILVA,ALTIMÁ,M,16/02/1970,Válido,45
45500,283,Suplente,CLARA OZENY LIMA OLIVI,ENFERMEIRA CLARA OLIVI,F,23/12/1988,Válido,45
45600,219,Suplente,LUCIANA MONTEIRO DINIZ,LUCIANA DINIZ,F,25/07/1979,Válido,45
45033,49,Suplente,FLAVIA DA SILVA COSTA,FLAVIA,F,30/04/1999,Válido,45
45777,168,Suplente,OSEIAS CHAGAS DA SILVA,OSEIAS CHAGAS,M,12/07/1961,Válido,45
45199,6942,Eleito,MOACIR IRAN NASCIMENTO MORAES FILHO,MOA MORAES,M,14/03/1983,Válido,45
45123,4955,Suplente,CLAUDIA VINAGRE DE MELLO,CLAUDIA VINAGRE,F,24/11/1966,Válido,45
45021,80,Suplente,PAULO ROBERTO PENEDO JUNIOR,PAULO PENEDO,M,06/02/1976,Válido,45
45155,231,Suplente,IVONALDO RIBEIRO ALVES DE OLIVEIRA,IVONALDO,M,23/11/1959,Válido,45
45000,282,Suplente,RAIMUNDO CARLOS ARAÚJO DIAS,SUB R DIAS,M,20/10/1964,Válido,45
45025,95,Suplente,DOUGLAS WILSON DA SILVA NUNES,DOUGLAS NUNES,M,20/02/1973,Válido,45
45300,74,Suplente,ANDREA CONCEIÇÃO REIS MELO SANTOS,ANDRÉA SANTOS,F,11/06/1977,Válido,45
19233,421,Suplente,MOISÉS COÊLHO MAGALHÃES,PROFESSOR MOISES,M,22/03/1965,Válido,19
19050,489,Suplente,MANUEL PEREIRA BRASIL,BRASIL,M,14/07/1970,Válido,19
19200,85,Suplente,MARIA DO SOCORRO SA DA COSTA,SOCORRO SÁ,F,09/06/1962,Válido,19
19110,136,Suplente,MARIA DO SOCORRO CARDOSO TEIXEIRA,SOCORRO TEIXEIRA,F,12/01/1977,Válido,19
19400,1288,Suplente,RICARDO ACACIO BARRETO DE OLIVEIRA,RICARDO BARRETO,M,20/09/1964,Válido,19
19190,671,Suplente,JOSE WILSON COSTA MARTINS,WILSON DO DESU,M,19/03/1961,Válido,19
19077,263,Suplente,WILKENS JOSÉ DA COSTA MARTINS,WILKENS MARTINS,M,14/08/1969,Válido,19
19789,1400,Suplente,GUSTAVO FREITAS BARBOSA DE SOUZA,GUSTAVO FREITAS,M,20/04/1998,Válido,19
19600,16,Suplente,CRISTIANE DA COSTA FERREIRA JARDIM,CRISTIANE COSTA,F,07/03/1984,Válido,19
19950,349,Suplente,GILBERTO CHARLENSON PALHETA,GILBERTO PALHETA,M,15/04/1986,Válido,19
19112,494,Suplente,AUGUSTO CÉSAR DE OLIVEIRA CORRÊA DOS ANJOS,CESINHA DOS ANJOS,M,14/04/1980,Válido,19
19210,230,Suplente,SILVIA AMELIA SOUZA DA SILVA,SILVIA SOUZA,F,21/05/1972,Válido,19
19888,444,Suplente,MOISES JÚNIOR DANTAS DE SOUZA,JÚNIOR DANTAS,M,26/08/1995,Válido,19
19777,1487,Suplente,EDUARDO AUGUSTO BARROS KAHWAGE,DUDU KAHWAGE,M,12/03/1981,Válido,19
19111,4844,Eleito,RENAN CENTENO NORMANDO,RENAN NORMANDO,M,27/09/1996,Válido,19
19013,147,Suplente,CELSO ADRIANO SOUZA DA CONCEIÇÃO,CELSO,M,03/11/1976,Válido,19
19270,61,Suplente,DENIS BARATA DA SILVA,PROFESSOR DENIS BARATA,M,05/01/1985,Válido,19
19990,118,Suplente,MAXIMILIANO MORAES CARDOSO,NEGO DUBA,M,11/04/1971,Válido,19
19337,1520,Suplente,JOÃO CARLOS BERINA MELO,BERINA,M,07/07/1966,Válido,19
19350,256,Suplente,ALMIR CARVALHO REIS,ALMIR REIS,M,02/07/1970,Válido,19
19555,2598,Eleito,MIGUEL DE JESUS PANTOJA RODRIGUES,MIGUEL RODRIGUES,M,14/09/1961,Válido,19
19550,260,Suplente,ANA CAROLINA SILVA DA CUNHA LIMA,CAROL CUNHA,F,10/07/1985,Válido,19
19007,1248,Suplente,JAIR NAZARENO RODRIGUES LIMA,JAIR APOLLO,M,27/03/1970,Válido,19
19700,432,Suplente,FABIO RIBEIRO RIBEIRO,FABIO RIBEIRO,M,18/07/1981,Válido,19
19177,478,Suplente,ROBERTA FERREIRA DA SILVA,ROBERTA FERREIRA,F,23/10/1982,Válido,19
19100,470,Suplente,JAMESON FREITAS DE MACEDO,J MACEDO,M,01/06/1982,Válido,19
19999,1005,Suplente,FRANCISCO MARQUES BASTOS JUNIOR,BASTOS JÚNIOR,M,01/07/1982,Válido,19
19800,2104,Suplente,JODEILMA DA SILVA RODRIGUES,JÔ DA CABANAGEM,F,21/02/1968,Válido,19
19850,47,Suplente,SOCORRO DE FATIMA BARROS DA COSTA,SOCORRO BARROS,F,16/02/1961,Válido,19
19450,26,Suplente,ROSEMARY PAMPLONA CARRAMANHO,ROSEMARY PAMPLONA,F,23/07/1968,Válido,19
19301,34,Suplente,LAIRA JOIA NASCIMENTO DOS SANTOS,LAIRA JOIA,F,12/08/1977,Válido,19
19102,8,Suplente,GINA PAULA DOS SANTOS COSTA,PAULA COSTA,F,26/02/1981,Válido,19
19192,585,Suplente,LUIZ FERNANDO FERREIRA DE CASTRO,ENFERMEIRO LUIZ,M,25/07/1973,Válido,19
19454,228,Suplente,LUIZA DO SOCORRO RIBEIRO ALVES,DRA LUIZA ALVES,F,11/12/1979,Válido,19
19500,342,Suplente,MICHEL MORAES DOS SANTOS,MICHEL NEGUINHO,M,22/02/1982,Válido,19
19900,42,Suplente,VALDINETE DO SOCORRO AMARAL DA SILVA,VALDINETE AMARAL,F,28/03/1972,Válido,19
19829,203,Suplente,REGINALDO FERREIRA DE SOUZA JUNIOR,REGINALDO JR,M,31/07/1995,Válido,19
19444,2396,Suplente,JOSÉ MARIA MACHADO MARQUES,SEU ZÉ DA FARMÁCIA,M,09/05/1954,Válido,19
19222,506,Suplente,JOSÉ RUFINO COSTA DOS SANTOS,DR RUFINO,M,30/07/1961,Válido,19
19000,2522,Suplente,JOSE AUGUSTO DA CONCEIÇÃO,ZÉ AUGUSTO,M,19/03/1974,Válido,19
19876,7,Suplente,ANDREZA MONTEIRO DE OLIVEIRA,ANDREZA MONTEIRO,F,06/03/1976,Válido,19
19750,462,Suplente,FELIPE PIEDADE FERNANDES,PASTOR FELIPE,M,12/02/1974,Válido,19
19650,158,Suplente,ELIEZER RIBEIRO DOS SANTOS,IRMÃO ELIEZER,M,19/10/1970,Válido,19
19123,2391,Suplente,JAIME KOSMINSKY,JAIME KOSMINSKY,M,21/01/1968,Válido,19
19255,28,Suplente,FRANCISDALVA PANTOJA FERREIRA,FRANCIS PROVIDÊNCIA,F,27/07/1981,Válido,19
19333,1791,Suplente,RONALDO CORRÊA MIRANDA,RONALDO DA COMUNIDADE,M,18/06/1978,Válido,19
19300,122,Suplente,MANOEL RODRIGUES CARVALHO,SEU PET,M,16/11/1967,Válido,19
19150,77,Suplente,JURACY PIMENTEL PEREIRA,JURACY,M,23/07/1945,Válido,19
19330,48,Suplente,RAIMUNDO FABRÍCIO PEREIRA DOS REIS,RODOVIÁRIO FABRICIO,M,05/04/1984,Válido,19
19001,501,Suplente,ROBERTO BORGES MOREIRA FILHO,BETINHO MOREIRA,M,15/08/1985,Válido,19
13551,141,Suplente,ERICSON FELIPE GUIMARÃES HOLANDA,SENSEI ERICSON HOLANDA,M,25/05/1986,Válido,13
13640,322,Suplente,MIGUEL CUNHA FILHO,DELEGADO MIGUEL CUNHA,M,10/01/1964,Válido,13
13321,171,Suplente,NAURO LUIS PEREIRA CHAVES,NAURO CHAVES,M,12/05/1970,Válido,13
13123,175,Suplente,NELY ALMERINDA CHAVES MATOS DA SILVA,NELY CHAVES,F,25/01/1963,Válido,13
13200,671,Suplente,ROSANA OLIVEIRA DO CARMO MARTINS,PROFESSORA ROSANA,F,25/08/1961,Válido,13
13313,1121,Suplente,MARIA DE NAZARÉ COSTA DA CRUZ,NAZARÉ CRUZ,F,15/08/1980,Válido,13
13163,47,Suplente,CARLOS VINICIUS NOBRE DA SILVA,CARLOS VINICIUS,M,30/07/2002,Válido,13
13111,842,Suplente,ISRAEL PEREIRA RODRIGUES JÚNIOR,ISRAEL JÚNIOR,M,23/07/1981,Válido,13
13633,282,Suplente,ANDRÉ LUIZ CAMPOS,ANDRÉ CAMPOS,M,25/01/1975,Válido,13
13651,856,Suplente,SEBASTIÃO CONCEIÇÃO MARTINS,SABÁ DOS CAMINHONEIROS,M,16/06/1971,Válido,13
13690,167,Suplente,MARIA DO SOCORRO DOS SANTOS JUCÁ,PROFESSORA JUCÁ,F,27/12/1963,Válido,13
13623,947,Suplente,PAULO AFONSO CALDEIRA DOS SANTOS,PAULO AFONSO,M,04/06/1961,Válido,13
13500,136,Suplente,DALVA SUELY DA SILVA SANTIAGO,ESTRÊLA DALVA,F,08/06/1965,Válido,13
13013,371,Suplente,RAIMUNDO PINHEIRO DOS SANTOS,RAIMUNDO PINHEIRO,M,31/10/1966,Válido,13
13310,625,Suplente,MAURO AUGUSTO MENDES RODRIGUES,MAURO RODRIGUES,M,22/10/1967,Válido,13
13130,2092,Suplente,AMARILDO DO SOCORRO MARQUES CHERMONT,AMARILDO,M,29/01/1963,Válido,13
13678,58,Suplente,AUGUSTO RENATO GONÇALVES ESPIRITO SANTO,PROFESSOR AUGUSTÃO,M,20/10/1967,Válido,13
13600,128,Suplente,VANDA LÚCIA DOS SANTOS SOARES,MÃE VANDA,F,11/08/1964,Válido,13
13113,239,Suplente,EDI SANTOS DE SOUZA,PROFº EDI SOUZA,M,28/04/1985,Válido,13
13613,4874,Eleito,BEATRIZ CAMINHA DOS SANTOS,BIA CAMINHA,F,12/03/1999,Válido,13
13133,746,Suplente,APOLINÁRIO ALVES FILHO,APOLINÁRIO,M,12/04/1957,Válido,13
13630,2351,Suplente,ALFREDO CARDOSO COSTA,PROFESSOR ALFREDO COSTA,M,25/02/1966,Válido,13
13051,231,Suplente,MARTINHO AFONSO DA CRUZ SOUZA,MARTINHO,M,30/01/1964,Válido,13
13100,795,Suplente,CLAÚDIO NONATO BAIA,BAÍA,M,26/01/1969,Válido,13
13513,2225,Suplente,LEIRSON WELLINGTON AZEVEDO SILVA,PROFESSOR LEIRSON,M,29/05/1980,Válido,13
13137,203,Suplente,ARTHUR PIRES DE SOUSA,ARTHUR SOUSA,M,28/07/1999,Válido,13
13131,234,Suplente,JOEL ANTÔNIO DOS SANTOS,JOEL,M,27/11/1958,Válido,13
13126,397,Suplente,ANA CRISTINA LOUCHARD PIRES,ADVOGADA CRISTINA LOUCHARD,F,17/04/1968,Válido,13
13000,218,Suplente,FERNANDO AUGUSTO DA CONCEIÇÃO SILVA,FERNANDO SILVA,M,05/04/1972,Válido,13
13611,3177,Eleito,AMAURY DE SOUSA FILHO,AMAURY DA APPD,M,22/07/1956,Válido,13
13333,454,Suplente,JAIR DA SILVA BEZERRA,JAIR BEZERRA,M,30/06/1969,Válido,13
13510,1261,Suplente,MARCOS ROBERTO SANTOS DA SILVA,MARQUINHO DO PT,M,08/07/1969,Válido,13
13555,1641,Suplente,HÉLIO DE ALMEIDA MONTEIRO,HÉLIO MONTEIRO,M,07/10/1979,Válido,13
13569,2416,Suplente,MILENE RISUENHO LAUANDE,MILENE,F,18/09/1972,Válido,13
13789,71,Suplente,JAIME NAZARENO COSTA DE SOUZA,JAIMÃO,M,06/07/1962,Válido,13
13140,205,Suplente,MARIA ANTÔNIA SOARES SALGADO,ANTÔNIA SALGADO,F,03/08/1956,Válido,13
13330,51,Suplente,ALBA DO CARMO CARDOSO,ALBA CARDOSO,F,21/02/1965,Válido,13
13456,135,Suplente,ANTÔNIO CARLOS LIMA LEMOS,TONI RAÍZES,M,29/05/1971,Válido,13
13192,360,Suplente,JOSILENE LÚCIA DOS SANTOS,JOSILENE SANTOS,F,13/12/1969,Válido,13
13777,72,Suplente,CARLOS MORAES DE ALBUQUERQUE FILHO,CORRETOR CARLOS ALBUQUERQUE,M,16/10/1957,Válido,13
51234,2364,Eleito,JOSIAS DA SILVA HIGINO,JOSIAS HIGINO,M,30/06/1966,Válido,51
51233,828,Suplente,RAYANE DE JESUS CASTRO PATROCÍNIO,RAYANE PATROCÍNIO,F,07/01/1996,Válido,51
51123,2976,Eleito,SALETE FERREIRA SOUZA,PASTORA SALETE,F,19/11/1962,Válido,51
51351,248,Suplente,LENILSON CARLOS MARQUES SOUSA,LÉO CAMASO,M,17/05/1995,Válido,51
51007,58,Suplente,ALBERTO FERREIRA LEANDRO,FERREIRA LEANDRO,M,01/06/1965,Válido,51
51738,96,Suplente,ANDERSON LUIZ MIRANDA,MIRANDA,M,23/07/1989,Válido,51
51637,249,Suplente,CLAUDIO DA SILVA MELO,PASTOR CLÁUDIO MELO,M,02/02/1970,Válido,51
51024,914,Suplente,RENATO JORGE RIBEIRO DA SILVA,RENATO CABEÇÃO,M,27/09/1967,Válido,51
51021,427,Suplente,JOSE FERNANDO DO NASCIMENTO MORAES,FERNANDO MORAES,M,13/07/1950,Válido,51
51012,53,Não eleito,VILSON CLEYTON DE JESUS SANTOS,VILSON SANTOS,M,25/09/1988,Anulado sub judice,51
51325,75,Suplente,SHEILA PATRÍCIA SANTANA RODRIGUES,SHEILA RODRIGUES,F,19/09/1978,Válido,51
51019,166,Suplente,LORENA RODRIGUES SAMPAIO LIMA,LORENA SAMPAIO,F,09/01/1981,Válido,51
51051,484,Suplente,LEONARDO DO AMARAL MAROJA,LEO MAROJA,M,30/05/1973,Válido,51
51222,124,Suplente,RICARDO FURTADO SARAIVA,SARAIVA,M,01/06/1986,Válido,51
51762,1481,Suplente,JUSSIÊ ALVES BRITO,SARGENTO BRITO,M,27/05/1975,Válido,51
51551,14,Suplente,SIDLEHNY DA SILVA TEIXEIRA,SIDLEHNY TEIXEIRA,F,22/05/1984,Válido,51
51111,242,Suplente,VALDEMIR NOGUEIRA DE MEDEIROS,PICA PAU,M,26/07/1960,Válido,51
51757,38,Suplente,LAUDENILCE CARNEIRO LOUREIRO,LAU CARNEIRO,F,02/12/1957,Válido,51
51300,40,Suplente,DÉBORA SUELI ROCHA MARTINS,DÉBORA MARTINS,F,29/01/1975,Válido,51
51510,49,Suplente,HENRIQUE FERNANDO PINHEIRO ESPÍRITO SANTO,HENRIQUE ESPIRITO SANTO,M,07/06/1984,Válido,51
51751,1866,Suplente,PAULO HENRIQUE DA COSTA,CORONEL AVIADOR PAULO COSTA,M,28/03/1969,Válido,51
51949,24,Suplente,HÉLIO PANTOJA FLEXA,FLEXA,M,09/10/1949,Válido,51
51110,595,Suplente,DIMAS SEBA LIMA,CORONEL LIMA,M,30/07/1967,Válido,51
51150,400,Suplente,LEO BECKMAN CAPELA,LÉO CAPELA,M,04/08/1975,Válido,51
51413,1515,Suplente,MARCELO SILVA DE SOUZA,MARCELINHO DO ABRIGO,M,27/03/1989,Válido,51
51555,84,Suplente,ADRIANNE TAVARES DOS SANTOS,CANTORA ADRIANNE TAVARES,F,29/01/1994,Válido,51
51968,32,Suplente,LEOMAR DOS SANTOS DE CASTRO,LEOMAR DOS SANTOS,M,19/12/1968,Válido,51
51651,248,Suplente,KLEBESON ROBERTO DA COSTA RODRIGUES,KLEBESON RODRIGUES,M,10/01/1980,Válido,51
51161,65,Suplente,ALEXANDRE PAREDES DE ARAGÃO,ALEXANDRE ARAGÃO,M,21/12/1974,Válido,51
51333,510,Suplente,JOÃO RICARDO SILVA DA CONCEIÇÃO,JOÃO RICARDO,M,23/03/1993,Válido,51
51020,58,Suplente,ELTON DAVID RODRIGUES DO CARMO,ELTON DAVID,M,06/09/1979,Válido,51
51035,175,Suplente,EDILSON BRAGA MIRANDA,SARGENTO MIRANDA,M,20/11/1968,Válido,51
51999,83,Suplente,ROSA MARIA TAVARES DE ASSUNÇÃO,ROSA ASSUNÇÃO,F,23/10/1971,Válido,51
51112,119,Suplente,MARIA DO PERPETUO SOCORRO MACIEL FERREIRA,SOCORRO MACIEL,F,11/03/1962,Válido,51
51888,410,Suplente,GLAUCIA RODRIGUES NASCIMENTO MEDEIROS,GLÁUCIA MEDEIROS,F,01/06/1977,Válido,51
51227,95,Suplente,LEVI ANTÔNIO CAVALCANTE DE CARVALHO,LEVI DE ICOARACI,M,26/03/1958,Válido,51
51321,391,Suplente,DAVI FERREIRA ALBUQUERQUE,DAVI ALBUQUERQUE,M,24/11/1971,Válido,51
51122,2062,Suplente,ANDRÉ LUÍS DOS SANTOS PINHEIRO,ANDRE PINHEIRO,M,15/01/1986,Válido,51
51125,131,Suplente,LUCIANO PANTOJA MARTINS,LUCIANO PANTOJA,M,12/02/1980,Válido,51
51246,105,Suplente,ELIETE PINHEIRO FERREIRA,ELIETE PINHEIRO,F,30/06/1968,Válido,51
51789,157,Suplente,JEFFREI NAZARENO DO NASCIMENTO SILVA,JEFFREI SILVA,M,03/05/1976,Válido,51
51001,2264,Suplente,ANA CLAUDIA MAGALHÃES,NANA MAGALHÃES,F,14/12/1970,Válido,51
51190,1829,Suplente,ROSINALDO DA SILVA CONCEIÇÃO,CORONEL ROSINALDO,M,30/07/1968,Válido,51
51345,203,Suplente,ELIZABETH DE OLIVEIRA BORGES,BETH BORGES,F,12/06/1955,Válido,51
51200,221,Suplente,DARCY OLEGARIO GAMA COSTA,DARCY COSTA,M,11/04/1969,Válido,51
51426,77,Suplente,MIRIAM DA SILVA BARBOSA,MIRIAM BARBOSA,F,17/06/1967,Válido,51
51777,569,Suplente,ANDRÉ PEREIRA DA ROCHA,ANDRE ROCHA AGENTE FEDERAL,M,30/05/1977,Válido,51
51022,270,Suplente,HARILSON CARLOS BRAGA NASCIMENTO,HARILSON CARLOS,M,19/04/1998,Válido,51
51000,937,Suplente,PAULO SEZAR MORAES RODRIGUES,PAULO PARÁ,M,23/09/1969,Válido,51
51556,111,Suplente,FABIO DA SILVA SOBRAL,FÁBIO SOBRAL,M,12/03/1994,Válido,51
51212,387,Suplente,SIDNEY AUGUSTO COUTINHO BRITO,SIDNEY BRITO,M,14/11/1972,Válido,51
51712,115,Suplente,LEILA TRINDADE DA CONCEIÇÃO,LEILA TRINDADE,F,28/10/1977,Válido,51
51444,442,Suplente,MANOEL ROLANDO SANTOS BRAZÃO,MANOEL BRAZÃO,M,30/12/1969,Válido,51
10199,97,Suplente,PAULO ROBERTO MARQUES MARTINS,BEBETO,M,05/05/1960,Válido,10
10121,8,Suplente,MARIA LUCIA ALVES DA COSTA,LUCIA COSTA,F,20/12/1972,Válido,10
10220,144,Suplente,RONALDO FREIRE DUARTE,RONY FREIRE,M,22/05/1975,Válido,10
10006,344,Suplente,JEFFERSON PINTO BOTELHO,JEFFERSON PEE,M,24/04/1967,Válido,10
10010,192,Suplente,NILCE SULLIVAN NUNES FERREIRA,NILCE SULLIVAN,F,09/06/1964,Válido,10
10999,308,Suplente,ADILSON DA CRUZ MORAES,SGT BACABAU,M,11/12/1966,Válido,10
10222,523,Suplente,PEDRO ORLANDO NUNES RODRIGUES,PEDRO PALECO,M,28/01/1957,Válido,10
10333,361,Suplente,JOHN NEY BURJACKE BAIA,JOHN NEY BAIA,M,13/07/1981,Válido,10
10511,337,Suplente,ROSIVALDO PEREIRA MACIEL,PR ROSIVALDO MACIEL,M,06/04/1970,Válido,10
10127,791,Suplente,ALEX MARTINS CHAVES,ALEX RATATA,M,31/03/1984,Válido,10
10014,342,Suplente,ELOI SANTOS DA SILVA,ELOI SANTOS,M,08/02/1971,Válido,10
10300,32,Suplente,ANTÔNIO SERGIO MORAES,SERGIO MORAES,M,19/06/1971,Válido,10
10007,1275,Suplente,THIAGO ARAUJO MACHADO,CAPITÃO MACHADO,M,14/11/1985,Válido,10
10910,902,Suplente,MARIA BERNADETE SANTOS DE OLIVEIRA,PROFESSORA BERNA,F,07/09/1970,Válido,10
10111,402,Suplente,ROMILDA ALVES MASCARENHAS BARBOSA,ROMILDA ALVES,F,10/08/1976,Válido,10
10707,478,Suplente,FABIO DE PAULA PIRES,FABIO PIRES,M,16/10/1979,Válido,10
10005,3525,Suplente,RUBENICE DE NAZARÉ DIAS MARTINS,RUBENICE MARTINS,F,13/07/1976,Válido,10
10456,239,Suplente,JOAQUIM NAZARENO LIMA GONÇALVES,JOAKIM LIMA,M,18/03/1974,Válido,10
10477,80,Suplente,TELMA LUCIA PESSOA COOK,TELMA COOK,F,20/08/1965,Válido,10
10179,179,Suplente,FABIO DE LIMA RIBEIRO,PROFESSOR FABIO RIBEIRO,M,19/04/1979,Válido,10
10101,1169,Suplente,ISMAEL LEÃO GOMES DE OLIVEIRA,JÚNIOR CEROTO,M,10/07/1982,Válido,10
10243,155,Suplente,CRISTINA DA SILVA NICODEMUS,CRISTINA NICODEMUS,F,27/07/1970,Válido,10
10377,153,Suplente,JOANAIDIA FRANCO ROCHA,JOANAIDIA ROCHA,F,10/03/1959,Válido,10
10345,355,Suplente,CECÍLIA AMARO DE SOUZA MIRANDA,PROFESSORA CECILIA AMARO,F,03/11/1959,Válido,10
10150,221,Suplente,DILSON JONES MENEZES TRINDADE,DILSON JONES,M,30/11/1970,Válido,10
10234,72,Suplente,OZIEL DE MORAES VANZELER,OZIEL MORAES,M,28/06/1990,Válido,10
10200,933,Suplente,LEYDIANE VASCONCELOS MODESTO,LEYDI MODESTO,F,03/11/1980,Válido,10
10146,140,Suplente,LEONALDO COSTA FARIAS,LEO DA BIKE,M,29/05/1975,Válido,10
10001,895,Suplente,JORGE LOBATO LOPES,JORGE MARMITA,M,04/03/1974,Válido,10
10555,151,Suplente,MARIA DO SOCORRO DAIBES DE VASCONCELOS,SOCORRO BARBOSA,F,25/12/1961,Válido,10
10158,102,Suplente,MARCOS ANDRÉ HAYDEN DE ALBUQUERQUE,MARCOS NINJA,M,06/01/1978,Válido,10
10100,848,Suplente,GILBERTO NASCIMENTO DA SILVA JUNIOR,JUNIOR,M,29/06/1984,Válido,10
10110,121,Suplente,DENIZE GIZELDA ARAUJO XAVIER,TIA JUJUBINHA,F,10/06/1985,Válido,10
10800,636,Suplente,MAURICIO ANDERSON PEREIRA DOS SANTOS,MAURICIO PEREIRA,M,23/05/1973,Válido,10
10223,755,Suplente,ANTÔNIO JOSÉ GARCIA VIANA,ANTÔNIO JOSÉ,M,18/09/1978,Válido,10
10193,187,Suplente,MARIA DE FÁTIMA SANTOS DE SOUSA,FÁTIMA SOUSA,F,16/02/1957,Válido,10
10123,10221,Eleito,GLEBSON CAVALCANTE DA SILVA,JUÁ BELÉM,M,05/10/1984,Válido,10
10444,229,Suplente,JAYLTON EMENSON DE SOUSA ARAÚJO,JAYLTON ARAUJO,M,15/01/1990,Válido,10
10302,474,Suplente,ANA MARIA RODRIGUES DE ALMEIDA,ANA ALMEIDA,F,09/04/1968,Válido,10
10500,646,Suplente,CARLOS AUGUSTO MARTINS MARQUES,CARLOS MARTINS,M,22/04/1975,Válido,10
10318,39,Suplente,ANDRA CORREA DE MIRANDA,ANDRA MIRANDA,F,11/09/1987,Válido,10
10133,360,Suplente,JOSÉ ALVES DE CARVALHO,ZÉ ALVES,M,12/05/1966,Válido,10
10190,1832,Suplente,MAURO CELSO ALVES DA SILVA,CABO MAURO,M,19/03/1981,Válido,10
10000,7079,Eleito,DAMIÃO VINICIUS SILVA RIBEIRO,GOLEIRO VINICIUS,M,09/11/1984,Válido,10
10021,505,Suplente,MARCO ANTÔNIO SILVA DA SILVA,MARQUINHOS,M,10/08/1984,Válido,10
10077,230,Suplente,ROSEMARY DA SILVA DAS CHAGAS,ROSEMARY CHAGAS,F,28/03/1980,Válido,10
10147,7521,Eleito,JOSE AUGUSTO PEREIRA DOS SANTOS,AUGUSTO SANTOS,M,21/03/1972,Válido,10
10313,133,Suplente,CARLOS JERONIMO NERY TRINDADE,CARLOS JERONIMO,M,20/07/1971,Válido,10
10185,70,Suplente,MARCOS AURELIO MENDONÇA DA SILVA,MARCOS AURELIO,M,30/11/1978,Válido,10
10017,310,Suplente,ROGERIO DA SILVA PEREIRA,ROGERIO PEREIRA,M,17/12/1982,Válido,10
10321,869,Suplente,CARLOS RONIS DOS SANTOS VIDAL,RONIS VIDAL,M,11/10/1978,Válido,10
10140,596,Suplente,IRENILDO SOUZA VIVEIROS,IRANILDO SOUZA,M,11/03/1986,Válido,10
10012,383,Suplente,JOÃO BATISTA FELIX FILHO,PROF JOÃO FELIX,M,17/08/1953,Válido,10
80123,375,Não eleito,RAQUEL NONATO DE BRICIO,RAQUEL BRICIO,F,12/10/1991,Válido,80
80333,110,Não eleito,MAXSON ALMEIDA FEROVANTE,MAX ALMEIDA,M,14/10/1994,Válido,80
18441,154,Não eleito,RONALDO PASSOS DAS CHAGAS,RONALDINHO DA REDE,M,14/05/1964,Válido,18
18700,5,Não eleito,SARAH SANTOS CARNEIRO,SARAH CARNEIRO,F,14/08/1977,Válido,18
18999,62,Não eleito,LUIZ CARLOS DOS SANTOS MORENO,LUIZ CARLOS,M,23/09/1961,Válido,18
18123,43,Não eleito,ANA LEA PEREIRA ALVES,LEA DO OUTEIRO,F,09/07/1972,Válido,18
18888,78,Não eleito,JOSÉ ROBERTO RAIOL GASPAR,RAIOL,M,04/01/1962,Válido,18
18777,79,Não eleito,MARCOS ANTÔNIO SOARES MORAES,MARCOS DO PERU,M,22/01/1954,Válido,18
18400,270,Não eleito,RITA DO SOCORRO ALMEIDA PANTOJA,PROFESSORA RITA,F,22/03/1970,Válido,18
18800,232,Não eleito,FERNANDO ALBUQUERQUE POMPEU,FERNANDO ALBUQUERQUE,M,03/05/1982,Válido,18
18288,48,Não eleito,ALEXANDRE JORGE JACOB NETO,ALEXANDRE JACOB,M,31/10/1982,Válido,18
77741,107,Suplente,JONES CELIO DE SOUZA LOBATO,JONES LOBATO SUBOFICIAL,M,03/06/1964,Válido,77
77990,0,Não eleito,RAIMUNDO DA SILVA FONSECA,CAMARAO DA CABANAGEM,M,01/04/1962,Anulado,77
77131,108,Suplente,RAIMUNDA DO SOCORRO DA FRANCA SILVA,FRANCY,F,31/08/1969,Válido,77
77500,352,Suplente,MIGUEL HOSANA BARBOSA BRANDÃO,MIGUEL HOSANA,M,14/08/1964,Válido,77
77612,75,Suplente,ANTONIO DIOGO SILVA NASCIMENTO,NASCIMENTO,M,06/12/1980,Válido,77
77558,60,Suplente,PABLO NAZARENO OLIVEIRA LIMA,PABLO NAZARENO,M,04/11/1980,Válido,77
77159,305,Suplente,LAURA REGINA SILVA LIMA,LAURA LIMA,F,15/09/1981,Válido,77
77888,205,Suplente,FABIANA LEAO ALENCAR QUEIROZ,FABI ALEC,F,03/03/1981,Válido,77
77151,47,Suplente,DEBORA LIMA FONSECA,DEBORA FONSECA,F,15/09/1973,Válido,77
77717,290,Suplente,ERLON AUGUSTO DOS SANTOS FERREIRA,ERLON DOS SANTOS,M,18/05/1978,Válido,77
77700,448,Suplente,SABRINA NATHACHI SOUZA VIRGOLINO,SABRINA VIRGOLINO,F,29/07/1990,Válido,77
77000,258,Suplente,IVANILDO GOMES CARDOSO,PROFESSOR IVANILDO,M,22/05/1964,Válido,77
77199,20,Suplente,MOACIR IRAN NASCIMENTO MORAES,IRAN MORAES,M,02/12/1959,Válido,77
77577,21,Suplente,PATRICIA DE CASSIA COSTA DA SILVA,PATRICIA,F,07/08/1976,Válido,77
77100,380,Suplente,ISADORA SOUSA RABELO,ISADORINHA,F,07/06/1999,Válido,77
77007,1579,Suplente,ARTUR GUSTAVO ALVES GOMES,GUSTAVO GOMES,M,04/02/1980,Válido,77
77555,481,Suplente,YULLI AVILA DA SILVA,YULLI FIMA,M,17/04/1991,Válido,77
77877,56,Suplente,IRENE JARDIM LOPES SERRA,PROFESSORA IRENE,F,18/09/1960,Válido,77
77343,3,Não eleito,MOACIR PINHEIRO DE BRITO,MOACIR BRITO,M,09/07/1970,Anulado,77
77664,84,Suplente,ELIVALDO FERNANDES DA ROCHA,MARABA,M,20/05/1972,Válido,77
77898,418,Suplente,SILVANA FRANCO DE MELO ARAUJO,SILVANA ARAUJO,F,22/05/1979,Válido,77
77892,120,Suplente,MARCELO BENTES DA SILVA,MARCELAO,M,28/08/1969,Válido,77
77778,146,Suplente,ARLINDO DE CARVALHO GONÇALVES JUNIOR,ARLINDO JR,M,02/09/1981,Válido,77
77440,15,Suplente,JAIANA SAQUIRA SANTOS DA SILVA,JAIANA,F,03/03/1997,Válido,77
77077,54,Suplente,BRUNA CAROLINA VIRGOLINO KATO,BRUNA KATO,F,20/02/1987,Válido,77
77114,616,Suplente,REGINALDO CRAVO DA SILVA,PROFESSOR REGIS CRAVO,M,14/09/1978,Válido,77
77070,451,Suplente,ANTONIO PEDRO GOES RODRIGUES,TONY RODRIGUES,M,27/06/1972,Válido,77
77333,173,Suplente,JOHN LENNON DE OLIVEIRA,JOHN LENNON,M,16/07/1971,Válido,77
77010,144,Suplente,MARCO ANTONIO PINHO DINIZ,MARCO DINIZ,M,08/11/1982,Válido,77
77111,107,Suplente,WELYSON ALLEN MARTINS RECHENE,ALLEN RECHENE,M,14/03/2002,Válido,77
77367,925,Suplente,GISELE DE SOUZA CRUZ DA COSTA,GISELE COSTA,F,31/07/1972,Válido,77
77223,117,Suplente,JURANDIR DA SILVA PEREIRA,JURANDIR,M,13/06/1973,Válido,77
77999,140,Suplente,LEONIDAS BORGES JORGE GOMES BARBOSA,LEO BORGES,M,20/07/1976,Válido,77
77707,264,Suplente,NAZARENO DO SOCORRO MORAES MIRANDA,PRESBÍTERO NAZARENO,M,28/12/1985,Válido,77
77726,1195,Suplente,ODINALDO RAIMUNDO BRAZAO BAENA,NALDO BAENA,M,03/06/1972,Válido,77
77891,1,Não eleito,BRENO WILLIAM BEZERRA DO SANTOS,BRENO SANTOS,M,18/08/1997,Anulado,77
77023,26,Suplente,FRANK LUIS DA SILVA MATOS,FRANK,M,28/01/1981,Válido,77
77722,3,Suplente,FABRICIO JESUS DA SILVA,FABRICIO,M,12/08/1984,Válido,77
77003,155,Suplente,EDUARDO ALESSANDRO DE ALMEIDA,SANDRO ALMEIDA,M,04/10/1973,Válido,77
77123,5558,Eleito,IGOR GUAPINDAIA DE ANDRADE,IGOR ANDRADE,M,01/09/1981,Válido,77
77713,151,Suplente,MARIA GORETH FERREIRA LOPES,GORETH,F,07/06/1966,Válido,77
77557,432,Suplente,ELDILENE DA SILVA BARBOSA,ELDILENE BARBOSA,F,28/02/1984,Válido,77
77321,192,Suplente,FRANCISCO NEVES PIMENTA,FRANCISCO PIMENTA,M,04/03/1982,Válido,77
77005,32,Suplente,ANDERSON SATURNINO DA CRUZ,ANDERSON CRUZ,M,16/02/1976,Válido,77
77676,30,Suplente,SEFORA DE SENA LIMA,FINHA,F,19/04/1974,Válido,77
77900,501,Suplente,RENILSON FREIRE,RENILSON FREIRE,M,29/10/1984,Válido,77
77628,59,Suplente,ADENILTON POJO MENDONÇA,ADENILTON POJO,M,28/10/1960,Válido,77
77363,22,Suplente,EVALDO ALVES RODRIGUES,EVALDO,M,08/06/1978,Válido,77
77147,14,Suplente,DEUZARINA PEREIRA DE LIMA,DEUZARINA,F,04/08/1986,Válido,77
77777,553,Suplente,EDER ANDREY LIRA RIBEIRO,ANDREY RIBEIRO,M,29/06/1997,Válido,77
77013,817,Não eleito,ISAAC NUNES DOS SANTOS,ISAAC TAXISTA,M,02/08/1977,Anulado sub judice,77
77456,133,Suplente,MARCUSS JEANN DANTAS GOMES,MARCUSS JEANN,M,27/03/1974,Válido,77
