numero,votos_nominais,situacao,nome,nome_urna,sexo,data_nasc,destino_voto,numero_partido
27234,42,Suplente,SEBASTIÃO CARLOS DA SILVA,TIÃO DA VAN,M,18/12/1966,Válido,27
27127,1,Suplente,ANDREIA CRISTINA BUENO CORREIA,ANDREIA BUENO,F,04/09/1980,Válido,27
27887,17,Suplente,FABIO SOEIRO DA SILVA,JUNIOR SOEIRO,M,02/02/1978,Válido,27
27077,46,Suplente,JOSE MESSIAS DE JESUS SOUZA CUSINE,MESSIAS DA VILA,M,28/02/1980,Válido,27
27334,6,Suplente,LARISSA BRAGA,LARISSA BRAGA,F,29/08/1986,Válido,27
27123,690,Suplente,RENATO PEREIRA SOBRINHO,RENATO ,M,14/06/1969,Válido,27
27888,935,Eleito,JOSE GOMES DOS SANTOS,LULA,M,12/09/1981,Válido,27
27222,327,Suplente,MOACYR DA SILVEIRA PINTO,MOACIR DO IRAJA,M,13/05/1963,Válido,27
27555,10,Suplente,ELIANE RAMOS DE OLIVEIRA,LUA HIPPI,F,24/03/1985,Válido,27
27456,39,Suplente,IGOR SENA DUTRA,IGOR SENA,M,28/08/1996,Válido,27
27345,7,Suplente,JAIR NASCIMENTO,JAIR NACIMENTO,M,11/06/1965,Válido,27
27333,46,Suplente,ASSENCLEVI GERALDO TESTA,CLEVI TESTA,M,12/09/1962,Válido,27
27000,99,Suplente,PEDRO DE JESUS LACERDA,PASTOR PEDRO LACERDA,M,05/08/1960,Válido,27
27778,58,Suplente,JOSE LUIZ OQUIONI,ZEZÃO,M,30/01/1963,Válido,27
27008,7,Suplente,RUTE MACHADO PEREIRA,RUTE MACHADO,F,03/08/1966,Válido,27
27277,59,Suplente,LOURENCO PAULO DE MOURA,LOURENÇO MOURA,M,10/08/1975,Válido,27
27190,32,Suplente,VENICIUS MATTOS CORREIA DA SILVA,VINICIUS MATTOS,M,11/12/1989,Válido,27
27027,10,Suplente,GILDA DOS SANTOS NUNES,GILDA NUNES,F,20/03/1973,Válido,27
27789,28,Suplente,ILZA BORGES FURTADO,ILZA BORGES,F,12/04/1974,Válido,27
23223,548,Suplente,JORGE LUIZ BENFICA,JORGINHO BENFICA,M,20/09/1965,Válido,23
23555,35,Suplente,ZENI DE SOUZA BRAGA,ZENI BRAGA,F,25/10/1975,Válido,23
23000,205,Suplente,JOSÉ DA SILVEIRA PINTO,MAZINHO CANTOR,M,03/05/1967,Válido,23
23300,419,Suplente,JOSÉ FLORIANO FERNANDES,ZEZINHO FERRAMENTA,M,18/09/1963,Válido,23
23233,678,Eleito,JEAN CARLOS GRATZ PEDRINI,JEAN PEDRINI,M,21/02/1970,Válido,23
23023,65,Suplente,LAUDERICO ANTONIO ZUCCOLOTTO,LAUDERICO ZUCCOLOTTO,M,01/12/1966,Válido,23
23222,67,Suplente,JUCELINO FERNANDES DE JESUS,JUCELINO FERNANDES,M,04/07/1960,Válido,23
23140,20,Suplente,WANDERSON DE PAULA MEDEIROS,WANDERSON DE PAULA,M,06/01/1983,Válido,23
23456,41,Suplente,DOMINGOS BARBOSA,DOMINGÃO BARBOSA,M,25/01/1970,Válido,23
23100,78,Suplente,NATTAN DE ALMEIDA PREISIGKE,NATTAN PREISIGKE,M,06/12/1993,Válido,23
23123,196,Suplente,JOÃO DE JESUS PEREIRA,JOÃO DE JESUS,M,06/06/1964,Válido,23
23250,19,Suplente,ELIANE MATOS SOEIRO DE SOUZA,ELIANE SOUZA,F,10/06/1974,Válido,23
23451,88,Suplente,IMARILENE OLIVEIRA DE ALMEIDA,MARILENE OLIVEIRA,F,30/07/1968,Válido,23
23999,95,Suplente,JOHNSON BARCELLOS COSTA,JOHNSON,M,23/09/1992,Válido,23
23321,19,Suplente,DULCILENE SANTOS DE JESUS,DULCE QUINTAS,F,16/11/1981,Válido,23
23111,21,Suplente,JOCIMARA BATISTA LOUREIRO,MARA LOUREIRO,F,04/07/1977,Válido,23
23334,65,Suplente,FRANCISCO DE ASSIS SIMÕES DA ROCHA,CHICO RICO,M,30/03/1962,Válido,23
23333,70,Suplente,EDIMAR POLTRONIERI,EDIMAR POLTRONIERI,M,11/06/1962,Válido,23
23007,830,Eleito,ETIENNE COUTINHO MUSSO,ETIENNE COUTINHO MUSSO,F,10/10/1965,Válido,23
11223,57,Suplente,LORRANE BOMFIM DE SANTANA,LORRANE SANTANA,F,27/05/2001,Válido,11
11611,142,Suplente,GILDAZIO FELIX SILVA,MADRUGA,M,08/12/1978,Válido,11
11123,351,Suplente,ARILDO CARLOS,PR ARILDO,M,30/10/1974,Válido,11
11111,382,Suplente,GEANDERSON DA CONCEIÇAO GODOI,DR GEANDERSON GODOI,M,01/01/1985,Válido,11
11222,430,Suplente,CARLOS DE SOUZA,CARLINHOS DO JOSIEL,M,03/06/1973,Válido,11
11456,946,Eleito,ANDRE CARLESSO,ANDREZINHO CARLESSO,M,22/04/1976,Válido,11
11500,508,Suplente,MONICA DE SOUZA PONTES CORDEIRO,MONICA CORDEIRO,F,09/03/1974,Válido,11
11000,63,Suplente,INGRID LOUREIRO DUTRA,INGRID DUTRA,F,18/08/1989,Válido,11
11190,202,Suplente,NATALIO FERREIRA COSTA,NATALIO COSTA,M,25/12/1966,Válido,11
11148,25,Suplente,ADIMAR BANHOS CARDOSO,MASSARICO,M,05/07/1948,Válido,11
25555,27,Suplente,HILDA SOUZA FAHNING NETA,NETA FAHNING,F,11/08/1991,Válido,25
25321,6,Suplente,TATIANE QUEIROZ MONTE,TATIANE QUEIROZ,F,25/01/1981,Válido,25
25633,309,Suplente,MÁRCIA CRISTINA BARBOSA FIGUEIREDO ROSSI,MARCINHA FIGUEIREDO,F,10/09/1976,Válido,25
25008,4,Suplente,ROSIANE DA COSTA CRESO CLEMENTE,ROSIANE,F,04/05/1979,Válido,25
25151,175,Suplente,VICTOR CUZZUOL BERMUDES,VICTOR BERMUDES,M,06/10/1991,Válido,25
25678,494,Suplente,JOSÉ EDILSON SPINASSÉ,EDILSON SPINASSE,M,22/11/1966,Válido,25
25000,176,Suplente,RENATO DA SILVA RIBEIRO,RENATO RIBEIRO,M,23/08/1984,Válido,25
25100,187,Suplente,SÉRGIO FARIA DE AZEVEDO,PROF. SERJÃO,M,04/05/1961,Válido,25
25025,276,Suplente,EDUARDO GONÇALVES DE SOUZA,DUDU DA MERCEARIA,M,18/01/1987,Válido,25
25777,386,Suplente,DANIEL AMORIM GOMES,DANIEL DA TOWNER,M,26/01/1967,Válido,25
25010,175,Suplente,JOSÉ CARLOS BORGES FERREIRA,ZÉ CARLOS,M,01/05/1959,Válido,25
25255,128,Suplente,FLAYNER LOUREIRO ALVES,FLAYNER,M,03/07/1975,Válido,25
25500,435,Suplente,ELIÉZER MÁRCIO LIMA MINCHIO,ELIÉZER MINCHIO,M,27/07/1972,Válido,25
25456,91,Suplente,ALAN BORONI JABBUR,DR. ALAN JABBUR,M,15/02/1976,Válido,25
25123,926,Eleito,LEANDRO RODRIGUES PEREIRA,LÉO PEREIRA,M,23/07/1986,Válido,25
12200,54,Não eleito,SEBASTIÃO BARBOSA,TIÃO BARBOSA,M,10/11/1961,Válido,12
12777,36,Não eleito,SERGIO LUIZ POZZATTI JUNIOR,PROFESSOR SÉRGIO POZZATTI,M,15/04/1990,Válido,12
12222,24,Não eleito,OSANIA CALDAS ANDRADE,OSÂNIA ANDRADE,F,31/05/1967,Válido,12
65333,552,Não eleito,FÁBIO NETTO DA SILVA,FÁBIO NETTO,M,29/10/1963,Válido,65
65321,42,Não eleito,EVAIR NUNES DE ANGELI,PROFESSOR EVAIR,M,24/07/1970,Válido,65
65171,10,Não eleito,EDUARDO VIANA CORREIA,EDUARDO COYOTE,M,09/05/1982,Válido,65
65180,352,Não eleito,RHAYRANE CARVALHO PEDRONI,RHAYRANE,F,07/10/1985,Válido,65
65999,74,Não eleito,AISLAN PINTO FABRE,AISLAN FABRE,M,26/07/1989,Válido,65
65065,29,Não eleito,MARISA ELAINE MARQUES DA SILVA,MARISA DOS IDOSOS,F,03/05/1951,Válido,65
65000,105,Não eleito,MARCELO SCHROEDER,MARCELO ONÇA,M,21/04/1973,Válido,65
65606,21,Não eleito,CARLOS MAGNO PEREIRA DA ROCHA,PELÉ,M,01/10/1987,Válido,65
65190,17,Não eleito,ALDA REGINA CLEMENTE DOS SANTOS MARASTONI,ALDA DA FEIRINHA,F,05/07/1969,Válido,65
65235,24,Não eleito,MARCOS VINICIUS SEPUCHRO DOS SANTOS,MARCOS VINÍCIUS,M,05/02/1993,Válido,65
65123,125,Não eleito,JUCIRLENE LEÂO CURTO,LENNE LEÃO,F,27/09/1990,Válido,65
65234,6,Não eleito,JOCIMAR MACHADO PEREIRA,JOCIMAR MACHADO,M,14/06/1990,Válido,65
65777,4,Não eleito,MARIANA MADALENA DA SILVA DE AGUIAR,MARIANA SILVA,F,22/05/1988,Válido,65
65005,11,Não eleito,AGOSTINHO ANTUNES DE SIQUEIRA,AGOSTINHO ANTUNES,M,08/06/1963,Válido,65
65444,204,Não eleito,FABIO MACHADO,FABIO MACHADO,M,08/05/1983,Válido,65
65555,9,Não eleito,MARIA ROSEMEYRE BARBOSA BATISTA,ROSE,F,27/02/1974,Válido,65
65007,17,Não eleito,HENRIQUE NEVES SELIM,PROFESSOR HENRIQUE SELIM,M,14/02/1984,Válido,65
65133,81,Não eleito,ANTONIO CARLOS PINTO DOS SANTOS,FILHOS DA TERRA TUPINIKIM,M,19/05/1955,Válido,65
65111,10,Não eleito,ELIZABETE MARIA GONCALVES,BETE COBRADORA,F,05/06/1970,Válido,65
65222,104,Não eleito,VALTAIR PAMPOLINI RODRIGUES,NENZIM DO FORRÓ MUÁ,M,04/10/1975,Válido,65
28222,5,Não eleito,DARIO DA COSTA COUTINHO,DARIO COUTINHO,M,03/08/1958,Válido,28
28888,42,Não eleito,JULIANO GERALDO PIMENTEL,JULIANO PIMENTEL,M,16/08/1976,Válido,28
28000,159,Não eleito,RODNEY LOUBACK ROHR,RODNEY LOUBACK,M,14/03/1961,Válido,28
28190,216,Não eleito,ERIKA LAENDER MORAIS DE PAULA,ERIKA LAENDER,F,25/05/1978,Válido,28
28333,230,Não eleito,ANTONIO CARLOS TONINHO VALFRÉ,TONINHO VALFRÉ,M,01/07/1948,Válido,28
28678,99,Não eleito,JACIARA FERREIRA DA PENHA,JACIARA FERREIRA ,F,26/07/1972,Válido,28
28928,38,Não eleito,LUIZ CARLOS DAMBROZ,CARLINHO DAMBROZ,M,31/10/1964,Válido,28
28007,24,Não eleito,CELSO ANTONIO DE BARROS,CELSO DE BARROS,M,21/04/1967,Válido,28
28800,50,Não eleito,EDUARDO BALDI,EDUARDO BALDI,M,28/12/1978,Válido,28
28789,0,Não eleito,SILVIO JOSE RODRIGUES DE OLIVEIRA,SILVIO JOSÉ RODRIGUES ,M,19/03/1963,Válido,28
28123,266,Não eleito,EDIMAR DE ARAUJO CASTIGLIONI,EDIMAR CASTIGLIONI,M,14/10/1963,Válido,28
28111,87,Não eleito,VALQUÍRIA DA COSTA SELEGUINI,VALQUÍRIA SELEGUINI,F,07/01/1978,Válido,28
28456,24,Não eleito,SILAS DE PAULA ESTEVAM,PR. SILAS ESTEVAM,M,15/12/1984,Válido,28
28777,1,Não eleito,ANA PAULA DEMETRIO DA SILVA DOMINGUES,ANA PAULA DEMÉTRIO,F,12/06/1977,Válido,28
28321,37,Não eleito,VINICIUS BATISTA SOARES,VINÍCIUS BATISTA,M,01/01/1997,Válido,28
28010,15,Não eleito,IRLENE BORGES DOS SANTOS,IRLENE BORGES ,F,19/01/1957,Válido,28
28516,50,Não eleito,EVA MARIA OLIVEIRA LELES,EVA LÉLIS,F,07/02/1974,Válido,28
55000,2,Suplente,LUAN NEVES MORO,LUAN MORO,M,10/02/1991,Válido,55
55233,274,Suplente,OSCAR NASCIMENTO,NENO,M,02/10/1978,Válido,55
55170,39,Suplente,ODETE MATOS,ODETE MATOS,F,07/09/1959,Válido,55
55777,109,Suplente,ELCIMAR OVANI,ESCURINHO,M,30/04/1973,Válido,55
55234,131,Suplente,GILMAR FORESTTI CASTOLDI,GILMAR CASTOLDI,M,23/06/1973,Válido,55
55333,252,Suplente,FLAVIO SANTOS SOUZA,FLAVIO BAHIA,M,02/01/1981,Válido,55
55678,383,Eleito,MARCELO CABRAL SEVERINO,MARCELO NENA,M,20/10/1968,Válido,55
55180,32,Suplente,IRACEMA MARIA MILAGRES LARANJA,IRACEMA MILAGRES,F,09/10/1956,Válido,55
55789,243,Suplente,SERGIO ANTONIO SILVA MOURA,TONINHO MOURA,M,15/03/1988,Válido,55
55123,118,Suplente,LÁZARO NASCIMENTO DOS SANTOS,LÁZARO,M,17/03/1991,Válido,55
55510,200,Suplente,CARLOS ANDRÉ DE JESUS PRAZERES,CARLOS ANDRÉ,M,18/11/1976,Válido,55
55444,51,Suplente,ITOR THOMAS NASCIMENTO CORREIA,PIT BULL,M,28/03/1988,Válido,55
55027,111,Suplente,MARINETE BENTO PEREIRA,MARINETE,F,11/05/1965,Válido,55
55345,120,Suplente,EULÁLIO JESUS ROSÁRIO,MARRETA,M,02/09/1965,Válido,55
55010,40,Suplente,OVERTON SANT ANNA DE SOUSA,OTO CARIOCA,M,01/12/1974,Válido,55
55888,41,Suplente,JOSÉ MAURO SIRTOLI,MAURO SIRTOLI XUXA,M,30/08/1974,Válido,55
55190,117,Suplente,LUANA TOMAZ PEREIRA,LUANA TOMAZ,F,26/02/1991,Válido,55
17123,40,Suplente,VALERIA DE OLIVEIRA BRAGA DOS SANTOS,VALÉRIA BRAGA,F,22/08/1977,Válido,17
17890,20,Suplente,OMAR DOS SANTOS ALMEIDA,OMAR,M,21/02/1971,Válido,17
17400,191,Suplente,GEDILSON DA PAIXÃO NASCIMENTO,GEDILSON CARRETEIRO,M,26/05/1976,Válido,17
17444,118,Suplente,DEMOCLACY LOPES,DEMÔ LOPES,M,08/06/1966,Válido,17
17601,10,Suplente,JONATHAN WESLEY VITOR PEREIRA,JONATHAN TAEKWONDO,M,11/03/1986,Válido,17
17222,608,Suplente,GUSTAVO ROSSONI BARCELOS,GUSTAVO ROSSONI,M,18/03/1996,Válido,17
17888,38,Suplente,SEBASTIÃO SOARES,TIÃO SOARES,M,07/12/1959,Válido,17
17555,58,Suplente,EDMILTA CABIDELLI OLIVEIRA,EDMILTA CABIDELLI,F,01/10/1960,Válido,17
17333,122,Suplente,JOSÉ LUIZ NEVES BARBOSA,ZÉ LUIZ,M,11/02/1966,Válido,17
17360,614,Eleito,ELIOMAR ANTONIO ROSSATO,BIBI ROSSATO,M,04/06/1979,Válido,17
17230,7,Suplente,NEUZELY DE ANDRADE VIEIRA DOS SANTOS,NEUZINHA ANDRADE,F,19/10/1980,Válido,17
17007,17,Suplente,KELY CRISTINA SANTOS VITORIANO,KELY SEGURANÇA,F,23/02/1970,Válido,17
17700,68,Suplente,JOSÉ GILBERTO SANTI SOARES,ZEZINHO SANTI,M,08/08/1957,Válido,17
17777,140,Suplente,JULIANA DA SILVA DOS SANTOS,CANTORA JULIANA PARANHOS,F,24/10/1986,Válido,17
17220,87,Suplente,GABRIEL PEREIRA,GABRIEL PEREIRA,M,27/08/1996,Válido,17
17190,2,Suplente,MARTA APARECIDA NASCIMENTO SANTOS SOARES,CIDA CINDERELA,F,07/11/1972,Válido,17
17017,138,Suplente,MARCOS ROGERIO FERREIRA PATRICIO,ROGÉRIO PATRÍCIO,M,25/07/1962,Válido,17
36555,759,Eleito,LUIZ CARLOS MATHIAS CARLOS,CARLINHOS MATHIAS,M,02/07/1971,Válido,36
36777,16,Suplente,CARLOS ROBERTO LOZER CARLESSO,ESTANISLAU MATOSO,M,15/04/1969,Válido,36
36333,241,Suplente,PAULO FERREIRA SANTIAGO,PAULAO VENDEDOR,M,20/08/1972,Válido,36
36666,3,Suplente,JOCILEIA DOS SANTOS GAMA RODRIGUES,LEIA GAMA,F,16/12/1969,Válido,36
36465,47,Suplente,VALDIR SILVA RAMOS,VALDIR DA SILVA,M,22/09/1962,Válido,36
36176,25,Suplente,FLAVIA SALES DA SILVA,FLAVIA,F,02/02/1976,Válido,36
36219,0,Suplente,INDIANARA SALES DA SILVA,INDIA SALES,F,15/09/2000,Válido,36
36151,52,Suplente,ROSIANE COSER CRAVO,ROSIANE COSER,F,31/07/1980,Válido,36
36881,1,Suplente,ADRIANA FERREIRA DO NASCIMENTO,ADRIANA,F,31/01/1982,Válido,36
36111,309,Suplente,CEZAR ROSENDO BARBOSA,CEZAR BARBOSA,M,18/02/1972,Válido,36
36190,77,Suplente,RAFAEL SOUZA GUASTI,RAFAEL GUASTI,M,13/04/1963,Válido,36
36456,304,Suplente,ALESSANDRO ANDRÉ CORDEIRO COUTINHO,ANDRE COUTINHO,M,04/09/1976,Válido,36
36688,35,Suplente,JOÃO BATISTA TEIXEIRA,PIABA,M,25/06/1969,Válido,36
36000,651,Suplente,ANTONIO DE SOUZA PIRES,ANTONIO PIRES,M,01/11/1969,Válido,36
36010,47,Suplente,PAULO ROBERTO MERGEL,PAULO MERGEL,M,14/04/1951,Válido,36
36036,1192,Eleito,ALCIHELIO LIMA DE NEGREIROS,CECEU,M,28/08/1979,Válido,36
36123,311,Suplente,ISRAEL AZEREDO DE OLIVEIRA,ISRAEL AZEREDO,M,04/01/1979,Válido,36
36210,81,Suplente,CARLOS ANDRE SILVA FERREIRA,ANDRE SILVA,M,27/04/1984,Válido,36
36222,413,Suplente,MAGNO DOS SANTOS FERNANDES,MAGNO FERNANDES,M,05/02/1977,Válido,36
36460,2,Suplente,MARIA APARECIDA GONCALVES MONTIBELLER DA CONCEIÇÃO,MARIA MONTIBELLER ,F,19/06/1973,Válido,36
45157,29,Não eleito,LAIANE TEIXEIRA DE CASTRO CUZZUOL,LAIANE TEIXEIRA,F,29/10/1992,Válido,45
45555,0,Não eleito,BRUNO DA SILVA CASOTTO,BRUNO CASOTTO,M,04/04/1997,Válido,45
45678,29,Não eleito,FRANZ CARLOS SARMENGUE,FRANZ CARLOS,M,08/11/1966,Válido,45
45123,18,Não eleito,DIMITRIA BARBOSA MANDELLI ETO,DIMITRIA MANDELLI,F,15/07/1993,Válido,45
45380,13,Não eleito,MARIA DAS GRAÇAS REVERTE VIEIRA,GRAÇA,F,26/02/1950,Válido,45
33456,19,Não eleito,VALDIRENE APARECIDA MARTA,VALDIRENE,F,15/05/1976,Válido,33
33333,18,Não eleito,MARILENE FERNANDES SOUZA,PR MARILENE SOUZA,F,11/11/1958,Válido,33
33222,67,Não eleito,RONIELLY STEFANIO PONCIANO MONFARDINI,RONIELLY MONFARDINI,M,21/03/1994,Válido,33
33115,280,Não eleito,PAULO SERGIO FERREIRA DA SILVA,PAULINHO DA LATINHA,M,18/10/1971,Válido,33
33123,301,Não eleito,LUIZ CARLOS DA SILVA,LUIZINHO,M,14/12/1964,Válido,33
33232,6,Não eleito,ELESSANDRA TELES SANTANA,ELESSANDRA TELLES,F,29/11/1991,Válido,33
33033,1,Não eleito,MARCILENE NETO,MARCILENE NETO,F,31/01/1989,Válido,33
33000,46,Não eleito,RENATO DE SOUZA REIS,RENATO REIS,M,06/11/1978,Válido,33
33321,19,Não eleito,ALEXANDRA TOMAZ CARDOSO,ALEXANDRA TOMAZ,F,24/10/1983,Válido,33
33401,11,Não eleito,JORCELIY MARTINS DE OLIVEIRA,JÓ,M,06/01/1962,Válido,33
33678,290,Não eleito,EDUARDO RODRIGUES BASTOS,PROFESSOR EDUARDO BASTOS,M,24/06/1989,Válido,33
40234,437,Suplente,ROSANE RIBEIRO MACHADO,ROSANE MACHADO,F,25/04/1967,Válido,40
40180,258,Suplente,NIVALDO GONÇALVES DE SOUZA,NIVALDO CAMINHONEIRO,M,10/05/1975,Válido,40
40400,21,Suplente,JORGE DE JESUS,JORGE DO MORRO,M,12/05/1972,Válido,40
40111,44,Suplente,ROMICLAUDIO RODRIGUES SILVA,FIFIU DO ONIBUS,M,24/07/1972,Válido,40
40144,69,Suplente,VALDINEY VIANA DE ARAUJO,VALDINEY VIANA,M,10/11/1965,Válido,40
40369,127,Suplente,SHEYLA APARECIDA PAULO SIMÕES,SHEYLA SIMÕES,F,17/07/1977,Válido,40
40223,91,Suplente,EDHALLEY GOMES TOSTA,PROFESSOR EDHALLEY,M,13/04/1986,Válido,40
40333,66,Suplente,DARLEY JOSÉ BATISTA DE OLIVEIRA,DARLEY DO MILHO VERDE,M,07/09/1971,Válido,40
40222,66,Suplente,ADRIANA DA CONCEIÇÃO BONFA BORGES,ADRIANA BONFA,F,08/12/1977,Válido,40
40123,181,Suplente,DILEUZA MARINS DEL CARO,DILEUZA,F,28/11/1965,Válido,40
40100,59,Suplente,ANDRÉ RUI HARDUIM,ANDRÉ RUI,M,26/06/1983,Válido,40
40789,250,Suplente,JORGE AUGUSTO CURTO DE OLIVEIRA,PROFESSOR JORGINHO,M,21/09/1964,Válido,40
40567,641,Eleito,ARTEMIO NUNES ROSSONI,ARTEMIO ROSSONI,M,15/06/1965,Válido,40
40158,18,Suplente,ELIZABETE DE OLIVEIRA ZATTA,BETE ZATTA,F,02/09/1971,Válido,40
13567,8,Suplente,AISLAH DE PAULA MORAES,AISLAH DE PAULA,F,28/09/1998,Válido,13
13123,184,Suplente,MARCIA HOSANA MATIAS BORGES DE SOUZA,MARCIA DO SINDICATO,F,08/07/1975,Válido,13
13130,30,Suplente,PAULO SERGIO DE OLIVEIRA ALVES,PAULO ALVES,M,09/06/2001,Válido,13
13133,2,Suplente,ROSINALDO RIBEIRO ALVES,NALDINHO,M,10/11/1974,Válido,13
13199,228,Suplente,ADEVALTER FRANCISCO SANTOS,ADEVALTER INDIO,M,19/02/1958,Válido,13
13630,35,Suplente,EDIMAR DE JESUS SANTOS,MAZINHO DA GRAMA,M,30/05/1973,Válido,13
13777,4,Suplente,DALVA ROSA HONORATO PRATIS,DALVA HONORATO,F,04/04/1964,Válido,13
13513,22,Suplente,MARCO ANTONIO MENDONÇA MOROZESKY,MÓROBA,M,29/11/1973,Válido,13
13000,1325,Eleito,VILSON BENEDITO DE OLIVEIRA,VILSON JAGUARETÉ,M,10/04/1978,Válido,13
13003,12,Suplente,PATRICIA RODRIGUES CORREIA,PATRICIA DAS OBRAS,F,20/11/1978,Válido,13
13007,24,Suplente,VALDIVO PEREIRA PRATIS,VALDIVO PRATIS,M,07/11/1959,Válido,13
13149,76,Suplente,LUIZ CARLOS FRANCISCO DE ABREU,CARLAO BARRIGA LISA,M,18/01/1962,Válido,13
13172,71,Suplente,MARCIO JHONATAN ALMEIDA DA SILVA,MARCIO J. BARRA DO SAHY,M,17/12/1988,Válido,13
13013,23,Suplente,CELIO MOROZESKI,CÉLINHO DA SAÚDE,M,08/10/1970,Válido,13
13555,127,Suplente,JOB CANDIDO DA SILVEIRA,JOBINHO DA SILVEIRA,M,05/02/1958,Válido,13
13313,48,Suplente,JAMAICA APARECIDA SIQUEIRA,JAMAICA DO GAS,F,27/11/1987,Válido,13
10000,694,Suplente,EMANUEL DELGADO DA SILVA,KAPITÃO,M,14/02/1961,Válido,10
10888,203,Suplente,ITALO PEREIRA DE OLIVEIRA,ÍTALO CADEIRANTE,M,31/10/1988,Válido,10
10100,944,Eleito,ALEXANDRE FERREIRA MANHÂES,ALEXANDRE MANHÂES,M,14/11/1974,Válido,10
10333,573,Suplente,RONIVALDO GARCIA CRAVO,RONIVALDO CRAVO,M,27/12/1974,Válido,10
10190,881,Eleito,ADRIANA GUIMARÕES MACHADO,ADRIANA GUIMARÃES,F,01/08/1984,Válido,10
10741,64,Suplente,MARIA APARECIDA SILVEIRO UCELI,CIDA UCELI,F,01/06/1975,Válido,10
10123,512,Suplente,ROSELENE PIGNATON SILVA,ROSE PIGNATON,F,17/05/1961,Válido,10
10234,750,Eleito,CARLOS ANDRE FRANÇA DE SOUZA,PAIM,M,09/12/1980,Válido,10
10777,551,Suplente,CELSON SILVA DIAS,CELSON DA FARMÁCIA,M,07/04/1961,Válido,10
10010,34,Suplente,IRACEMA LEONARDO DA SILVA,IRACEMA,F,29/11/1967,Válido,10
10800,376,Suplente,CARLOS ROBERTO LOPES DE ANGELO,DR CARLOS,M,19/07/1961,Válido,10
10001,20,Suplente,SIMONE ALVES BORGES,SIMONE,F,31/01/1987,Válido,10
10110,45,Suplente,EDELSON ALEXANDRE DA SILVA,ADELSON ALEXANDRE,M,10/08/1986,Válido,10
10789,595,Suplente,PAULO FLAVIO MACHADO,PAULO FLAVIO,M,31/05/1968,Válido,10
10567,672,Suplente,ADEIR ANTONIO LOZER,ADEIR DO GÁS,M,07/08/1971,Válido,10
10223,892,Eleito,SEBASTIÃO SFALSIN DO NASCIMENTO,TIÃO CORNÉLIO,M,19/01/1967,Válido,10
19777,176,Suplente,JOSÉ LAZARO ROCHA,JOSÉ LAZARO,M,05/12/1952,Válido,19
19275,38,Suplente,ROSILENE SILVA DE ALMEIDA PEREIRA,ROSILENE,F,27/03/1984,Válido,19
19123,309,Suplente,HELCIO ANGELO DE JESUS,HELCIO DESPACHANTE,M,06/04/1957,Válido,19
19789,153,Suplente,RONALDO DA ROCHA LEMOS,RONALDO LEMOS,M,04/09/1987,Válido,19
19333,127,Suplente,JOELSON RIBEIRO PEREIRA,JOELSON CANTOR,M,25/03/1977,Válido,19
19000,548,Eleito,ROBERTO DOS REIS RANGEL,ROBERTO RANGEL,M,04/01/1982,Válido,19
19111,4,Suplente,UBALDINO PIMENTEL PRALON,NETO,M,06/03/1970,Válido,19
19019,0,Suplente,SONIA GUIMARÃES SIBIEM,SÔNIA,F,18/01/1969,Válido,19
19567,2,Suplente,VICTOR ESPÍNDULA BAUER MILANEZ,DR. VICTOR MILANEZ,M,16/04/1984,Válido,19
19190,351,Suplente,PAULINO EVERALDO PIOL,PORORO,M,14/03/1959,Válido,19
19456,98,Suplente,ALDEIR DE JESUS SOUZA,ALDEIR DA AGRICULTURA,M,05/11/1972,Válido,19
19500,88,Suplente,WANDER DA SILVA SANTANA,WANDER SAT,M,27/03/1976,Válido,19
19222,94,Suplente,JULIANO GADIOLI SPERANDIO,GADIOLI,M,30/07/1984,Válido,19
19555,163,Suplente,CAMILA DE MOURA CAMPOS,CAMILA,F,12/07/1979,Válido,19
51100,100,Não eleito,FLÁVIO SANTOS DO NASCIMENTO,FLÁVIO NASCIMENTO,M,10/07/1984,Válido,51
51181,22,Não eleito,AISLAN FIUZA DE JESUS,AISLAN FIUZA,M,25/10/1995,Válido,51
51413,28,Não eleito,ANTONIO CELSO GOMES WANDELKOOKEM,CELSO WANDELKOOKEM,M,13/04/1951,Válido,51
51111,4,Não eleito,ANA LÍDIA CARDOSO TERRA SOARES,ANA LÍDIA,F,11/04/1975,Válido,51
51000,48,Não eleito,EDMILSON GUIMARAES DA SILVA,EDMILSON GUIMARAES,M,11/09/1967,Válido,51
51014,8,Não eleito,JOÃO PAULO RODRIGUES NETTO,JOÃO PAULO,M,15/08/1989,Válido,51
51117,16,Não eleito,DULCE PRATTI PALAORO,TIA DULCE,F,15/12/1949,Válido,51
51123,119,Não eleito,ALESSANDRO SAMPAIO,ZÉ PREGO,M,06/02/1974,Válido,51
51231,23,Não eleito,IVONE PEREIRA DE OLIVEIRA SANTOS,IVONE,F,13/12/1966,Válido,51
51192,14,Não eleito,JORGE JOSE PEREIRA,JORGE PEREIRA,M,22/02/1955,Válido,51
51653,19,Não eleito,MARILZA NUNES CORREA,MARILZA NUNES,F,20/06/1964,Válido,51
51222,103,Não eleito,EDSON VANDER CASTIGLIONI GORZA,EDSON CASTIGLIONI,M,17/01/1970,Válido,51
51777,200,Não eleito,GENÉSIO PINTO DE OLIVEIRA,GENÉSIO PINTO,M,29/07/1963,Válido,51
18789,9,Não eleito,NIVALDO SALES DOS SANTOS,NIVALDO VIGILANTE,M,30/04/1962,Válido,18
18222,35,Não eleito,MAURO ROCHA VICENTE,MAURO ROCHA,M,13/02/1973,Válido,18
18888,132,Não eleito,THIAGO JOSE DA CONCEICAO,THIAGO JOSÉ,M,11/04/1991,Válido,18
18555,160,Não eleito,AURELIA GRASIELE UMBELINO,AURELIA GRASIELE,F,25/02/1981,Válido,18
18999,1,Não eleito,VALDETE DOS SANTOS VICENTE,DETINHA PESCADORA,F,11/08/1971,Válido,18
18678,19,Não eleito,RODRIGO DA SILVA,RODRIGO GUARANI,M,06/08/1991,Válido,18
18688,17,Não eleito,DIONÉRIO LOPES ARAÚJO,DIONÉRIO MONTADOR,M,13/07/1971,Válido,18
18220,33,Não eleito,MARIA JOSÉ DOS ANJOS RIGUETE,MAZÉ RIGUETE,F,05/12/1961,Válido,18
18453,23,Não eleito,YEDO ALBERTO DE MENEZES FREIRE,PROFESSOR YEDO,M,01/10/1961,Válido,18
18000,594,Não eleito,ELIZEU DA COSTA PEREIRA,ELIZEU COSTA,M,20/08/1983,Válido,18
18344,43,Não eleito,LUCIANE FRANCISCA DA COSTA,LU RIBEIRO,F,27/10/1971,Válido,18
18567,13,Não eleito,CLECIO DE SOUSA SILVA,CLECIO DE SOUZA,M,17/10/1985,Válido,18
18037,1,Não eleito,MARCELO CURTY DE SOUZA,MARCELO TAXISTA,M,11/06/1973,Válido,18
18444,10,Não eleito,LEIDIANE GONÇALVES PEREIRA,LEIDIANE GONÇALVES,F,12/07/1982,Válido,18
18456,29,Não eleito,AMARILES BATISTA DE AGUILAR,AMARILES AGUILAR,F,20/04/1969,Válido,18
18488,62,Não eleito,WILLIAM MENDONÇA FLEIRE,PASTOR WILLIAM MENDONÇA,M,27/08/1982,Válido,18
18366,17,Não eleito,JOÃO MALAQUIAS DA SILVA FILHO,MALAQUIAS DO MILHO,M,09/11/1969,Válido,18
18123,547,Não eleito,VALDINEI TAVARES DE SOUZA,VALDINEI TAVARES,M,15/08/1979,Válido,18
18111,28,Não eleito,MAGNO BATISTA DOS SANTOS PESSOTTI,MAGNO MCZ,M,29/01/1989,Válido,18
18100,13,Não eleito,TATIANE TEODORO DE ANDRADE,THATY ANDRADE,F,17/07/1983,Válido,18
77023,38,Suplente,HALYSTON DURÃES,HALYSTON DURÃES,M,26/11/1977,Válido,77
77111,119,Suplente,JOÃO BATISTA GOMES DE ARAÚJO,TIO SAM,M,15/08/1966,Válido,77
77222,51,Suplente,ADRIANO AMORIM CABIDELLI,ADRIANO AMORIM CABIDELLI,M,04/03/1983,Válido,77
77777,151,Suplente,DIMARIO CANDIDO FRANCO,DIMARIO CANDIDO FRANCO,M,16/03/1965,Válido,77
77333,344,Suplente,PABLO ANDRÉ PEREIRA RIBEIRO,PABLO,M,28/03/1974,Válido,77
77123,256,Suplente,WALDIR KIIHL,WALDIR DA PORTELINHA,M,27/12/1958,Válido,77
77677,2,Suplente,THAMYRYS CRISTINA DE OLIVEIRA VIANA,THAMYRYS VIANA,F,17/08/1987,Válido,77
77555,260,Suplente,MARGARETH APARECIDA FRIGINI JUBIM,MARGARETH FRIGINI,F,08/04/1963,Válido,77
77700,65,Suplente,GEORGINA MORAIS PESTANA,GINA,F,08/10/1959,Válido,77
77000,498,Suplente,AGNALDO CONCEIÇÃO DE JESUS,IRMÃO AGNALDO,M,01/05/1969,Válido,77
77500,159,Suplente,DANIELLY APARECIDA GOULART MAI,DANY COLMATEC,F,10/09/1980,Válido,77
77444,565,Eleito,CARLOS ALBERTO PEREIRA VIEIRA,CARLITO CANDIN,M,09/12/1965,Válido,77
77615,12,Suplente,WANDERSON FERREIRA MACHADO,DINHO,M,10/02/1984,Válido,77
77765,0,Suplente,MAURIELEN CYRILLO DA SILVA,MAURIELEM CYRILLO,F,26/06/1982,Válido,77
77077,354,Suplente,GILBERTO ROCHA FANCHIOTI,BETINHO,M,31/05/1981,Válido,77
77321,44,Suplente,ILMA DUARTE DA SILVA,CANTORA ILMA DUARTE,F,05/10/1969,Válido,77
