numero,votos_nominais,situacao,nome,nome_urna,sexo,data_nasc,destino_voto,numero_partido
18188,831,Não eleito,IZAIAS AMARAL,DR IZAIAS,M,28/05/1959,Válido,18
18125,92,Não eleito,FRANCISCO DAS CHAGAS SILVA ARAUJO,CHIQUINHO,M,21/05/1974,Válido,18
18123,522,Não eleito,JOSÉ ALDI MACENA LICAR,PACA,M,04/11/1964,Válido,18
18018,93,Não eleito,THEYLON PAIVA MARTINS,THEYLON BANDA IMAGEM,M,28/04/1977,Válido,18
18963,159,Não eleito,SILVIO PEREIRA BARRA,SILVIO BARRA,M,02/03/1969,Válido,18
18133,34,Não eleito,MARIA JOSE DOS SANTOS MOREIRA,ZEZÉ MOREIRA,F,13/04/1949,Válido,18
18000,737,Não eleito,AUGUSTO CESAR DE CARVALHO CALDAS,AUGUSTO CALDAS,M,02/08/1968,Válido,18
18888,301,Não eleito,INALDO RIBEIRO DE SOUZA,INALDO RIBEIRO,M,26/05/1970,Válido,18
18555,30,Não eleito,BERNARDO LIMA DOS SANTOS,LIMA,M,12/01/1955,Válido,18
18111,558,Não eleito,NILTON DO ESPIRITO SANTO BRAGA RODRIGUES JUNIOR,NILTON GOMES JUNIOR,M,21/11/1997,Válido,18
18011,672,Não eleito,FRANCISCO GERALDO NASCIMENTO,GERALDO NASCIMENTO,M,19/09/1958,Válido,18
18020,134,Não eleito,TELMA MARQUES AROUCHE,TELMA MARQUES,F,20/03/1957,Válido,18
18100,84,Não eleito,CELLY CLAUDIA SANTOS GOMES,SGT. CLAUDINHA,F,10/10/1979,Válido,18
18010,587,Não eleito,JOSE DE RIBAMAR FERREIRA,RIBINHA AMBULANTE,M,06/02/1970,Válido,18
18777,177,Não eleito,ADALGISA TORRES DA SILVA,ADALGISA TORRES,F,17/08/1955,Válido,18
18380,5,Não eleito,ROBERT ANDREWS BEZERRA ALBERTO,ROBERT LEMOS,M,07/10/1973,Válido,18
18789,4,Não eleito,SUZANA SAMARA DOMINICI SIMEAO,SUZANA DOMINICE,F,18/05/1983,Válido,18
18001,19,Não eleito,RONNYELLE PINTO DO CARMO,RONNY MEIRELES,M,08/06/1994,Válido,18
77193,142,Não eleito,MANOEL CAMILO DO NASCIMENTO NETO,BOMBEIRO CAMILLO NETO,M,03/06/1972,Válido,77
77190,138,Não eleito,TIAGO PEREIRA FONSECA,TIAGÃO MEU QUERIDO,M,27/11/1985,Válido,77
77333,368,Não eleito,CARLOS ROMULO VIANA MOURA,PROFESSOR RÔMULO,M,31/08/1966,Válido,77
77778,455,Não eleito,JACIARA DE FATIMA DUTRA FRAZÃO,JACIARA FRAZÃO,F,03/11/1971,Válido,77
77123,436,Não eleito,JOÃO LOPES SABINO,JOÃO LOPES,M,18/10/1980,Válido,77
77222,78,Não eleito,RAQUEL CARVALHO DE SOUSA,RAQUEL CARVALHO,F,16/09/1976,Válido,77
77309,15,Não eleito,SUELY NADJA RIBEIRO OLIVEIRA,SUELY OLIVEIRA,F,14/12/1991,Válido,77
77200,2,Não eleito,DEBORA CAROLYNE ARAUJO DA COSTA,DEBORA COSTA,F,18/04/1997,Válido,77
77892,21,Não eleito,MAURO DIAS DA CONCEIÇÃO,MAURO DIAS,M,29/08/1976,Válido,77
77999,129,Não eleito,ANDYARA REGINA CABRAL NOGUEIRA,ANDYARA CABRAL,F,20/09/1968,Válido,77
77233,27,Não eleito,ANA MARIA ALMEIDA COSTA,ANA MARIA DO SÁ VIANA,F,07/12/1966,Válido,77
77477,171,Não eleito,SILVIA REGINA DAS GRAÇAS OLIVEIRA SALGADO,SILVIA SALGADO,F,01/08/1979,Válido,77
77666,0,Não eleito,ANTÔNIO AUGUSTO SERRÃO BASTOS,AUGUSTO BASTOS,M,19/09/1959,Válido,77
77345,95,Não eleito,JOSÉ RAIMUNDO PEREIRA TEIXEIRA,RAIMUNDINHO TEIXEIRA,M,14/03/1989,Válido,77
77321,572,Não eleito,ELINALDO VASCONCELOS DOS ANJOS,ELINALDO VASCONCELOS BEIÇO,M,30/09/1976,Válido,77
77777,32,Não eleito,JUDSON MELLADO AGUILAR,JUDSON MELLADO,M,22/04/1972,Válido,77
77111,143,Não eleito,SYLVIO CESAR COSTA DE BRITO,PROFESSOR SYLVIO BRITO,M,18/08/1969,Válido,77
77223,282,Não eleito,MARCOS AURÉLIO LIMA CUNHA,MARCOS CUNHA,M,30/06/1978,Válido,77
77555,312,Não eleito,MARIA ESTELITA DA SILVA E SILVA,PASTORA KAKÁ,F,09/10/1971,Válido,77
77007,60,Não eleito,GEAN EMERSON PINHEIRO FERREIRA,SGT GEAN,M,23/02/1973,Válido,77
77444,321,Não eleito,MARIO VICTOR RIBEIRO SANTOS,MARIO BATATINHA,M,28/03/1994,Válido,77
77167,152,Não eleito,JOÃO AMIRO DOS SANTOS,MIRO DO FUXICO,M,08/08/1967,Válido,77
77307,0,Não eleito,FRANCISCA MARIA DE ARAUJO DA COSTA,FRANCISCA MARIA,F,04/10/1979,Válido,77
77610,182,Não eleito,PEDRO PAULO ALVES MADEIRA,PEDRO PAULO O HOMEM DO POVO,M,29/07/1958,Válido,77
77365,97,Não eleito,ETEVALDO DA CONCEIÇÃO MARINHO RIBEIRO,PENALVA,M,08/12/1959,Válido,77
77010,62,Não eleito,PEDRO CASTRO BASTOS,PEDRO CASTRO,M,25/01/1964,Válido,77
77991,30,Não eleito,ALEXSANDRO THADIS DINIZ VILAR,ALEXSANDRO VILAR,M,15/07/1994,Válido,77
77099,437,Não eleito,VILCIMAR DE JESUS PINTO,PASTORA VILCIMAR,F,19/12/1960,Válido,77
77000,606,Não eleito,FRANCISCO DO VALE,FRANCISCO DO VALE,M,14/03/1977,Válido,77
77456,3560,Não eleito,AFONSO MANOEL BORGES FERREIRA,AFONSO MANOEL,M,12/02/1956,Válido,77
77300,11,Não eleito,LUIZ CARLOS FARIAS DO LAGO FILHO,CARLINHOS LAGO FILHO,M,08/01/1966,Válido,77
77177,205,Não eleito,ABRAÃO ABREU ESTRELA,PROF ABRAÃO ESTRELA,M,28/09/1979,Válido,77
50555,76,Não eleito,JOSE MAGUINO CUTRIM,MAGUINO CUTRIM,M,18/12/1975,Válido,50
50100,242,Não eleito,ALINE MARIA DOS SANTOS PEREIRA,ALINE MARIA,F,21/03/1984,Válido,50
50999,337,Não eleito,KEYSSE DAYANE DE SOUSA,KEYSSE,F,23/10/1991,Válido,50
50050,114,Não eleito,LEONEL PEREIRA TORRES,PROF LEONEL,M,03/05/1967,Válido,50
50800,429,Não eleito,GENTIL CUTRIM SERRA JUNIOR,PROFESSOR GENTIL,M,08/01/1974,Válido,50
50420,33,Não eleito,GLEICK SANTOS MAIA SOUZA,GLEICK MAIA,M,19/10/1972,Válido,50
50069,51,Não eleito,CARLOS ALBERTO SANTOS PEREIRA DA SILVA,CARLOS SILVA,M,12/08/1959,Válido,50
50222,22,Não eleito,DANIELLE LIMA COSTA,PROFESSORA DANI,F,12/05/1981,Válido,50
50777,399,Não eleito,FRANCILENE DO CARMO CARDOSO,PROFESSORA FRAN,F,10/11/1981,Válido,50
50002,46,Não eleito,ANGELA MARIA LIMA DOS SANTOS,ANGELA MARIA,F,13/02/1967,Válido,50
50024,364,Não eleito,CARLOS WELLINGTON SOARES MARTINS,CARLOS WELLINGTON,M,22/07/1979,Válido,50
50012,77,Não eleito,MARIA ELEONORA RABELO DE LIMA,ELEONORA,F,19/09/1960,Válido,50
50500,36,Não eleito,CLAUDIO JOSÉ MORAES,PROFESSOR CLAUDIO MORAES,M,08/08/1966,Válido,50
20015,501,Suplente,EDMILSON CRUZ VAZ,EDMILSON VAZ,M,30/12/1974,Válido,20
20317,39,Suplente,ANTÔNIA PEREIRA DOS SANTOS,ANTÔNIA SANTOS,F,22/12/1978,Válido,20
20300,111,Suplente,JADNA MONIQUE PINTO FERREIRA,MISSIONÁRIA JADNA,F,09/02/1994,Válido,20
20453,41,Suplente,CASIMIRO RAIMUNDO SANTOS FILHO,CASIMIRO BOM RAPAZ,M,04/03/1967,Válido,20
20999,100,Suplente,EDMILSON DA CRUZ SOUSA,EDMILSON LEITE,M,24/11/1967,Válido,20
20444,123,Suplente,JOSIMAR MARTINS,JOSIMAR SOUSA,M,16/01/1964,Válido,20
20678,420,Suplente,JOSÉ RIBAMAR FROÉS SILVA,FROÉS SILVA,M,05/08/1957,Válido,20
20222,839,Suplente,SAMUEL MARVÃO SERRA,SAMUEL SERRA,M,12/09/1962,Válido,20
20246,51,Suplente,MARIA BALBINA DOS INOCENTES PEREIRA,BALBINA FEIRANTE ,F,18/07/1953,Válido,20
20123,277,Suplente,ROSECLAY PINHEIRO BARROS,ROSE PINHEIRO,F,06/11/1982,Válido,20
20190,250,Suplente,FRANCISCO CARLOS SAMPAIO,SAMPAIO,M,17/08/1961,Válido,20
20200,86,Suplente,SOLANGE BEZERRA DE OLIVEIRA,SOLANGE BEZERRA,F,24/06/1968,Válido,20
20017,78,Suplente,FRANCISCO JOSÉ PEREIRA DA SILVA,FRANCISCO MÜLLER,M,02/08/1967,Válido,20
20500,772,Suplente,FRANCISCO MÁRIO COELHO SALES,CHICÃO AMARAL,M,04/04/1966,Válido,20
20369,306,Suplente,NESTOR DA SILVA ALMEIDA,NESTOR,M,21/09/1978,Válido,20
20100,302,Suplente,FABIO BARBOSA SILVA,FABIO SILVA,M,10/03/1984,Válido,20
20333,1558,Suplente,MARLON LIMA GARCIA,MARLON GARCIA,M,27/03/1967,Válido,20
20321,270,Suplente,JOBNEY DOS SANTOS MELO,JÔBNEY MELO,M,19/06/1984,Válido,20
20600,182,Suplente,MARIA DAS GRAÇAS SILVEIRA FERREIRA,KÉSSIA,F,08/03/1969,Válido,20
20052,218,Suplente,JOSÉ CARLOS LIMA BRITO,AMARELO,M,02/06/1968,Válido,20
20111,77,Suplente,ANTONIO JOSE SOUSA MASCARENHAS,DR. MASCARENHAS,M,14/11/1970,Válido,20
20777,878,Suplente,CIRO PEDRO NOLASCO NETO,CIRO NOLASCO,M,26/08/1974,Válido,20
20020,196,Suplente,FRANCISCO DE ASSIS PEREIRA CAVALCANTE,ASSIS CAVALCANTE,M,16/02/1982,Válido,20
20789,263,Suplente,BRENDA CARVALHO PEREIRA,BRENDA CARVALHO,F,27/08/1994,Válido,20
20555,726,Suplente,DOUGLAS MONTEIRO CARVALHO,DODÔ,M,18/08/1974,Válido,20
20000,3480,Eleito,GUTEMBERG FERNANDES DE ARAÚJO,DR GUTEMBERG,M,18/02/1956,Válido,20
20231,695,Suplente,SAMUEL DE CASTRO SÁ FILHO,SAMUEL SÁ FILHO,M,10/06/1962,Válido,20
20400,80,Suplente,MONICA REGINA FERREIRA,MONICA PRADO,F,31/03/1976,Válido,20
20234,663,Suplente,SERGIO WAGNER DOS SANTOS,SW,M,14/02/1973,Válido,20
20223,50,Suplente,GILSON RAMOS DOS SANTOS,GILSON CARRAL,M,30/08/1975,Válido,20
20018,36,Suplente,DARCILENE DA SILVA SOUZA,LENE DO SALÃO,F,21/11/1971,Válido,20
20012,920,Suplente,ROZANGELA MENDONÇA LEITÃO,IRMÃ ROSE DA FARMÁCIA,F,28/11/1964,Válido,20
20007,158,Suplente,CARLOS HENRIQUE PINTO,HENRIQUE PINTO,M,01/10/1970,Válido,20
20311,242,Suplente,DANIEL RAIMUNDO ALMEIDA DE JESUS,DANIEL ALMEIDA,M,23/11/1984,Válido,20
20580,33,Suplente,MARIA DA GRAÇA COSTA DOS SANTOS,GRAÇA SANTOS,F,16/06/1981,Válido,20
20127,185,Suplente,MANOEL CABRAL NASCIMENTO,MANOEL CABRAL,M,18/12/1961,Válido,20
20120,101,Suplente,PRISCILA MARTINS DOS SANTOS,PRISCILLA MARTINS,F,18/07/1994,Válido,20
20888,777,Suplente,FRANCISCO DA SILVA CARDOSO,NETO CARDOSO,M,25/12/1978,Válido,20
20243,173,Suplente,LUIS CARLOS FONSECA PENHA,LUÍS DA BLACK POWER,M,03/08/1969,Válido,20
20345,151,Suplente,JOSÉ DE JESUS RIBEIRO PEREIRA DOS SANTOS,JOÃO DO SÍTIO,M,15/08/1980,Válido,20
20456,10,Suplente,TEREZINHA DE OLIVEIRA AMARO,TEREZINHA DO GUARANÁ,F,07/11/1941,Válido,20
55111,1885,Suplente,NATASSIA WEBA CUTRIM,NATASSIA WEBA,F,17/11/1987,Válido,55
55678,268,Suplente,ONESMO DE SOUSA XAVIER,ONESMO XAVIER,M,24/04/1972,Válido,55
55123,721,Suplente,ALYNNE PINHEIRO RIBEIRO TRINDADE,ALYNNE PINHEIRO,F,20/08/1985,Válido,55
55600,358,Suplente,JOSELY ALVES PEREIRA,JOSELY,M,11/05/1961,Válido,55
55555,582,Não eleito,PAULO ROBERTO PINTO LIMA OLIVEIRA,CARIOCA DO POVO,M,25/03/1974,Anulado sub judice,55
55124,545,Suplente,BENEDITO UBALDO DA SILVA,UBALDO BUS,M,16/05/1960,Válido,55
55433,19,Suplente,CAMILY GABRIELE SOUSA SANTANA,CAMILY SANTANA,F,08/12/1997,Válido,55
55333,638,Suplente,JÚLIO BACELLAR DE SOUZA MARTINS NETO,JÚLIO BACELLAR,M,30/05/1968,Válido,55
55456,106,Suplente,BARTOLOMEU BARBOSA DE SOUSA,BARTOLOMEU DO GÁS,M,07/05/1962,Válido,55
55444,4,Suplente,MÁRCIA SARAIVA,MÁRCIA,F,03/12/1961,Válido,55
55125,69,Suplente,PEDRO FURTADO NEVES,PROF PEDRO NEVES,M,25/10/1952,Válido,55
55055,90,Suplente,NEWTON FRANCISCO MADEIRA,MADEIRA.,M,17/03/1947,Válido,55
55000,71,Suplente,YSADORA ALMEIDA OLIVEIRA FERREIRA,YSADORA,F,17/01/2001,Válido,55
55001,13,Suplente,DIOBERTO PACHECO,D JÚNIOR,M,03/08/1984,Válido,55
55999,1857,Suplente,CEZAR CASTRO LOPES,CÉZAR BOMBEIRO,M,05/03/1964,Válido,55
55100,453,Suplente,FLÁVIO ANTONIO SILVA DE JESUS,CORONEL FLÁVIO,M,04/09/1961,Válido,55
55222,100,Suplente,LINS RONALDO AQUINO MOTA,LINS MOTA PAIN,M,08/12/1971,Válido,55
55730,19,Suplente,RAIMUNDA VÂNIA ALMEIDA LIMA,VÂNIA LIMA,F,12/03/1969,Válido,55
55157,63,Suplente,WANDERSON MANOEL OLIVEIRA TEIXEIRA,DENTINHO,M,21/02/1988,Válido,55
55777,2594,Eleito,KARLA DA COSTA BASTOS,KARLA SARNEY,F,01/03/1972,Válido,55
55007,412,Suplente,JONATAS CHAVES DOS SANTOS,PROF NEGÃO,M,30/03/1974,Válido,55
55789,90,Suplente,EDIVAN NEVES BARBOSA,EDIVAN BARBOSA,M,04/02/1980,Válido,55
55236,71,Suplente,LEÔNCIO JANSEN SERRA,LEÔNCIO JANSEN,M,06/07/1974,Válido,55
55190,407,Suplente,MARIA DE JESUS CASTRO REIS,JESUS REIS,F,21/10/1957,Válido,55
55321,91,Suplente,EDUARDO ARAÚJO NOVAIS,EDUARDO NOVAIS,M,18/11/1981,Válido,55
17861,32,Suplente,KELLY CRISTINA DE JESUS DE BRITO,PASTORA KELLY,F,07/12/1975,Válido,17
17456,85,Suplente,FRANCISCO GLEDSON DA SILVA SOUSA,GLEDSON SOUSA,M,22/01/1983,Válido,17
17177,89,Suplente,JOSE RICARDO COSTA MENDES CATEB,RICARDO CATEB,M,23/11/1964,Válido,17
17117,52,Suplente,JOSÉ RIBAMAR SOARES DA SILVA,ZÉ DO CHICLETE,M,29/07/1961,Válido,17
17699,2824,Suplente,SEBASTIÃO SANTIAGO DE ALBUQUERQUE,SEBASTIÃO ALBUQUERQUE,M,20/01/1949,Válido,17
17035,49,Suplente,IVALDA DA CONCEIÇÃO PINHEIRO CAMPOS,IVA CAMPOS,F,01/03/1973,Válido,17
17770,489,Suplente,ANSELMO MATOS CASTRO,ANSELMO MATOS,M,03/08/1977,Válido,17
17111,148,Suplente,SILVIA REGINA GOMES DO AMARAL,SILVINHA GOMES,F,26/05/1970,Válido,17
17101,148,Suplente,DANIEL AIRES BELGAS,DANIEL BELGAS,M,18/01/2000,Válido,17
17149,11,Suplente,MARTINHA DE JESUS AROUCHA ALVES,MARTA CAMPOS,F,04/10/1968,Válido,17
17605,1075,Suplente,JOSÉ COSMO FRAZÃO FERRAZ,DR. COSMO FERRAZ,M,27/09/1951,Válido,17
17018,67,Suplente,KARLA SILVA SANTIAGO GOMES,KARLA SANTIAGO,F,01/10/1976,Válido,17
17999,126,Suplente,EMANUELLY SOUZA COELHO,ENFERMEIRA MANU COELHO,F,11/01/1981,Válido,17
17678,133,Suplente,JOSÉ DE JESUS SERRA COSTA,JOSÉ SERRA BOLSONARIANO,M,16/09/1964,Válido,17
17666,93,Suplente,EDNALDO DA SILVA,EDNALDO SILVA,M,18/12/1960,Válido,17
17067,72,Suplente,ELSON SANTOS LIMA,ELSON LIMA,M,06/06/1961,Válido,17
17212,98,Suplente,KARINA DIUENE SILVA MELO MONÇAO,KARINA GUERREIRA,F,03/06/1979,Válido,17
17100,35,Suplente,LEILA CRISTINA FEITOSA DE OLIVEIRA,LEILA CRISTINA,F,10/01/1980,Válido,17
17150,3,Suplente,PRISCILLA DA SILVA GOVEIA,PRISCILLA GOVEIA,F,17/11/1988,Válido,17
17454,31,Suplente,TEDILSON DE JESUS PEREIRA MENDES,TEDILSON DE JESUS,M,10/08/1976,Válido,17
17888,263,Suplente,MARCYO ROBERTO DE SOUSA COSTA FERREIRA,MARCYO COSTA,M,22/09/1978,Válido,17
17255,122,Suplente,GILBERTO CARLOS NOGUEIRA COSTA,GILBERTO COSTA,M,05/02/1984,Válido,17
17017,129,Suplente,AGEMIRO MEDEIROS DE SOUSA,CADEIRANTE AGEMIRO,M,24/09/1957,Válido,17
17003,111,Suplente,JOSÉ FLORENTINO MELONIO MADEIRA,FLORENTINO MADEIRA,M,20/06/1965,Válido,17
17444,39,Suplente,LUCILENE DE JESUS DINIZ VALE,LENNA VALLE,F,03/02/1961,Válido,17
17712,28,Suplente,LUIS FERNANDO DA SILVA RODRIGUES,LUIS FERNANDO,M,10/11/1982,Válido,17
17555,52,Não eleito,VALMIRO FERREIRA DA SILVA,GRAND V,M,29/04/1982,Anulado sub judice,17
17380,44,Suplente,CARLOS LUIS SILVA,SEU GÁ,M,08/12/1981,Válido,17
17337,170,Suplente,JOSE ROBERTO DA SILVA,SR. ROBERTO,M,08/12/1958,Válido,17
17377,735,Suplente,EDUARDO BEZERRA ANDRADE,EDUARDO ANDRADE,M,03/09/1986,Válido,17
17900,418,Suplente,VALTER ELOI CANTANHEDE JUNIOR,VALTER CANTANHÊDE,M,30/11/1973,Válido,17
17321,513,Suplente,IGOR ALVES BACELAR,IGOR BACELAR,M,08/12/1980,Válido,17
17234,57,Suplente,MARCELO RAMOS SALDANHA,MARCELO SALDANHA,M,30/07/1960,Válido,17
17633,2887,Suplente,ANTONIO ISAIAS PEREIRA FILHO,PEREIRINHA,M,11/07/1950,Válido,17
17222,95,Suplente,ANTONIO JOSIVALDO LOPES MARTINS SOUSA,CUECA MARTINS,M,16/09/1983,Válido,17
17852,393,Suplente,ZAQUEU SOARES BARROS,ZAQUEU BARROS,M,30/07/1963,Válido,17
17123,150,Suplente,DANIEL SANTOS MOURÃO,DOUTOR MOURÃO,M,05/03/1976,Válido,17
17224,117,Suplente,CARLOS CESAR FREITAS,SARGENTO CESAR,M,10/02/1965,Válido,17
17333,163,Suplente,ANTONIO CARLOS GOMES CORDEIRO,CORDEIRO,M,19/01/1963,Válido,17
17077,1773,Suplente,FLAVIA TERESA BERTHIER DA SILVA BARROS CUNHA,FLAVIA BETHIER,F,11/09/1972,Válido,17
17000,5221,Eleito,FRANCISCO DE ASSIS MACIEL CARVALHO,CHICO CARVALHO,M,11/03/1947,Válido,17
17890,128,Suplente,LUIZ HENRIQUE ROCHA DE LUCENA,LUIZ LUCENA,M,06/09/1981,Válido,17
17789,141,Suplente,BRUNA THALYTA GUTERRES GUIMARAES,BRUNA THALYTA,F,10/07/1988,Válido,17
17147,94,Suplente,REGINA MARIA GARCES ALMEIDA,REGINA ALMEIDA,F,01/04/1965,Válido,17
17015,52,Suplente,ROSEANE LINDOSO CARDOSO,ROSEANE CARDOSO,F,14/04/1971,Válido,17
19333,604,Suplente,PRISCILLA NOGUEIRA ARAUJO SELARES,PRISCILLA SELARES,F,05/03/1982,Válido,19
19444,3046,Suplente,JOSE RAIMUNDO DE SÁ MARQUES,PROFESSOR SÁ MARQUES,M,26/08/1965,Válido,19
19987,2194,Suplente,UBIRAJARA DE JESUS GONÇALVES RAMOS,DR UBIRAJARA,M,13/04/1953,Válido,19
19997,1473,Suplente,ERICO BRITO CANTANHEDE,DR ÉRICO CANTANHEDE,M,17/10/1972,Válido,19
19122,222,Suplente,GLEIDSON DE OLIVEIRA SOUSA,GLEIDSON OLIVEIRA,M,18/12/1981,Válido,19
19273,77,Suplente,VALDIMEIRE XAVIER BEM DA LUZ,VALDIMEIRE DA LUZ,F,20/05/1969,Válido,19
19199,252,Suplente,ELIANE SANTOS DE ARAUJO,ELIANE SANTOS,F,19/07/1982,Válido,19
19007,215,Suplente,SERGIO HENRIQUE PINTO SILVA,PROFESSOR SERGIO HENRIQUE,M,02/10/1968,Válido,19
19700,707,Suplente,ROSANGELA CARVALHO BERTOLDO,ROSÂNGELA BERTOLDO,F,18/05/1956,Válido,19
19191,64,Suplente,HUMBERTO SERGIO BELISARIO MOTA,BEBETO MOTA,M,04/11/1982,Válido,19
19888,279,Suplente,CAIO CARVALHAL PINHEIRO CARNEIRO,CAIO CARVALHAL,M,06/09/1985,Válido,19
19147,68,Suplente,VALDINO DA COSTA OLIVEIRA,LOTHAR MATHEUS,M,25/04/1988,Válido,19
19789,3450,Eleito,FRANCISCO DAS CHAGAS LIMA E SILVA,CHAGUINHAS,M,12/12/1958,Válido,19
19800,787,Suplente,JACIRA DOS ANJOS LIMA,JACIRA LIMA,F,08/03/1968,Válido,19
19090,108,Suplente,ANGELA CARLA COSTA FERRO,ÂNGELA 90,F,08/02/1987,Válido,19
19100,545,Suplente,ROSIEL JOHNSON DO NASCIMENTO,ROSIEL JOHNSON,M,18/01/1972,Válido,19
19258,27,Suplente,PAULO ARAUJO FERREIRA,PAULO ARAÚJO,M,08/05/1982,Válido,19
19321,1061,Suplente,DIOGO AVILA SILVA,DIOGO ÁVILA,M,01/07/1985,Válido,19
19033,56,Suplente,BRENDA MEDEIROS DE MATOS ALMEIDA,BRENDA ALMEIDA,F,14/06/2000,Válido,19
19999,1349,Suplente,MARCOS JOSE DE MORAES AFFONSO JUNIOR,DELEGADO AFFONSO,M,16/08/1967,Válido,19
19190,222,Suplente,JOÃO RONALDO DE SOUZA MENDES,SARGENTO MENDES,M,12/11/1972,Válido,19
19222,5199,Eleito,JOAO OCTAVIO SANTOS SOEIRO SILVA,OCTÁVIO SOEIRO,M,12/01/1991,Válido,19
19300,707,Suplente,KALIL MOISES MOREIRA SEBA,KALIL SEBA,M,18/08/1991,Válido,19
19555,4548,Eleito,MARCIAL LIMA DE ARRUDA,MARCIAL LIMA,M,07/05/1966,Válido,19
19234,2686,Suplente,CELIO ALEX ALVES PAIVA,ALEX PAIVA,M,05/08/1981,Válido,19
19600,209,Suplente,SIDINEY SILVA PEREIRA,PROFESSOR SIDINEY,M,19/08/1990,Válido,19
19000,490,Suplente,RONALDO DOS SANTOS SERRA,RONALDO SERRA,M,31/07/1990,Válido,19
19456,2187,Suplente,FRANCISCO FÁBIO SILVA LEITE,PASTOR FÁBIO LEITE,M,12/06/1972,Válido,19
19123,3930,Eleito,DOMINGOS RODRIGUES SILVA,DOMINGOS PAZ,M,21/08/1971,Válido,19
19322,72,Suplente,SANDRA MARIA SOUZA FIGUEIREDO,SANDRA FIGUEIREDO,F,03/09/1966,Válido,19
19900,1510,Suplente,FRANCISCO DUARTE DA SILVA,ERLANES DO MULEQUE TÉ DOIDO,M,19/04/1981,Válido,19
19654,319,Suplente,JARDSON LUIS CRUZ DO NASCIMENTO,IRMÃO JARDSON,M,25/08/1984,Válido,19
19777,942,Suplente,JANIO DA SILVA MONTEIRO,JANIO MONTEIRO,M,08/06/1961,Válido,19
19610,2902,Suplente,FRANCISCO LAGES BARBOSA,BARBOSA LAGES,M,28/06/1956,Válido,19
19400,366,Suplente,FRANCISCA DE LOURDES RODRIGUES CORREIA,MISSIONÁRIA LOURDES,F,14/04/1960,Válido,19
19098,11,Suplente,LEILA CRISTINA DA SILVA CARDOSO,LEILA CRISTINA.,F,18/06/1979,Válido,19
19876,159,Suplente,IVANILDO ASSUNCAO MARTINS,IVAN LEE,M,09/05/1954,Válido,19
19019,287,Suplente,TEDD MENESES SOUZA,TEDD MAC,M,01/07/1985,Válido,19
19455,256,Suplente,TANIA MARIA DE JESUS DA SILVA,TANIA SILVA,F,13/09/1973,Válido,19
19010,117,Suplente,LEIR CALDAS DA SILVA PEREIRA,LEIR CALDAS,F,04/01/1969,Válido,19
19009,2220,Suplente,KATIA RICCI LOBÃO CARVALHO,KATIA LOBÃO,F,20/07/1962,Válido,19
10700,456,Suplente,WASHIGTON LUIS SILVA LIMA,PROFESSOR WASHIGTON DA CEFOR,M,24/07/1967,Válido,10
10789,196,Suplente,FLAVIO ANTONIO CARVALHO DOURADO,FLAVIO DOURADO,M,03/12/1972,Válido,10
10444,388,Suplente,INGRIT CRISTINE SANTOS OLIVEIRA,INGRIT OLIVEIRA NUTRI,F,09/04/1990,Válido,10
10777,130,Suplente,AERLLYANN DOS SANTOS GOMES,AERLLY SANTOS,M,26/06/1986,Válido,10
10400,3,Suplente,ALONSO FERREIRA DE JESUS,ALONSO DE JESUS,M,01/08/1980,Válido,10
10999,256,Suplente,TAIANARA LOPES DA SILVA,TAIANARA LOPES,F,14/11/1989,Válido,10
10910,217,Suplente,ANTONIO CARLOS MOURA QUEIROZ,IRMÃO ANTONIO,M,29/07/1961,Válido,10
10123,6984,Eleito,MARIA ROSANA DA SILVA,ROSANA DA SAUDE,F,18/04/1973,Válido,10
10024,3906,Eleito,ANDREY MONTEIRO CARVALHO,ANDREY MONTEIRO,M,31/07/1997,Válido,10
10555,3159,Suplente,GENIVAL ALVES DA SILVA,GENIVAL ALVES,M,15/11/1968,Válido,10
10111,630,Suplente,DENISON DIONE FERREIRA CARDOSO,DENISON FERREIRA,M,14/03/1990,Válido,10
10345,253,Suplente,SANDRA MARIA ASSIS DA SILVA MELO,TIA FADINHA,F,05/06/1971,Válido,10
10369,68,Suplente,MARIA DAS GRAÇAS RODRIGUES CARDIAL,GRAÇA CARDIAL,F,03/12/1981,Válido,10
10333,309,Suplente,GABRIEL BORGES CAVALCANTE OLIVEIRA,GABRIEL CAVALCANTE,M,25/01/1995,Válido,10
10013,65,Suplente,ERIDAN RISTOVSKI,MISSIONARIA ERIDAN,F,02/05/1970,Válido,10
10222,343,Suplente,GUSTAVO VIANA ARAUJO,GUSTAVO ARAUJO,M,21/05/1982,Válido,10
10300,1337,Suplente,RICARDO JORGE HORTEGAL ANDRADE,RICARDO HORTEGAL,M,27/07/1981,Válido,10
10212,92,Suplente,NAHYARA DE JESUS DINIZ ARAUJO,NAHYARA ARAUJO,F,02/12/1986,Válido,10
10100,942,Suplente,JULIO GONÇALVES SIMÕES DOS REIS,JULIO REIS,M,23/01/1985,Válido,10
10110,166,Suplente,DIANA MARIA SILVEIRA DA SILVA,DIANA SILVEIRA,F,03/05/1969,Válido,10
10500,115,Suplente,NORBERTO THALYSSON PEREIRA SEREJO,NORBERTO SEREJO,M,26/10/1996,Válido,10
10112,176,Suplente,JOÃO BATISTA GALDINO PEREIRA,MACHO VEI,M,05/08/1967,Válido,10
10020,109,Suplente,JORGE MACIEL DE SOUZA,JORGE MACIEL,M,08/03/1962,Válido,10
10010,52,Suplente,MARISA REGINA DUARTE TEIXEIRA,MARISA ROSAS,F,26/05/1977,Válido,10
10012,78,Suplente,KLEBER CAMPOS GARCIA,KLEBER GARCIA,M,05/03/1970,Válido,10
10385,46,Suplente,MAXWEL SILVA PRIVADO,MAXWEL SILVA,M,25/04/1990,Válido,10
51000,769,Suplente,KENAZ CRISTIAN SOUZA VEIGA,KENAZ CRISTIAN,M,28/04/1979,Válido,51
51223,69,Suplente,EDILENE DA SILVA FREITAS,HILDES FREITAS,F,05/12/1977,Válido,51
51777,303,Suplente,ROBERTO CAMPOS FILHO,CABO CAMPOS,M,16/03/1968,Válido,51
51510,133,Suplente,SILVANA DE JESUS NASCIMENTO,SILVANA NASCIMENTO,F,05/01/1986,Válido,51
51234,252,Suplente,ROSELILDE SILVA,BRANCA,F,23/09/1971,Válido,51
51100,284,Suplente,ANTONIO PABLO SANTOS ARAUJO,PABLO DO PEIXE,M,14/04/1989,Válido,51
51111,1139,Suplente,DORIVAL DA HORA AMORIM,MISSIONARIO AMORIM,M,08/07/1978,Válido,51
51789,536,Suplente,PEDRO GOMES DE CARVALHO,PEPEU DE CARVALHO,M,16/07/1962,Válido,51
51478,1749,Suplente,JOSE CAMPOS DE MEDEIROS,ZECA MEDEIROS,M,08/04/1964,Válido,51
51222,1726,Suplente,JOAO DE DEUS COSTA PEREIRA FILHO,JUNIOR NAZARE,M,29/09/1984,Válido,51
51010,103,Suplente,RILDO DE OLIVEIRA ALMEIDA,RILDO ALMEIDA,M,23/04/1963,Válido,51
51244,953,Suplente,JOAO PEDRO COUTINHO LIMA,JOAO PEDRO,M,07/07/1993,Válido,51
51266,87,Suplente,FERNANDO SERGIO MENDES DOS SANTOS,FERNANDO SERGIO ,M,10/08/1966,Válido,51
51130,10,Suplente,SHIRLEY JANE COSTA BRITO,SHIRLEY JANE,F,15/09/1975,Válido,51
51150,126,Suplente,FRANCISCO VALDENIR PEREIRA DE SOUSA,CAPELAO VALDENIR,M,27/04/1969,Válido,51
51123,341,Suplente,DECIVALDO REIS RODRIGUES,DECIVALDO VIGILANTE,M,11/04/1978,Válido,51
51615,773,Suplente,JOSE ALENCAR GOMES SOARES,ALENCAR GOMES,M,05/06/1966,Válido,51
51041,32,Suplente,FRANCISCA SARAIVA DE SOUSA,LENA SOUSA,F,18/03/1974,Válido,51
51799,26,Suplente,MARIA DA CONCEICAO DE JESUS MONTEIRO,CONCITA,F,09/09/1963,Válido,51
51433,78,Suplente,JURACI RODRIGUES DOS SANTOS FILHO,JURACI JUNIOR,M,12/08/1979,Válido,51
51888,2506,Eleito,JOAO BATISTA MATOS VIANA PEREIRA,BATISTA MATOS,M,15/01/1975,Válido,51
51302,40,Suplente,JOANA TERESA DE OLIVEIRA SOARES,PASTORA DIANA SOARES,F,30/05/1951,Válido,51
51633,62,Suplente,JONAS BATISTA DA SILVA,BISPO JONAS,M,02/08/1964,Válido,51
51236,277,Suplente,RAIMUNDO NONATO FERREIRA FILHO,FERREIRA FILHO,M,30/09/1970,Válido,51
51077,33,Suplente,DONIZETE LEONARDO DE MELO,ALELUIA,M,21/12/1956,Válido,51
51310,146,Suplente,ALESSANDRA LOPES BRITO,ALESSANDRA MATOS,F,07/03/1974,Válido,51
51333,89,Suplente,ANA KARINE COELHO DE SOUZA,KARINE COELHO,F,04/11/1982,Válido,51
51555,174,Suplente,SERGIO GUTEMBERG DE OLIVEIRA SILVA,SERGIO,M,14/04/1969,Válido,51
51101,121,Suplente,ANTONIO JOSE DE SOUSA SILVA,ANTONIO SILVA,M,03/10/1969,Válido,51
51999,44,Suplente,ANA ELVIRA SANTOS SA,ANA ELVIRA,F,10/03/1967,Válido,51
51700,322,Suplente,IVONETE SENA CABRAL VIEIRA,BISPA IVONETE SENA,F,16/02/1975,Válido,51
51044,195,Suplente,JOSE DE RIBAMAR DO NASCIMENTO LOPES,RIBAMAR LOPES,M,09/04/1974,Válido,51
51444,129,Suplente,EDSON JULIO XAVIER,EDSON JULIO,M,03/06/1977,Válido,51
51122,78,Suplente,JOSE ALBERTO ALVES CAMELO,ALBERTO CAMELO,M,04/01/1961,Válido,51
51007,228,Suplente,RONEY SIMEI COSTA CASTRO,RONEY COSTA,M,08/08/1974,Válido,51
51029,74,Suplente,LUANA DOS SANTOS GUTERRES,LUANA GUTERRES,F,06/10/1992,Válido,51
51221,47,Suplente,IRIA DE FATIMA MACHADO ALVES,IRIA DO ALVARA,F,13/01/1967,Válido,51
51027,274,Suplente,PAULO SANTANA GALVAO,DR PAULO ARTE,M,11/05/1976,Válido,51
51300,1694,Suplente,KENIA DELANE PINHEIRO DOS ANJOS,KENIA DA CIDADE OLIMPICA,F,16/02/1973,Válido,51
51345,81,Suplente,WASHINGTON DOS SANTOS MENDES,WASHINGTON MENDES,M,24/06/1984,Válido,51
51580,100,Suplente,DOMINGOS MARTINS ARAUJO,DOMINGOS MARTINS,M,23/07/1972,Válido,51
51051,493,Suplente,CLAUDIA MARIA CASTRO SILVA,CLAUDINHA CASTRO,F,08/04/1973,Válido,51
51052,84,Suplente,ELEOMAR ALVES FREITAS,ELEOMAR VISAO DE SUCESSO,M,03/04/1963,Válido,51
51654,1746,Suplente,JOSE VIEIRA LIMA,VIEIRA LIMA,M,19/03/1958,Válido,51
51017,13,Suplente,MARIA DE FATIMA ROCHA DOS SANTOS,FATIMA ROCHA,F,21/01/1990,Válido,51
13233,93,Suplente,FRANCISCO AGNALDO MONTEIRO,HANNYS MONTEIRO,M,27/09/1966,Válido,13
13131,262,Suplente,CARLOS AUGUSTO ALVES PEREIRA FILHO,GUGU,M,10/04/1992,Válido,13
13777,348,Suplente,RONALDO PEREIRA DA SILVA,RONALDO,M,19/02/1978,Válido,13
13444,1359,Suplente,JOÃO JORGE GUIMARÃES DE OLIVEIRA,PASTOR JOAO JORGE,M,22/03/1965,Válido,13
13016,431,Suplente,LUIS CARLOS REIS,CARLITO REIS,M,17/08/1963,Válido,13
13213,282,Suplente,CLEUSON ALVES DA SILVA,CLEUSON AGRICULTOR,M,06/05/1972,Válido,13
13222,873,Suplente,JUCINEIDE RIBEIRO SANTOS,JU SANTOS,F,13/08/1975,Válido,13
13000,1400,Suplente,CREUSAMAR DE PINHO,CREUZAMAR,F,22/11/1967,Válido,13
13133,2110,Eleito,JHONATAN ALVES SOARES,COLETIVO NOS,M,01/01/1989,Válido,13
13132,114,Suplente,MARCOS VINICIUS OLIVEIRA RABELO SOARES,MARQUINHO,M,18/09/1996,Válido,13
13013,1200,Suplente,CARLA ALCANTARA SIQUEIRA,CARLA ROSE TASSIA,F,17/06/1994,Válido,13
13456,575,Suplente,CLEMILTON OLIVEIRA DE SOUSA,CLEMILTON FERRAZ,M,02/10/1976,Válido,13
13123,1691,Suplente,CRICIELLE AGUIAR MUNIZ,CRICIELLE,F,17/05/1991,Válido,13
13065,69,Suplente,MARCELO DE MORAES REGO MATTOS,MARCELO MATTOS,M,16/11/1977,Válido,13
13789,40,Suplente,DOMINGOS ALVES DOS SANTOS,PROF DOMINGOS ALVES,M,02/07/1963,Válido,13
13127,24,Suplente,JOSÉ ROBERTO FREITAS DE CASTRO FILHO,JOSÉ FREITAS,M,01/11/1983,Válido,13
13165,189,Suplente,PAULO SERGIO PINTO,PAULO DE ARUANDA,M,17/08/1966,Válido,13
13333,483,Suplente,BRIGIDA SANTOS DE ALBUQUERQUE,BRIGIDA SANTOS,F,26/10/1983,Válido,13
13130,731,Suplente,MARIA MARY FERREIRA,MARY FERREIRA,F,11/05/1956,Válido,13
13100,26,Suplente,FRANCISCO DAS CHAGAS ALVES DO CARMO,CHAGUINHAS ALVES,M,20/06/1959,Válido,13
13500,948,Suplente,CAMILA PEDROSA CARNEIRO DA SILVA,CAMILA DO PARTICIPA,F,18/11/2000,Válido,13
13066,87,Suplente,ROMENO BARROS DA SILVA,ROMENO BARROS,M,25/03/1966,Válido,13
13001,148,Suplente,ISABEL LOPES CAMPOS GOMES,PROFESSORA ISABEL,F,05/11/1957,Válido,13
13113,152,Suplente,MARIO DA SILVA LOPES JUNIOR,MARINHO DAS COMUNIDADES,M,11/06/1971,Válido,13
16000,450,Não eleito,LUCIANA COSTA CORREA,PRETA LU,F,05/07/1981,Válido,16
16216,41,Não eleito,MARCIO ALVES DURANS,SARGENTO MARCIO,M,23/02/1972,Válido,16
16016,40,Não eleito,DOMINGOS LOPES DA SILVA FILHO,DOMINGOS FILHO,M,25/01/1975,Válido,16
16789,67,Não eleito,CLAUDIONICE ALVES DURANS,NICINHA DURANS,F,07/08/1968,Válido,16
16116,50,Não eleito,JEAN MAGNO MOURA DE SA,PROFESSOR JEAN MAGNO,M,28/10/1972,Válido,16
16123,592,Não eleito,SAULO COSTA ARCANGELI,SAULO ARCANGELI,M,25/10/1971,Válido,16
45007,98,Não eleito,GABRIELLA DOS SANTOS RIBEIRO,GABY RIBEIRO,F,26/03/1971,Válido,45
45001,51,Não eleito,DAYVID TRINDADE PIRES,DAYVID TRINDADE,M,06/07/1982,Válido,45
45122,75,Não eleito,GILVAN GOMES PEREIRA,GIL GOMES,M,30/08/1983,Válido,45
45045,304,Não eleito,ORLANDO CARLOS COSTA BUNA,ORLANDO BUNA,M,03/02/1963,Válido,45
45555,224,Não eleito,AURILENE GOMES BARBOZA,LENNAGB,F,31/01/1978,Válido,45
45355,50,Não eleito,RAIMUNDA NONATA CAMPOS SIQUEIRA,RAIMUNDA SIQUEIRA,F,03/03/1955,Válido,45
45777,194,Não eleito,MARIO ANTONIO DOS SANTOS JUNIOR,MARIO JUNIOR DO TURISMO,M,30/10/1984,Válido,45
45333,275,Não eleito,FRANCISCO JOSE DE SOUSA VIANA,CHICO VIANA,M,16/02/1947,Válido,45
45123,481,Não eleito,MARIO JOSE DIAS CARNEIRO JUNIOR,MARIO JR CARNEIRO,M,20/03/1986,Válido,45
45789,646,Não eleito,JOAO BATISTA SANTOS MARINHO,PABLO MARINHO,M,12/12/1987,Válido,45
45999,108,Não eleito,ORMINDA ALMADA SILVA,ORMINDA ALMADA,F,23/02/1961,Válido,45
45444,375,Não eleito,JOSE LUCAS RODRIGUES PEREIRA,LUCAS REI DA FAVELA,M,29/10/1995,Válido,45
45663,41,Não eleito,MARCIO JOSE FERREIRA DE SOUSA,MARCIO JOSE O GRILO,M,04/12/1974,Válido,45
45888,27,Não eleito,EDILSON SOARES PEREIRA,EDILSON SOARES,M,03/05/1971,Válido,45
45100,117,Não eleito,JOAO RAFAEL SOUZA FERREIRA,JOAO FIGUEIREDO,M,05/02/1988,Válido,45
45556,4,Não eleito,VANESSA MARTINS DE JESUS,VANESSA JESUS,F,05/05/1981,Válido,45
45500,19,Não eleito,ELINE CARLA PINHEIRO CARDOSO,ELY CARLA,F,21/08/1986,Válido,45
45231,59,Não eleito,FABIO RODRIGUES DA ROCHA,FABIO ROCHA,M,20/12/1972,Válido,45
45111,7,Não eleito,LUANA BRENDA LOPES,LUANA BRENDA,F,14/10/1998,Válido,45
45113,9,Não eleito,FRANCISCO ALMEIDA BRAZ,IRMÃO FRANCISCO,M,26/11/1967,Válido,45
45222,95,Não eleito,GUSTAVO BARONI PEREIRA SILVA,BARONI,M,25/10/1978,Válido,45
45166,1,Não eleito,ADELMIR DOS SANTOS SILVA,ADELMIR DOS SANTOS,M,30/11/1987,Válido,45
45455,111,Não eleito,MARCOS ANTONIO COSTA,MARCOS COSTA DO ANGELIM,M,19/03/1965,Válido,45
45645,0,Não eleito,ESTEVES ASSUNÇÃO ARAGÃO,ESTEVES ARAGÃO ,M,24/07/1981,Válido,45
45019,0,Não eleito,MARAIZA SILVA DE LIMA,MARA LACRAÇÃO,F,23/09/1984,Válido,45
45666,59,Não eleito,RAIMUNDO CARLOS OLIVEIRA MATOS,GAGUINHO EVENTOS,M,14/10/1966,Válido,45
45678,47,Não eleito,ANTONIO FELIPE OLIVEIRA DA SILVA,FELIPE SILVA,M,04/12/1984,Válido,45
45000,889,Não eleito,FILIPE ARNON MARQUES TAVARES,FILIPE ARNON,M,02/08/1990,Válido,45
40800,601,Suplente,PAULO IRAPUÃ MENESES DA FONSECA,PAULO IRAPUÃ,M,04/06/1975,Válido,40
40113,307,Suplente,CARLOS FRAGOSO,CARLOS FRAGOSO,M,25/06/1974,Válido,40
40678,123,Suplente,GREGÓRIO DE SOUSA GUIMARAES,GREGÓRIO GUIMARÃES,M,09/10/1966,Válido,40
40123,841,Suplente,NELSON ALEX RODRIGUES ANDRADE,NELSON ANDRADE,M,01/10/1992,Válido,40
40555,203,Suplente,JOSÉ GUIMARÃES DOS SANTOS,GUIMARÃES,M,19/07/1946,Válido,40
40500,391,Suplente,GLAUCE JANE ALMEIDA RAMOS CORDEIRO,GLAUCE JANE,F,19/12/1970,Válido,40
40220,183,Suplente,ROOSEVELT MORAIS JUNIOR,PROFº ROOSEVELT MORAIS JR,M,21/02/1978,Válido,40
40211,128,Suplente,CLÁUDIA MARIA OLIVEIRA PINTO,PROFª CLÁUDIA OLIVEIRA,F,30/05/1965,Válido,40
40111,221,Suplente,EVILENE MARIA MENDES,NÊGA,F,21/11/1984,Válido,40
40321,120,Suplente,GIOVANA MARIA CUTRIM DINIZ,GIOVANA CUTRIM,F,27/08/1996,Válido,40
40038,31,Suplente,OZEAS ALMEIDA SANTOS,OZEAS ALMEIDA,M,10/04/1961,Válido,40
40121,83,Suplente,ANTÔNIO SOUSA FERREIRA,SOUSA FERREIRA,M,06/06/1957,Válido,40
40021,835,Suplente,EMILIO ANTÔNIO LIMA DE AZEVEDO,EMÍLIO AZEVEDO,M,19/01/1968,Válido,40
40300,576,Suplente,ROMULO CANDEIRA FERNANDES,ROMULO FERNANDES,M,21/01/1997,Válido,40
40876,1752,Suplente,EVA ALVES DE MORAIS BARROS,PROFESSORA EVA,F,09/06/1974,Válido,40
40444,315,Suplente,JOSE RIBAMAR FRAZAO OLIVEIRA,FRAZÃO OLIVEIRA,M,19/03/1956,Válido,40
40333,196,Suplente,GERLÂNDIA BENEDITA TEIXEIRA FRANÇA,GERLÂNDIA,F,20/04/1977,Válido,40
40366,258,Suplente,RAIMUNDO FERNANDO NUNES DE ARAÚJO,NANE DA FEIRA,M,15/08/1970,Válido,40
40789,109,Suplente,JACQUELINE LEITE,JACQUELINE LEITE,F,16/08/1985,Válido,40
40873,141,Suplente,SILVIO JOSE DA NATIVIDADE PEREIRA CRUZ,SILVIO CRUZ,M,08/10/1972,Válido,40
40200,344,Suplente,ELISIANE GUTERRES PINHEIRO FERREIRA,LIKA GUTERRES,F,26/02/1978,Válido,40
40888,758,Suplente,JONAS CONCEIÇÃO DE ALBUQUERQUE,JONAS DA PESCA,M,07/10/1970,Válido,40
40140,280,Suplente,CARLOS AUGUSTO PINTO DINIZ,CARLOS PEIXEIRO,M,28/07/1972,Válido,40
40343,54,Suplente,SOURAK ARANHA BORRALHO,SOURAK BORRALHO,M,10/05/1964,Válido,40
40000,829,Suplente,JOSE DE RIBAMAR LUSO SOUZA,LUSO,M,06/01/1962,Válido,40
40013,38,Suplente,MARIA DAS GRAÇAS SOUSA CARDOSO,MARIA CARDOSO,F,26/05/1985,Válido,40
40100,200,Suplente,JOSIAS PEREIRA DA SILVA,JOSIAS CHUMBINHO,M,31/01/1961,Válido,40
40031,86,Suplente,MARIA VITORIA BARBOSA CORREA,VITÓRIA CORRÊA,F,08/01/1957,Válido,40
40221,1146,Suplente,ANTÔNIO RAFAEL DA SILVA JÚNIOR,RAFAEL SILVA,M,04/04/1973,Válido,40
40240,147,Suplente,JAIME MARTINS DURANS NETO,JAIME DURANS,M,01/05/1959,Válido,40
40345,489,Suplente,JEOVAR PEREIRA SOUSA,JEOVAR SOUSA,M,19/11/1981,Válido,40
40114,63,Suplente,JOSE RIBAMAR SOEIRO MACHADO,SOEIRO,M,27/03/1962,Válido,40
40777,2013,Eleito,CARLOS MARLON DE SOUSA BOTÃO FILHO,MARLON BOTÃO,M,19/08/2000,Válido,40
40010,615,Suplente,MANOEL HENRIQUE CARDOSO PEREIRA LIMA,MANOEL HENRIQUE,M,25/07/1965,Válido,40
40040,753,Suplente,JOSÉ BERNARDO SANTOS DA SILVA,BERNARDO SILVA,M,30/09/1976,Válido,40
40007,44,Suplente,BENEDITO DE SOUSA GUILHON FILHO,GUILHON FILHO,M,23/08/1966,Válido,40
40033,111,Suplente,HENRIQUE MARTINS DE SOUSA NETO,PROF. HENRIQUE MARTINS,M,25/03/1957,Válido,40
40456,132,Suplente,EDVANDRO DA SILVA MOURÃO,DIDI MOURÃO,F,21/08/1971,Válido,40
40400,252,Suplente,RENATA TEIXEIRA PEARCE SOUSA,RENATA PEARCE,F,30/04/1988,Válido,40
14100,150,Suplente,WALMIR COSTA PINHEIRO,WALMIR COSTA,M,02/02/1973,Válido,14
14700,61,Suplente,MARINETE DOS SANTOS COSTA,MARY SANTOS,F,25/08/1989,Válido,14
14266,51,Suplente,SEVERIANA AMARAL FERREIRA,CECÉ,F,08/07/1963,Válido,14
14678,130,Suplente,BENEDITO PEREIRA SANTOS,BINÉ DE BERTO,M,04/04/1953,Válido,14
14288,103,Suplente,MARIA ANGELICA PEREIRA COUTINHO,ANGELICA COUTINHO,F,28/05/1965,Válido,14
14224,27,Suplente,JOSEQUIAS RABELO GOMES,JOSEQUIAS RABELO,M,08/02/1953,Válido,14
14123,2913,Eleito,SILVANA NOELY DE SOUSA GOMES,SILVANA NOELY,F,05/02/1980,Válido,14
14777,22,Suplente,DANIELLE SALES DE MELO,DANIELLE SALES,F,17/04/1982,Válido,14
14789,1459,Suplente,ROBERTH SEGUINS FEITOSA,ROBERTH FEITOSA,M,21/03/1975,Válido,14
14255,2750,Suplente,JOAO FREITAS GONCALVES,JOÃOZINHO FREITAS,M,21/01/1960,Válido,14
14555,316,Suplente,KLEBER BASTOS MOTA,KLEBER BASTOS,M,18/03/1985,Válido,14
14090,0,Suplente,ISRAEL WESLEY BOTELHO MARTINS,WESLEY BOTELHO,M,19/05/1993,Válido,14
14012,539,Suplente,EDUARDO SOARES TELLES DE SOUZA,EDUARDO TELLES,M,01/11/1962,Válido,14
14888,1358,Suplente,CARLOS FELIPE DE AZEVEDO VERAS,FELIPE VERAS,M,10/02/1982,Válido,14
14000,2252,Suplente,JOSÉ ELEONILDO SOARES,PINTO ITAMARATY,M,10/05/1960,Válido,14
14014,308,Suplente,EUFRÔNIO DE SOUSA CAVALCANTE,EUFRONIO DA TRAFFIC,M,25/04/1968,Válido,14
14444,209,Suplente,EDGAR DOS SANTOS DA PONTE JÚNIOR,EDGAR PONTES,M,08/05/1984,Válido,14
14890,1383,Suplente,JOSE POLICARPO LOPES,PÉ NO CHÃO,M,26/01/1952,Válido,14
14176,60,Suplente,WALKYRIA STUMANO SILVA PASSOS,WALKYRIA STUMANO,F,10/05/1977,Válido,14
14223,55,Suplente,JOAO BASTOS PINHEIRO,JOAO BASTOS,M,21/06/1967,Válido,14
14456,13,Suplente,IEDA RAIMUNDA REGO GUIMARAES,IEDA GUIMARAES,F,21/03/1970,Válido,14
14455,793,Suplente,ALMIR DE JESUS LEITE SILVA,ALMIR LEITE,M,30/08/1965,Válido,14
14200,116,Suplente,JOSE MAMEDE MONROE LAMAR,MAMEDE LAMAR,M,19/09/1964,Válido,14
14126,1580,Suplente,JOSE DOS SANTOS PEREIRA DUARTE,JOSE DUARTE,M,01/08/1962,Válido,14
14567,1,Suplente,BRUNO LEONARDO PEREIRA ABREU,BRUNO ABREU,M,22/07/1986,Válido,14
14110,121,Suplente,EMILCE MARIA CAMPOS,EMILCE CAMPOS,F,01/07/1958,Válido,14
14653,162,Suplente,SÉRGIO LEONARDO GOMES DE ARAUJO JÚNIOR,SÉRGIO ARAÚJO,M,29/01/1990,Válido,14
14222,49,Suplente,ADRIANO SANTOS RIBEIRO,ADRIANO SANTOS,M,28/08/1986,Válido,14
14214,78,Suplente,BRUNA GRACIELE BASTOS,BRUNA BASTOS,F,01/09/1986,Válido,14
14125,31,Suplente,WALDIMIRO ALVES MACHADO,WALDIMIRO ALVES,M,09/12/1957,Válido,14
14111,73,Suplente,JUSCELINO SOUSA DE OLIVEIRA,PASTOR JUSCELINO OLIVEIRA,M,19/02/1977,Válido,14
14025,59,Suplente,EDVALDO DAS CHAGAS DE LIMA,BOCA SUPERVISOR,M,11/03/1970,Válido,14
14044,20,Suplente,JADSON OLIVEIRA DAMASCENO,JADSON DAMASCENO,M,13/04/1977,Válido,14
14135,82,Suplente,WENDELL CARLOS JARDIM MENDES,WENDELL MENDES,M,08/09/1975,Válido,14
14333,75,Suplente,LUCIENE RAMOS BOEIRA TEIXEIRA,LUCIENE RAMOS,F,25/01/1971,Válido,14
14344,323,Suplente,JOSE DE RIBAMAR FIGUEIREDO BARROS,PROF RIBA,M,23/09/1983,Válido,14
14345,21,Suplente,VALDENICE MARIA DA SILVA CARVALHO,ARATÂNIA,F,03/05/1966,Válido,14
14400,77,Suplente,SAMARTONY COSTA MARTINS,SAMARTONY MARTINS,M,09/01/1971,Válido,14
14545,30,Suplente,ZILMARA DE JESUS LIMA,ZILMARA LIMA,F,09/08/1986,Válido,14
14113,8,Não eleito,ANTONIO CICERO LOPES ASSUNCAO,PASTOR ANTONIO CICERO,M,31/07/1952,Anulado sub judice,14
36555,4143,Eleito,ANTONIO JOSE LIMA GARCEZ,ANTONIO GARCEZ,M,12/06/1956,Válido,36
36489,31,Suplente,ANA CELIA PINHEIRO SOUZA,ANA CELIA,F,26/07/1958,Válido,36
36026,35,Suplente,CARLOS ANDRE RODRIGUES SANTOS,ANDRE DO ASSENTO,M,05/03/1975,Válido,36
36123,45,Suplente,FRANCISCO SOUSA DE CARVALHO,FRANK CARVALHO,M,15/02/1978,Válido,36
36036,109,Suplente,DAVI SANTOS LOUZEIRO,DAVI COHAB,M,26/07/1984,Válido,36
36111,53,Suplente,SERGIO HENRIQUES DA SILVA LOBATO,COMANDANTE SERGIO LOBATO,M,19/07/1966,Válido,36
36013,19,Suplente,MARCELLO FIALHO DE MEDEIROS,MARCELLO FIALHO,M,25/10/1968,Válido,36
36069,198,Suplente,ANA AMELIA FIGUEIREDO SANTOS,PROFESSORA ANA AMELIA,F,27/12/1956,Válido,36
36000,1333,Suplente,WESLEY SOUSA CORREA,WESLEY SOUSA,M,15/09/1986,Válido,36
36666,395,Suplente,HELEUDO ALBINO MOREIRA,HELEUDO MOREIRA,M,05/06/1963,Válido,36
36222,33,Suplente,JOSILDO COSTA SOARES,JOSILDO ROOTS,M,29/09/1967,Válido,36
36019,16,Suplente,MARIA APARECIDA DE ALMEIDA ARAUJO,OSTSUKA GUAJAJARAS,F,08/07/1972,Válido,36
36100,69,Suplente,ARISTOTELES DUARTE RIBEIRO,ARISTOTELES RIBEIRO,M,20/06/1987,Válido,36
36236,66,Suplente,VANESSA DURANS SILVA,VANESSA DURANS,F,17/09/1986,Válido,36
36099,14,Suplente,KAROENY PALHANO FERREIRA,KAROL PALHANO,F,09/09/1985,Válido,36
36789,1055,Suplente,LUIZ SOUZA DA SILVA,LUIZ SOUZA,M,26/01/1971,Válido,36
36450,52,Suplente,SONIA MARIA SANTOS TRINDADE,SONIA TRINDADE,F,02/04/1970,Válido,36
36023,101,Suplente,NAYRA DA SILVA PEREIRA,NAYRA PEREIRA,F,18/09/1995,Válido,36
36029,240,Suplente,ANTONIO SILVA,ANTONIO SILVA.,M,29/07/1951,Válido,36
36888,148,Suplente,DANIEL DE JESUS MENDES VIEIRA,DANIEL AUTO ESCOLA,M,27/12/1980,Válido,36
36135,672,Suplente,ANTONIO WILSON RIBEIRO FURTADO,WILSON MARANHÃO,M,03/11/1963,Válido,36
36367,250,Suplente,NEY MARCOS NASCIMENTO DE SOUZA,MARCOS NASCIMENTO,M,20/10/1971,Válido,36
36999,15,Suplente,IRLENY CRISTINA SILVA,LENE VERAS,F,20/10/1993,Válido,36
36360,184,Suplente,LUAN PYTTER SILVA PINHEIRO,LUAN PYTTER,M,26/05/2000,Válido,36
36001,209,Suplente,VALDECIR BENEDITO SOARES,VALTER SOARES,M,23/12/1977,Válido,36
36006,21,Suplente,FERNANDO RAMOS DE OLIVEIRA,FERNANDO OLIVEIRA,M,17/07/1975,Válido,36
36051,205,Suplente,ROBERTO CIRQUEIRA OLIMPIO FERROS,ROBERTO CIRQUEIRA,M,21/10/1968,Válido,36
36212,215,Suplente,JOCELMO GUEDES DE ALENCAR,JOTA GUEDES,M,28/11/1973,Válido,36
36010,553,Suplente,ISABELLE PASSINHO DA SILVA,ISABELLE PASSINHO,F,26/07/1981,Válido,36
36456,1239,Suplente,IRINEU DA SILVA MENDES,IRINEU MENDES,M,25/09/1984,Válido,36
36678,97,Suplente,RAIMUNDO PIMENTEL CARVALHO,RAIMUNDO PIMENTEL,M,08/08/1969,Válido,36
33433,992,Suplente,JOSÉ RAIMUNDO SILVA PEREIRA,ROCASA,M,21/11/1969,Válido,33
33098,276,Suplente,FRANCISCO BRAGA DA SILVA,CHICO BRAGA,M,21/12/1968,Válido,33
33008,23,Suplente,TAMIRES SOUSA PEREIRA,TAMIRES SOUSA,F,09/05/1998,Válido,33
33900,623,Suplente,SAUL DA SILVA E SILVA,SAUL SILVA,M,26/01/1985,Válido,33
33040,1199,Suplente,MAGNOLIA LIMA DIAS CARNEIRO,PROFESSORA MAGNOLIA,F,25/08/1987,Válido,33
33005,29,Suplente,ADALCI GARROS DOS SANTOS SILVA,ADALCI BARROS,F,22/04/1972,Válido,33
33700,131,Suplente,INACIO LINDOSO NETO,INACIO LINDOSO,M,02/02/1975,Válido,33
33457,95,Suplente,MARIA DO LIVRAMENTO DUTRA,PROFª LIVRAMENTO,F,13/10/1944,Válido,33
33322,28,Suplente,CLEILCE PEREIRA LIMA,CLEILCE LIMA,F,25/09/1980,Válido,33
33123,2158,Suplente,JOABSON COSTA PINHEIRO JUNIOR,JOABSON JÚNIOR,M,20/06/1988,Válido,33
33222,2191,Suplente,JOEL NICOLAU NOGUEIRA NUNES JÚNIOR,DR JOEL,M,30/07/1983,Válido,33
33344,697,Suplente,RAIMUNDO NONATO GUTEMBERG PINHEIRO,NONATO GUTEMBERG ,M,03/12/1976,Válido,33
33600,1167,Suplente,JOÃO BASTISTA SOARES CABRAL FILHO,JOÃO FILHO,M,08/08/1976,Válido,33
33000,1836,Suplente,MARIA DE FATIMA SALES RODRIGUES,ENFERMEIRA FATIMA SALES,F,02/09/1962,Válido,33
33455,618,Suplente,ARNALDO BENEDITO MURAD,ARNALDO BICUDO,M,25/02/1968,Válido,33
33191,34,Suplente,ROSA CRISTINA VIEIRA BATISTA COSTA,CRISTINA VIEIRA,F,25/02/1975,Válido,33
33111,957,Suplente,FLAVIO AURÉLIO LIMA COSTA,FLÁVIO FOGUINHO,M,10/07/1980,Válido,33
33190,994,Suplente,IVALDO ALVES BARBOSA,CORONEL IVALDO,M,18/06/1958,Válido,33
33300,68,Suplente,CLAUDIA FERNANDA DE SOUSA PINTO,FERNANDA PINTO,F,25/09/1972,Válido,33
33003,60,Suplente,LAUDIRENE LOUZEIRO GOMES,LADI GOMES,F,15/07/1972,Válido,33
33555,1394,Suplente,THIAGO MARTINS AUSTRIACO,THIAGÃO AUSTRIACO,M,23/10/1988,Válido,33
33444,1032,Suplente,MAURA TEREZA PEREIRA PINHEIRO,MAURA TEREZA,F,11/02/1973,Válido,33
33193,591,Suplente,ISLANDY MATÕES AMARAL,CORONEL AMARAL,M,23/05/1975,Válido,33
33100,1072,Suplente,ANDERSON BARROS LOPES,ANDINHO,M,26/06/1984,Válido,33
33001,342,Suplente,MARILEUDE SOUSA DE CARVALHO ROCHA,LEUDINHA ROCHA,F,25/02/1970,Válido,33
33199,423,Suplente,LOURIVAL ALVES DAMASCENO,IRMÃO LOURIVAL,M,08/11/1958,Válido,33
33400,316,Suplente,SANDOW DE JESUS GOIABEIRA FEQUES,PROF SANDOW FEQUES,M,25/12/1959,Válido,33
33456,2607,Eleito,MARCOS ANTONIO QUEIROZ DE CASTRO,MARCOS CASTRO,M,07/07/1979,Válido,33
33070,384,Suplente,IVO DINIZ PEREIRA,IVO DINIZ,M,30/07/1984,Válido,33
33777,2827,Eleito,ALVARO EDUARDO PIRES GODINHO,ÁLVARO PIRES,M,10/12/1986,Válido,33
33888,1972,Suplente,JEAN FABIO FRANÇA BARROS,JEAN FÁBIO,M,13/09/1977,Válido,33
33500,610,Suplente,RONNY LÚCIO SILVA SABINO,LÚCIO SABINO,M,29/09/1970,Válido,33
33234,422,Suplente,JOILSON CASTRO MATOS,PROFESSOR JOILSON CASTRO,M,17/02/1981,Válido,33
33007,267,Suplente,WILSON FERREIRA SALAZAR,WILSON SALAZAR,M,05/12/1947,Válido,33
33223,156,Suplente,FRANK MARCOS PEREIRA MARTINS,MARCOS MARTINS,M,09/09/1982,Válido,33
33321,900,Suplente,ANTONIO DE JESUS SILVA,IRMÃO DIJÉ,M,12/09/1963,Válido,33
33789,497,Suplente,ELISABETH RIBEIRO CASTELO BRANCO,PROF ELISABETH CASTELO BRANCO,F,14/11/1969,Válido,33
33333,3310,Eleito,AIRES DO ESPIRITO SANTO RIBEIRO NETO,RIBEIRO NETO,M,20/04/1991,Válido,33
33800,728,Suplente,GIUVAN SA DE SANTANA,GIUVAN SÁ,M,03/08/1968,Válido,33
33131,228,Suplente,CHARLES DE JESUS PAVÃO MUNIZ,CHARLES GORDINHO,M,13/03/1976,Válido,33
33567,507,Suplente,HILTON FRANCO PEREIRA DE SOUSA,PROF. HILTON FRANCO,M,12/01/1976,Válido,33
33033,387,Suplente,ASAN KAID MARTINS,ASAN KAID,M,14/07/1969,Válido,33
33999,212,Suplente,MARIA MONTEIRO NEVES,MARIA MONTEIRO,F,31/03/1959,Válido,33
35300,155,Não eleito,ANDRE BATISTA DA SILVA,PASTOR ANDRE,M,02/06/1971,Válido,35
35333,77,Não eleito,CELSO HENRIQUE ROCHA DA SILVA,CELSO SILVA,M,30/05/1967,Válido,35
35035,574,Não eleito,JONAS SILVA DE CARVALHO,JONAS CARVALHO,M,21/01/1988,Válido,35
35600,77,Não eleito,FLAESIO ALMEIDA CASTRO,FLAESIO ALMEIDA,M,05/02/1956,Válido,35
35555,249,Não eleito,CARLA FERNANDA FONTINELE LIMA,CARLA FONTINELE,F,23/03/2000,Válido,35
35999,104,Não eleito,ANTONIO GILSON DE SOUSA SILVA,GILSON SILVA,M,30/05/1977,Válido,35
35074,406,Não eleito,CARLOS MAGNO BOAZ PIRES,PROF. MAGNO BOAZ,M,01/08/1974,Válido,35
35234,211,Não eleito,ANTONIO ALAN CARDEK DE JESUS ROCHA,ALAN,M,07/10/1972,Válido,35
35000,267,Não eleito,DOMINGOS DE JESUS PINHEIRO,PR DOMINGOS PINHEIRO,M,01/10/1978,Válido,35
35888,126,Não eleito,JOSE CARLOS GUSMAO MELO,GUSMAO DO COLETIVO,M,24/05/1975,Válido,35
35557,23,Não eleito,VANEIDE SEREJO CARDOSO,NEIDE CARDOSO,F,02/08/1985,Válido,35
35138,28,Não eleito,MARIA VIEIRA COSTA SOUSA,MARIA VIEIRA,F,16/07/1968,Válido,35
35134,32,Não eleito,JORGE FERNANDES SOUSA,JORGE BAIACO,M,09/05/1965,Válido,35
35015,77,Não eleito,SILVADIRA TEIXEIRA DA SILVA MAIA,SILVADIRA SILVA,F,04/03/1969,Válido,35
35500,47,Não eleito,EFIGENIA LUCILIA SILVA TAVARES,EFIGENIA TAVARES,F,31/10/1961,Válido,35
35222,204,Não eleito,RENATO DOUGLAS COSTA,RENATO COSTA,M,02/04/1982,Válido,35
35123,1823,Não eleito,SILVINO ABREU,SILVINO ABREU,M,08/02/1955,Válido,35
35140,16,Não eleito,JOAO EVANGELISTA DAS DORES,JOAO EVANGELISTA DO SACAVEM,M,20/06/1958,Válido,35
35609,54,Não eleito,MARIA BERNADETE DOS SANTOS DOS SANTOS,BERNADETE PROF,F,20/08/1959,Válido,35
35400,66,Não eleito,THAYNA GOMES FARIAS,THAYNA FARIAS,F,02/05/1980,Válido,35
35444,454,Não eleito,EDSON FREITAS MARTINS,EDINHO,M,23/10/1962,Válido,35
35101,12,Não eleito,JOSE DE RIBAMAR ARAUJO SILVA,JOSE DE RIBAMAR,M,05/10/1949,Válido,35
35200,423,Não eleito,FRANK NELSON DE JESUS FERREIRA,FRANK DA AMBULÂNCIA,M,07/01/1979,Válido,35
35258,17,Não eleito,RENALCY PEREIRA SANTOS DE CASTRO,CAPELÃO RENALCY,M,01/04/1958,Válido,35
35777,87,Não eleito,ANA TERESA LOPES VIANA,ANA TERESA ,F,16/04/1964,Válido,35
35111,17,Não eleito,RAIMUNDO NONATO DO LAGO SOUSA,NONATO LAGO,M,18/07/1951,Válido,35
35322,188,Não eleito,CLEBER SILVA DOS SANTOS,MANO CLEBER,M,14/01/1977,Válido,35
35800,5,Não eleito,SUSENILDE DINIZ RIBEIRO,SUSE DINIZ,F,14/02/1985,Válido,35
35456,469,Não eleito,AUGUSTO CESAR RODRIGUES DE ASSIS,AUGUSTO CESAR,M,21/02/1964,Válido,35
35100,89,Não eleito,JOSÉ JOÃO SANTOS JUNIOR,ZEKA SANTOS,M,06/08/1973,Válido,35
43233,228,Não eleito,ROSA RAIMUNDA COSTA CARVALHO,PROF ROSA CARVALHO,F,30/08/1966,Válido,43
43525,110,Não eleito,FABIO ABEL DOS SANTOS,FABIO ABEL,M,17/11/1978,Válido,43
43000,1147,Não eleito,ANTONIO JOSE NOBERTO DA SILVA,NOBERTO,M,30/08/1970,Válido,43
43110,32,Não eleito,JOSE FERREIRA DO NASCIMENTO,FERREIRA,M,11/02/1956,Válido,43
43777,15,Não eleito,ANTONIA CARVALHO DE SOUSA,ANTONIA,F,13/06/1987,Válido,43
43443,158,Não eleito,JOAB PEREIRA ESTRELA,JOAB ESTRELA,M,17/10/1965,Válido,43
43193,841,Não eleito,JEAN MARY SEREJO SANTANA,BOMBEIRO JEAN MARY,M,02/12/1967,Válido,43
43135,131,Não eleito,ALIANA CELIA SILVA DOS ANJOS,MISSIONÁRIA ALIANA,F,05/02/1984,Válido,43
43123,203,Não eleito,ADILINA SANTOS DE ABREU,TIA DILA,F,21/07/1968,Válido,43
43226,2,Não eleito,EDILSON WANDERLEY OLIVEIRA DA SILVA,EDILSON WANDERLEY,M,29/01/1965,Válido,43
43013,130,Não eleito,ITAJACIRA DA LUZ SILVA,JACIRA GENTE DA GENTE,F,24/02/1965,Válido,43
43321,1302,Não eleito,JOSE WILLIAM DE PAULA SOUZA JUNIOR,WILLIAM JUNIOR,M,19/03/1968,Válido,43
43111,342,Não eleito,BENEDITO DE LIMA,PEDRO,M,04/04/1952,Válido,43
43456,104,Não eleito,CLAUDECI BORGES TRINDADE,BAIXOTE,M,28/05/1974,Válido,43
43216,16,Não eleito,LEA DA CONCEICAO MELO NASCIMENTO,LEA MELO,F,22/03/1968,Válido,43
43678,157,Não eleito,JOSE DE FATIMA BARROS,J BARROS,M,12/08/1954,Válido,43
43200,69,Não eleito,JOSE RIBAMAR TEIXEIRA LIMA,ZEQUINHA AGRICULTOR,M,05/05/1953,Válido,43
43789,21,Não eleito,MARILENE RIBEIRO FERREIRA,MARLENE RIBEIRO,F,10/02/1958,Válido,43
43198,2,Não eleito,JOSE DA COSTA DE MENEZES,BIDA,M,13/05/1987,Válido,43
43221,43,Não eleito,CONCEICAO DE MARIA BEZERRA ALMEIDA,CONCITA ALMEIDA,F,07/11/1957,Válido,43
43769,65,Não eleito,JOSE AUGUSTO SEREJO EVANGELISTA,AUGUSTO EVANGELISTA,M,07/11/1969,Válido,43
43192,225,Não eleito,MARIA DOMINGAS SILVA,DOMINGAS DA ENFERMAGEM,F,20/12/1956,Válido,43
43345,161,Não eleito,VALDEMIR MARTINS LINDOSO,VADICO LINDOSO,M,23/08/1973,Válido,43
43756,213,Não eleito,JOSE DAS MERCES PAOZINHO GAMA,JOSE GAMA,M,24/09/1976,Válido,43
43780,1,Não eleito,ELIZETE OLIVEIRA DA SILVA,DARLETE,F,01/09/1978,Válido,43
43267,156,Não eleito,YURI HENRIQUE ADELINO JARDIM,YURI JARDIM,M,16/10/1965,Válido,43
43333,67,Não eleito,MAXSUELL ANTONIO MACEDO BOTELHO,MAX MACEDO,M,19/02/1990,Válido,43
43222,290,Não eleito,SIMPLICIO AMORIM DOS SANTOS,SAPATEIRO,M,02/03/1973,Válido,43
43555,1164,Não eleito,SEBASTIÃO SANTOS SILVA,SEBASTIÃO SANTOS,M,13/12/1967,Válido,43
43680,539,Não eleito,ADILSON LIMA SERRA,ADILSON SERRA,M,27/10/1978,Válido,43
43444,179,Não eleito,SHEILA PINHEIRO DE BRITO,SHEILA PINHEIRO,F,30/05/1975,Válido,43
43263,54,Não eleito,MARIA DE JESUS RODRIGUES DE AGUIAR,DE JESUS AGUIAR,F,08/06/1965,Válido,43
43433,466,Não eleito,JOSE CARLOS GUSMAO SARAIVA,CARLOS GUSMÃO,M,09/01/1980,Válido,43
43266,153,Não eleito,RAIMUNDO NONATO RIBEIRO NUNES FILHO,NUNES FILHO,M,09/10/1961,Válido,43
43133,157,Não eleito,FLORENCIO ELEOTERIO FERREIRA NETO,FLOFLO,M,19/03/1968,Válido,43
43100,799,Não eleito,ARNALDO SOUSA SILVA JUNIOR,JUNINHO LUANG,M,12/08/1975,Válido,43
43122,132,Não eleito,JOSE DOS SANTOS CONCEICAO,ZEQUINHA,M,04/08/1953,Válido,43
43633,869,Não eleito,JOSE RIBAMAR SANTOS BARBOSA,RIBA,M,10/06/1954,Válido,43
43236,116,Não eleito,JOSE HANGARITHO MENDONÇA ATHAN,HANGARITO ATHANN,M,18/01/1969,Válido,43
43121,75,Não eleito,JOSE RIBAMAR SILVA COSTA,NENÉM CAMELÔ,M,04/04/1974,Válido,43
23012,1503,Não eleito,ROSEANE SALES DA SILVA MOREIRA,ROSE SALES,F,04/03/1970,Válido,23
23052,2124,Não eleito,JOSÉ NOGUEIRA FILHO,NOGUEIRA PROTETOR,M,21/12/1967,Válido,23
23300,475,Não eleito,SANDRA MARIA RODRIGUES DA SILVA,SANDRA SILVA,F,18/05/1968,Válido,23
23023,932,Não eleito,NATANAEL FRANCISCO FERREIRA JUNIOR,NATANAEL JR,M,03/12/1972,Válido,23
23373,53,Não eleito,KATIUSCIA SILVA FERREIRA,KATIA SILVA,F,02/01/1985,Válido,23
23222,925,Não eleito,ISABELLA PEARCE DE CARVALHO MONTEIRO,ISABELLA PEARCE,F,06/01/1986,Válido,23
23190,326,Não eleito,VALBERDAN SANTOS DE ASSUNÇÃO,VALBERDAN ASSUNÇÃO,M,09/12/1975,Válido,23
23444,182,Não eleito,JOSENILSON PINHEIRO DA SILVA,PINGUIM,M,04/03/1986,Válido,23
23000,244,Não eleito,WILSON NUNES FERREIRA,WILSON PICOLEZEIRO,M,05/11/1962,Anulado sub judice,23
23111,76,Não eleito,ETEVALDO ASCENCAO SANTOS,ETEVALDO SANTOS,M,10/09/1982,Válido,23
23123,423,Não eleito,ALDEILSON MARCELO AROUCHA COELHO,MARCELO COELHO,M,13/10/1979,Válido,23
23055,15,Não eleito,BRUNO LORAN SANTOS SERRA,BRUNO SERRA,M,24/06/1993,Válido,23
23456,360,Não eleito,BENEDITO JACINTO MESQUITA,MESQUITA,M,06/05/1954,Válido,23
23458,78,Não eleito,EDDIE LAWSON SOUZA PINHEIRO,PROF. DA CIDADE OLÍMPICA,M,04/08/1972,Válido,23
23232,84,Não eleito,COLEMAR RODRIGUES DO EGITO NETO,NETO EGITO,M,29/11/1996,Válido,23
23192,1531,Não eleito,FRANCISCA SUTERO DUARTE,FRANCISCA DUARTE,F,21/09/1966,Válido,23
23333,483,Não eleito,ODUVALDO SANTOS CRUZ,PROFESSOR ODUVALDO,M,13/09/1956,Válido,23
23789,847,Não eleito,OZIEL MELO DE MATOS,OZIEL PENHA,M,24/08/1974,Válido,23
23555,126,Não eleito,CONCEIÇÃO DE MARIA SANTOS KZAM,CONCITA KZAM,F,03/03/1971,Válido,23
23328,23,Não eleito,ROSA MARIA DOS SANTOS LEAL,ROSA MARIA,F,31/03/1962,Válido,23
23112,6,Não eleito,JAKSON JOSÉ MARINHO SANTANA,JAKSON,M,10/09/1975,Válido,23
23777,66,Não eleito,LEIRINALDO SOUZA,BANANEIRO,M,05/07/1982,Válido,23
23175,116,Não eleito,CEZAR BENEDITO PINHIRO LOPES JUNIOR,LOHANNA PAUSINI,M,15/11/1980,Válido,23
27990,2,Suplente,GISLENE MENDES GOMES DA SILVA,GISLENE SILVA,F,24/01/1981,Válido,27
27025,30,Suplente,ZENILDE DE JESUS COELHO SERRA,PASTORA ZENILDE,F,16/09/1968,Válido,27
27027,2275,Suplente,RAIMUNDO JOÃO MATOS MORAES,ARRUPIADO,M,23/10/1957,Válido,27
27500,2686,Suplente,REJANNY DE ASSIS BRAGA,REJANNY BRAGA,F,10/05/1985,Válido,27
27270,152,Suplente,LUIS FERNANDO RODRIGUES DA SILVA,BATMAN,M,28/01/1988,Válido,27
27456,1,Suplente,MÁRCIO ROGÉRIO LEONARDI,MARCIO LEONARDI,M,09/02/1974,Válido,27
27700,91,Suplente,BENALVA DE FATIMA FERREIRA GOMES,BENALVA GOMES,F,13/11/1973,Válido,27
27444,30,Suplente,LEYDIANA MARIA DOURADO,LEYDIANA DOURADO,F,18/03/1981,Válido,27
27133,75,Suplente,LEONIDAS COUTINHO DE OLIVEIRA,LAMPARINA,M,15/05/1966,Válido,27
27600,414,Suplente,CICERO VIANA DE SOUZA,CICERO VIANA,M,12/04/1967,Válido,27
27789,868,Suplente,ANTONIETA LAGO TEIXEIRA,ANTONIETA LAGO,F,09/05/1971,Válido,27
27145,0,Suplente,LINO PEREIRA SILVA LOUZEIRO FILHO,GUINOMO GLOBAL,M,04/03/1983,Válido,27
27200,455,Suplente,CARLOS JOSÉ SILVA LIMA,CARLINHOS LIMA,M,04/04/1979,Válido,27
27000,106,Suplente,PEDRO CELESTINO SILVA DA CONCEIÇÃO,PEDRO CELESTINO,M,16/10/1966,Válido,27
27999,106,Suplente,NOELI PEREIRA MOURA,NOELI MOURA,F,06/09/1972,Válido,27
27111,94,Suplente,ANSELMO LACERDA DE JESUS,ANSELMO LACERDA,M,02/06/1975,Válido,27
27136,301,Suplente,MARINALVA ROSA DAS NEVES,MARINALVA ROSA,F,02/05/1974,Válido,27
27234,180,Suplente,DEBORA CRISTINA SANTOS RIBEIRO ASSUNÇÃO,DEBORA ASSUNÇÃO,F,09/11/1979,Válido,27
27321,225,Suplente,EDUARDO COSTA MARTINS,EDUARDO MARTINS,M,22/05/1953,Válido,27
27777,5082,Eleito,THYAGO HENRIQUE FREITAS SANTANA,THYAGO FREITAS,M,21/03/1989,Válido,27
27007,838,Suplente,OSVALDO PAULINO DE SOUSA,OSVALDO MULLER,M,04/12/1969,Válido,27
27900,53,Suplente,ROGÉRIO SOUSA LIMA,ROGERIO LIMA,M,30/09/1974,Válido,27
27022,48,Suplente,REGINALDO ARAUJO CASTELO BRANCO,REGINALDO CASTELO BRANCO,M,18/01/1966,Válido,27
27408,57,Suplente,FRANCYANA NAYARA MACHADO DE MORAIS,NAYARA MACHADO,F,14/04/1986,Válido,27
27432,489,Suplente,WILLIAM CAMPOS RIO BRANCO,WILLIAM RIO BRANCO,M,10/04/1957,Válido,27
27333,1754,Suplente,RAIMUNDO BASILEU PIRES BARROS,BASILEU BARROS,M,22/10/1956,Válido,27
27890,36,Suplente,JORGE FERNANDO LISBOA CHAMPOUDRY,JORGE CHAMPOUDRY,M,15/04/1993,Válido,27
27223,306,Suplente,JUAREZ JOSÉ RAMOS SOUSA,JUAREZ SOUSA,M,11/01/1964,Válido,27
70266,30,Suplente,MARYLENE DA CONCEIÇAO NEVES PEREIRA,MARYLENE PEREIRA,F,31/05/1964,Válido,70
70192,115,Suplente,ANTONIO RENATO DE LIMA,RENATINHO GUERRA,M,15/04/1978,Válido,70
70888,56,Suplente,EVELYN MARIA MOUCHREK,EVELYN MOUCHREK,F,22/08/1968,Válido,70
70133,148,Suplente,JOANA DO CARMO AMORIM,JOANA DO CARMO,F,16/06/1965,Válido,70
70136,40,Suplente,ANTONIA MARIA DE JESUS CORREA,ANTONIA BURUCA,F,13/06/1957,Válido,70
70111,267,Suplente,JOSE EDUARDO BARBOSA DOS SANTOS,EDUARDO BARBOSA,M,04/02/1980,Válido,70
70123,207,Suplente,ALAN KARDECK FERREIRA RIBEIRO,ALAN KARDECK,M,28/11/1969,Válido,70
70312,25,Suplente,WANDA MARIA SOUSA,WANDA,F,23/01/1977,Válido,70
70999,257,Suplente,IVAN DA SILVA ROCHA,IVAN ROCHA,M,08/09/1959,Válido,70
70400,2550,Suplente,ANDERSON MARTINS DAS DORES,ANDERSON MARTINS,M,29/03/1984,Válido,70
70002,864,Suplente,GEORGE ANDREY FERRO CASTRO,GEORGE DA CIA,M,29/08/1974,Válido,70
70100,51,Suplente,KATIANE SANTOS ARAUJO,KATIANE SANTOS,F,27/08/1988,Válido,70
70238,23,Suplente,SONIA MARLY GUIMARAES PEREIRA,SONIA MARLY,F,11/09/1959,Válido,70
70004,77,Suplente,CESAR ROBERTO RIBEIRO PEREIRA,DOMDIEGO,M,21/08/1961,Válido,70
70777,72,Suplente,ISAIAS SILVA DE OLIVEIRA,ISAIAS OLIVEIRA,M,04/08/1972,Válido,70
70190,56,Suplente,GUSTAVO ADRIANO COSTA MARQUES,GALO DA MADRUGADA,M,27/01/1974,Válido,70
70300,219,Suplente,OSEAS DA SILVA NASCIMENTO,GRANDE OSEAS,M,27/09/1978,Válido,70
70152,95,Suplente,MANOEL DE JESUS PEREIRA,MANOEL DE JESUS,M,10/10/1965,Válido,70
70500,895,Suplente,JEARLYSSON KYLNER DE JESUS MOREIRA,JEARLYSSON DE JESUS,M,27/06/1982,Válido,70
70620,27,Suplente,JOAO FRANCISCO DO NASCIMENTO,J F NASCIMENTO,M,19/10/1947,Válido,70
70444,156,Suplente,JOSE COSTA SAMPAIO DA SILVA,PASTOR SAMPAIO,M,20/09/1968,Válido,70
70007,914,Suplente,MANOEL JOSE MENDES FILHO,MANOEL FILHO,M,20/04/1983,Válido,70
70600,136,Suplente,IVAN ARMSTRONG LIMA ESPOSITO,IVANZINHO,M,29/07/1994,Válido,70
70255,0,Suplente,GEIZA NUNES DOS ANJOS,GEIZA NUNES,F,04/07/1972,Válido,70
70707,127,Suplente,MURILO HENRIQUES PINHEIRO,MURILO PINHEIRO,M,22/01/1943,Válido,70
70555,694,Suplente,AUGUSTO CESAR FERNANDES DE SOUSA,AUGUSTO FERNANDES,M,30/04/1969,Válido,70
70001,3,Suplente,VANESSA LEAO SOUZA FRANÇA,VANESSA LEAO,F,24/10/1990,Válido,70
70789,2770,Suplente,SONIA MARIA ALVES SOUSA,DRA SONIA SOUSA,F,28/03/1974,Válido,70
70116,23,Suplente,MARIA JOSE DA SILVA SANTOS,MARIA JOSE,F,27/10/1968,Válido,70
70700,68,Suplente,JOAO BENTO SOUZA FRAZAO,JOAO FRAZAO,M,17/04/1993,Válido,70
70144,141,Suplente,ZACARIAS DOS SANTOS CHAVES,ZACARIAS SUCESSO,M,26/09/1981,Válido,70
70000,5885,Eleito,WERBETH MACEDO CASTRO,BETO CASTRO,M,19/12/1980,Válido,70
70333,41,Suplente,CESAR DO EGITO LOPES GONÇALVES FILHO,CESINHA DO EGITO,M,28/05/1965,Válido,70
70900,0,Suplente,EDMAR SOUSA DA SILVA,EDMAR SOUSA,M,03/12/1960,Válido,70
70070,200,Suplente,JOSE DE MARIA BRANDAO RODRIGUES,ZECA RODRIGUES,M,31/08/1970,Válido,70
70200,0,Suplente,SARAH CRISTINA BOTELHO MARTINS,SARAH CRISTINA,F,07/02/1995,Válido,70
70241,37,Suplente,VILMA FERREIRA CARDOSO RABELO,VILMA DO GUARANÁ,F,24/07/1983,Válido,70
70177,252,Suplente,ADRIANO SANTOS LIMA,ADRIANO LIMA,M,15/07/1987,Válido,70
70347,44,Suplente,NIVIA MAGNA SILVA,NIVIA ENFERMEIRA,F,06/09/1973,Válido,70
70222,821,Suplente,PAULO CESAR FERREIRA SILVA,PAULINHO CELULAR,M,22/11/1975,Válido,70
70147,99,Suplente,JOSE KEILON MOURAO DOS SANTOS,KEILON MOURAO,M,09/05/1977,Válido,70
70800,128,Suplente,JOSE RIBAMAR DA SILVA SOARES,RIBAMAR SOARES,M,10/06/1994,Válido,70
30963,984,Não eleito,JOSÉ ANDERSON ABREU ROCHA,ANDERSON ROCHA,M,05/03/1987,Válido,30
30123,335,Não eleito,UILDINÔRA CUTRIM BANDEIRA DE MELO SALGADO,UILDI MELO,F,23/08/1965,Válido,30
30000,818,Não eleito,MARKUS EDUARDO CABRAL TRINTA,MARKUS TRINTA,M,03/02/1976,Válido,30
30030,316,Não eleito,MARCOS ANDRE DOS SANTOS DA SILVA,DR MARCOS SILVA,M,10/05/1971,Válido,30
30333,286,Não eleito,KATY ANNE SILVA,KATY ANNE,F,10/12/1972,Válido,30
30456,248,Não eleito,FÁBIA ANDREA PEREIRA DA SILVA BELFORT,FÁBIA BELFORT,F,02/11/1982,Válido,30
30707,138,Não eleito,ORLANDO GALDIANO JÚNIOR,CORONEL GALDI,M,27/07/1965,Válido,30
30300,486,Não eleito,IVALDO DE OLIVEIRA RICCI JÚNIOR,DR IVALDO RICCI,M,10/12/1977,Válido,30
30007,145,Não eleito,ALIESIO BRINGEL MAIA,ALIÉSIO DO NOVO,M,28/12/1967,Válido,30
28888,1016,Suplente,ALDO ROGERIO RIBEIRO FERREIRA,ALDO ROGERIO,M,05/03/1976,Válido,28
28222,32,Suplente,JOSE ROBERTO PEREIRA,ROBERTO PEREIRA,M,28/08/1970,Válido,28
28122,99,Suplente,JOB VENINO PEREIRA VIANA,JOB VIANA,M,17/12/1966,Válido,28
28020,24,Suplente,NILO DOS SANTOS MORAES FILHO,TENENTE NILO MORAES,M,06/08/1966,Válido,28
28987,0,Suplente,MARINILDES SANTOS,MARINILDES,F,28/12/1956,Válido,28
28288,924,Suplente,JUVENCIO LUSTOSA DE FARIAS JUNIOR,JUVENCIO FARIAS JUNIOR,M,02/06/1994,Válido,28
28666,301,Suplente,MARCIEL GOMES DE SOUZA,MARCIEL GOMES,M,25/10/1961,Válido,28
28111,19,Suplente,CARLOS RAIMUNDO FIGUEIREDO SOBRINHO,CARLOS FIGUEIREDO,M,18/03/1981,Válido,28
28789,10,Suplente,JAKSON PEREIRA,JAKSON PEREIRA,M,08/04/1986,Válido,28
28000,4755,Eleito,JOAQUIM UMBELINO RIBEIRO JUNIOR,UMBELINO JUNIOR,M,13/09/1981,Válido,28
28522,77,Suplente,TEONILIA SOEIRO BALBY DE OLIVEIRA,TEO BALBY,F,07/01/1958,Válido,28
28007,78,Suplente,ZAIRES DINIZ PINHO,ZAIRES DINIZ,M,27/04/1965,Válido,28
28800,33,Suplente,FABIO COSTA E COSTA,FABIO COSTA,M,28/03/1970,Válido,28
28369,1,Suplente,JOSIANE COELHO FREIRE,JOSIANE FREIRE,F,04/07/1975,Válido,28
28243,37,Suplente,CONCEICAO DE MARIA CASTRO ALBUQUERQUE,CONCEICAO ALBUQUERQUE,F,03/05/1973,Válido,28
28444,118,Suplente,URUBATAM DA COSTA NUNES,URUBATAM NUNES,M,10/07/1959,Válido,28
28500,56,Suplente,JONAS DOS SANTOS FERREIRA,JONAS FERREIRA,M,03/07/1961,Válido,28
28028,30,Suplente,LUENIR SOARES DOS SANTOS,DAYANA ABRACANDO CAUSAS,F,12/08/1985,Válido,28
28024,38,Suplente,MARIA DAS MERCES GOMES CASTRO,DONA SONIA ,F,16/09/1955,Válido,28
28234,514,Suplente,JOSE DOMINGOS SANTOS ALVES FILHO,DOMINGUINHOS ALVES,M,24/05/1978,Válido,28
28999,47,Suplente,RAIMUNDO NONATO SANTOS,IRMAO CODO,M,04/04/1952,Válido,28
28928,41,Suplente,EPITACIO MENDES SOUZA,EPITACIO MENDES,M,05/03/1998,Válido,28
28068,20,Suplente,ANA JULIA GOMES PIRES,JULIA PIRES,F,26/07/1968,Válido,28
28328,6,Suplente,CLAUDIO CAMARA SOUSA,CLAUDIO CAMARA,M,24/03/1982,Válido,28
28126,204,Suplente,CARLOS AUGUSTO DOS SANTOS SILVA,CARLOS AUGUSTO,M,02/03/1969,Válido,28
28001,31,Suplente,LAURENCIO SILVA CAMPOS,LOURENCIO DO GESSO,M,23/01/1972,Válido,28
28600,14,Suplente,SANDRA KECIA SILVA SANTOS,SANDRA KECIA,F,27/12/1981,Válido,28
28321,22,Suplente,LUCIVANIA MORAES COELHO,LUCY MORAES,F,22/12/1993,Válido,28
28700,64,Suplente,ANTONIO NEDSON VIANA LAUNE,NETINHO JAMAICA,M,04/01/1998,Válido,28
28030,0,Suplente,MARIA DA GRACA FERNANDES TRINTA,GRACA TRINTA,F,08/05/1953,Válido,28
28756,0,Suplente,ANTONIO KENNEDY OLIVEIRA DE ALMEIDA,KENNEDY ALMEIDA,M,04/11/1979,Válido,28
28100,89,Suplente,ARLINDO FERREIRA DA SILVA,PROF ARLINDO SILVA,M,03/11/1966,Válido,28
28300,929,Suplente,CHARLES SILVA TEIXEIRA,CHARLES DOS CARRINHOS,M,10/07/1986,Válido,28
28333,458,Suplente,JOSE LUIZ SOUZA PINTO,ZÉ LUIZ,M,02/06/1964,Válido,28
28580,16,Suplente,MARIA CRISTIANE NUNES SANTOS,CRIS NUNES,F,20/07/1985,Válido,28
28123,504,Suplente,WELLINGTON LUIS MORAES DE ALBUQUERQUE,JAIRZINHO FILHO,M,25/08/1976,Válido,28
28833,22,Suplente,UELIDA CARVALHO LIMA,UELIDA LIMA,F,23/01/1963,Válido,28
28128,101,Suplente,EUBERTH DA SILVA LIMA,EUBERTH LIMA,M,17/04/1979,Válido,28
28200,353,Suplente,MOZART COSTA BALDEZ FILHO,ADVOGADO MOZART BALDEZ,M,06/10/1958,Válido,28
28258,2,Suplente,EDINA MARIA ALVES,EDINA MARIA ,F,28/06/1986,Válido,28
28133,0,Suplente,MISCILENE SILVA DA SILVA,MISCILENE,F,13/06/1986,Válido,28
28190,88,Suplente,LETIANE SOUZA MORAES,ANNY MORAES,F,08/01/1990,Válido,28
28456,175,Suplente,HERMOGENES SENA CHAGAS,HERMOGENES MAGAL,M,06/10/1972,Válido,28
28012,633,Suplente,ALEXSANDRO PEREIRA PEDROSA,ALEX PEREIRA ,M,12/12/1986,Válido,28
28400,63,Suplente,ANTONIO GILBERTO NASCIMENTO,GILBERTO ,M,20/12/1965,Válido,28
28555,919,Suplente,FABIANO DOS SANTOS BRANDAO,SUB TENENTE FABIANO,M,23/01/1970,Válido,28
90321,83,Não eleito,JOSÉ DE RIBAMAR BARBOSA MENDES,MARCOS SUZANO,M,06/01/1965,Válido,90
90000,104,Não eleito,NICELLY CRISTINNE SANTOS DE CARVALHO,NICELLY CARVALHO,F,12/04/1988,Válido,90
90123,149,Não eleito,SILVIA MARIA FRANÇA BOTÃO VIANA,SILVIA BOTÃO,F,02/02/1968,Válido,90
90090,15,Não eleito,PAULO ARAUJO JUNIOR,PAULO JUNIOR,M,05/09/1971,Válido,90
12345,1049,Suplente,AVANNE COSTA DOMINICI,PROFESSORA AVANNE DOMINICI,F,14/04/1973,Válido,12
12007,391,Suplente,SILVENIR PIRES SANTOS,LASKA CAMPOS,M,05/05/1975,Válido,12
12122,61,Suplente,ANALIDES DE JESUS SALES RÊGO,ANALIDES,F,28/12/1975,Válido,12
12111,143,Não eleito,RAIMUNDO NONATO DOS SANTOS SOUSA,JUNIOR CODÓ,M,28/07/1973,Anulado sub judice,12
12010,4,Suplente,DIANICE DA SILVA DIAS,DIANICE,F,15/02/1973,Válido,12
12963,40,Suplente,MARCIA CRISTINA COSTA,MARCIA CRISTINA,F,11/04/1986,Válido,12
12021,629,Suplente,WENNDER ROBERT ROCHA MARQUES DE SOUSA,WENNDER ROCHA,M,14/08/1976,Válido,12
12133,144,Suplente,MARIA APARECIDA PINTO PEREIRA,CIDA,F,31/01/1967,Válido,12
12011,916,Suplente,CARLOS ALBERTO FERREIRA SANTOS JUNIOR,PROFESSOR CARLINHOS,M,06/01/1986,Válido,12
12000,5098,Suplente,JOÃO PAVÃO FLHO,PAVÃO FILHO,M,06/04/1958,Válido,12
12100,252,Suplente,PAULO HENRIQUE GUIMARÃES DA SILVA,PAULO HENRIQUE DO TRANSPORTE,M,24/12/1969,Válido,12
12102,29,Suplente,MOISÉS DA SILVA BEZERRA,MOISÉS CONSELHEIRO,M,17/07/1970,Válido,12
12222,402,Não eleito,JOSEMAR EMÍLIO SILVA PINHEIRO,JOSEMAR PINHEIRO,M,28/05/1951,Anulado sub judice,12
12121,4315,Suplente,FABIO ROGERIO BARBOSA CAMARA,FABIO CAMARA,M,24/09/1972,Válido,12
12952,8,Suplente,MARIA CONCILIADORA DE MEDEIROS CASTRO,CONCILIADORA,F,18/01/1959,Válido,12
12789,4629,Suplente,ANTONIO IVALDO RODRIGUES,IVALDO RODRIGUES,M,06/02/1974,Válido,12
12012,6999,Eleito,RAIMUNDO IVANIR ABREU PENHA,RAIMUNDO PENHA,M,06/12/1982,Válido,12
12234,6665,Eleito,JOSÉ RAIMUNDO ALVES SENA JUNIOR,NATO JUNIOR,M,30/01/1992,Válido,12
12456,1606,Suplente,FRANCISCO DE CANINDÉ FERREIRA BARROS,CANINDÉ BARROS,M,06/01/1951,Válido,12
12125,245,Suplente,MARCIO AMÉRICO MENDES DE SOUSA,MARCIO AMÉRICO,M,11/03/1973,Válido,12
12123,7447,Eleito,OSMAR GOMES DOS SANTOS FILHO,OSMAR FILHO,M,25/11/1986,Válido,12
12444,293,Suplente,JOSÉ DE RIBAMAR SALES ROCHA,PASTOR ROCHA,M,09/12/1956,Válido,12
12333,67,Suplente,RAIMUNDA BELFORT DIAS,RAIMUNDA BELFORT,F,10/06/1973,Válido,12
65036,96,Suplente,ZENI PEREIRA PINHEIRO,ZENI,F,08/10/1974,Válido,65
65345,82,Suplente,EMERSON DANIEL DA CONCEICAO FERREIRA,EMERSON DANIEL,M,07/08/1980,Válido,65
65005,4243,Suplente,ROMMEO PINHEIRO AMIN CASTRO,ROMMEO AMIN,M,21/10/1976,Válido,65
65999,56,Suplente,CLAUDENILSON PEREIRA FERREIRA,CLAUDENILSON PEREIRA,M,06/07/1986,Válido,65
65355,733,Suplente,ISAIAS CASTELO BRANCO,ÍSAIAS RODOVIÁRIO,M,24/10/1969,Válido,65
65021,70,Suplente,RAIMUNDA GERSONIA MARINHO,SÔNIA MARINHO,F,20/05/1961,Válido,65
65223,5446,Eleito,MARIA DE FATIMA LIMA DE ARAUJO,FÁTIMA ARAÚJO,F,03/06/1964,Válido,65
65276,131,Suplente,MARIA RIBAMAR AYRES,VERA AYRES,F,13/05/1973,Válido,65
65000,358,Suplente,MARCELO COSTA FERREIRA MUNIZ,MARCELO MUNIZ,M,06/03/1974,Válido,65
65275,202,Suplente,ESTALINO BRAGA,ESTALINO BRAGA,M,30/10/1944,Válido,65
65222,5195,Suplente,MARCELO ASSAD DOS SANTOS,MARCELO POETA,M,10/11/1973,Válido,65
65321,589,Suplente,NILTON SILVA DAMASCENA FILHO,OBAMA,M,24/10/1973,Válido,65
65123,5319,Eleito,CONCEIÇÃO COSTA PINTO,CONCITA PINTO,F,07/12/1967,Válido,65
65065,1759,Suplente,JÚLIO FLÁVIO SOUZA COELHO,JULINHO,M,16/07/1981,Válido,65
65066,1110,Suplente,PAULO CESAR RODRIGUES ALMEIDA,PAULO CÉSAR,M,10/09/1970,Válido,65
65888,84,Suplente,HELENA NEVES QUARESMA,IRENE DO CUPIDO,F,19/08/1964,Válido,65
65058,245,Suplente,ALEXANDRE MAGNO OLIVEIRA MUNIZ,ALEXANDRE DA UNEGRO,M,08/03/1962,Válido,65
65110,6016,Eleito,GENERVAL MARTINIANO MOREIRA LEITE,ASTRO DE OGUM,M,16/10/1957,Válido,65
65131,92,Suplente,ANA MARIA SILVA,ANA DO TRÂNSITO,F,31/12/1961,Válido,65
65777,94,Suplente,ALEXSANDRO GUSMAO ROCHA,ALEXSANDRO ROCHA,M,02/10/1977,Válido,65
65100,1939,Suplente,ANTÔNIO JÚLIO GOMES PINHEIRO,JÚLIO PINHEIRO,M,03/10/1972,Válido,65
65013,175,Suplente,CLARICE ISABEL NEVES,CLARICE NEVES,F,05/11/1946,Válido,65
65333,6035,Eleito,PAULO VICTOR MELO DUARTE,PAULO VICTOR,M,08/03/1986,Válido,65
65180,2869,Suplente,JOSYMARY PIRES GOMES,COLETIVO ELAS,F,10/10/1995,Válido,65
65225,183,Suplente,CLAUDINO VIANA DAS MERCES,CLAUDINO VIANA,M,12/06/1989,Válido,65
65227,46,Suplente,ROSEMEIRE COSTA MADEIRA,MEIRE MADEIRA,F,28/06/1961,Válido,65
65236,882,Suplente,ANTONIO DE LISBOA MACHADO FILHO,PROF LISBOA,M,11/07/1968,Válido,65
65128,137,Suplente,ANA CLARA PEREIRA SILVA E SILVA,PROFESSORA CLARA,F,11/08/1965,Válido,65
65111,411,Suplente,ANTONIO DOS SANTOS TEIXEIRA,PROFESSOR SANTOS,M,12/06/1972,Válido,65
65444,271,Suplente,ADEMAR DANILO SANTOS JUNIOR,ADEMAR DANILO,M,27/11/1962,Válido,65
65555,228,Suplente,JOÃO EVANGELISTA SILVA PEREIRA,JOÃO EVANGELISTA,M,19/10/1982,Válido,65
22300,234,Suplente,JOSIEL SANTOS DA SILVA,JOSIEL DUDU,M,10/04/1987,Válido,22
22600,147,Suplente,JOSENILDO MELO DA SILVA,JOSENILDO DA VILA PALMEIRA,M,12/10/2001,Válido,22
22221,1622,Suplente,WASHINGTON CESAR ALMEIDA SILVA,WASHINGTON ALMEIDA,M,16/03/1972,Válido,22
22135,142,Suplente,MARIA VILANIR DE OLIVEIRA RIBEIRO,IRMÃ VILANIR DA VILA VITORIA,F,13/11/1966,Válido,22
22225,75,Suplente,LUIS AUGUSTO GOMES SILVA,LUCAS DO SÃO CRISTOVÃO,M,29/04/1967,Válido,22
22777,2890,Eleito,DANIEL FERNANDES DE OLIVEIRA,DANIEL OLIVEIRA,M,06/04/1993,Válido,22
22111,2095,Suplente,MELCHIZEDEC OLIVEIRA SANTOS PAIVA,MELK,M,22/01/1962,Válido,22
22000,4855,Eleito,ALDIR CUNHA RODRIGUES JUNIOR,ALDIR JÚNIOR,M,16/01/1993,Válido,22
22200,97,Suplente,VALÉRIA CRISTINA BRAGA DA CONCEIÇÃO,VALÉRIA CAMPOS,F,28/01/1979,Válido,22
22229,229,Suplente,DOMINGAS LIMA VITORINO,DOMINGAS VITORINO,F,19/08/1964,Válido,22
22113,805,Suplente,ANÍBAL DA SILVA LINS,ANÍBAL,M,24/12/1964,Válido,22
22008,261,Suplente,JOÃO EVILASIO SILVA,EVILASIO DO AMENDOIM,M,12/06/1968,Válido,22
22444,9,Suplente,EURIPEDES BARSANULFO RIBEIRO,EURY RIBEIRO,M,16/03/1977,Válido,22
22456,2290,Suplente,RODSON NERES NUNES ABREU,RODSON,M,15/11/1974,Válido,22
22222,1635,Suplente,MATHEUS MENDES LIMA DE MORAES,MATHEUS DO BEIJÚ,M,16/04/1997,Válido,22
22888,138,Suplente,RONALD SILVA DE SOUSA,RONALD SOUSA,M,16/08/1977,Válido,22
22800,133,Suplente,ELISMAYCON JOSÉ COSTA DAMASCENO,MAYCON DAMASCENO,M,07/08/1982,Válido,22
22400,291,Suplente,ALLAN JORGE ABREU FRAZAO,ALAN JORGE,M,30/01/1966,Válido,22
22345,805,Suplente,MAYARA CUNHA MARQUES,MAYARA DA JUÇARA,F,26/06/1992,Válido,22
22022,2210,Suplente,MARIA GORETTI PEREIRA RIBEIRO COSTA,ENFERMEIRA GORETTI,F,06/07/1968,Válido,22
22122,575,Suplente,ANA AMELIA MENDES LOBO JARDIM,ANINHA DO SÃO CRISTÓVÃO,F,12/05/1972,Válido,22
22369,2360,Suplente,EIDIMAR GOMES RODRIGUES,EIDIMAR GOMES,F,05/09/1941,Válido,22
22147,68,Suplente,DOMINGOS CAMARA FILHO,PAI DUDU,M,22/10/1960,Válido,22
22500,229,Suplente,JOSAFAR FERREIRA LIMA,JOSAFAR,M,21/04/1960,Válido,22
22477,112,Suplente,PAULO ROGERIO SILVA MENDONCA,PAULO MENDONÇA,M,25/01/1976,Válido,22
22223,61,Suplente,SILVANIA SOUSA DE OLIVEIRA LIMA,SILVANIA LIMA,F,11/01/1978,Válido,22
22258,38,Suplente,SHEYLA YARA RIBEIRO DE BRITO,SHEYLA YARA,F,22/11/1973,Válido,22
22002,299,Suplente,BRUNO RICARDO MONTEIRO ALCANTARA,BRUNO MONTEIRO,M,18/11/1980,Válido,22
22021,87,Suplente,PAULO CÉSAR COSTA SOUSA,PAULO SOUSA,M,12/05/1965,Válido,22
22622,89,Suplente,RAIMUNDO ARAUJO SILVA,RAIMUNDO CIDADE OPERARIA,M,12/06/1959,Válido,22
22277,84,Suplente,ANA LUCIA RIBEIRO SERRA,ANA SERRA,F,24/10/1969,Válido,22
22555,343,Suplente,GILBERTO MIRANDA DE PAIVA,GIL MIRANDA,M,03/12/1963,Válido,22
22007,374,Suplente,DIEGO DE SOUSA CARDOSO,DIEGO CARDOSO,M,19/06/1989,Válido,22
22123,1416,Suplente,VANDEILSON ROCHA SOUSA,TIRIRICA DO MARANHÃO,M,14/08/1976,Válido,22
22121,109,Suplente,ELISANGELA SANTOS RIBEIRO,A ÍNDIA,F,01/11/1978,Válido,22
22211,232,Suplente,NIELMA REGIANE CAMPOS DE CAMPOS,NIELMA,F,10/09/1982,Válido,22
22024,2256,Suplente,DANIEL VAZ ABREU,FOCA,M,20/05/1984,Válido,22
22789,66,Suplente,NEWTON PASSOS CADILHE FILHO,NEWTON CADILHE,M,29/07/1963,Válido,22
22001,56,Suplente,HAYANE DAS NEVES AGUIAR,HAYANE,F,28/05/1983,Válido,22
22023,958,Suplente,FRANCISCO DAS CHAGAS LOPES MONTE,FRANCO MONTES,M,02/10/1981,Válido,22
22543,250,Suplente,JULLYHERBETH DA SILVA SANTOS,DJ BETO,M,05/01/1988,Válido,22
22700,57,Suplente,PAULO HENRIQUE DOS SANTOS,PAULO DA CIDADE OPERARIA,M,11/09/1966,Válido,22
22333,473,Suplente,PAULO HENRIQUE AMENDOLA COUTO,DR PAULO,M,12/06/1982,Válido,22
11011,149,Não eleito,JHON VICTOR CASTRO ARAUJO,JHON DA JUVENTUDE,M,07/08/1998,Válido,11
11170,15,Não eleito,LUCIENE LEITE PINHEIRO,LUCIENE PINHEIRO,F,21/10/1984,Válido,11
11044,1,Não eleito,MILENA DA SILVA BRITO,MILENA BRITO,F,04/04/1996,Anulado sub judice,11
11123,155,Não eleito,FRANCISCO CLEITON BARBOSA DE MACEDO,JACKIE CHAN,M,04/10/1971,Válido,11
11777,184,Não eleito,EMMANUEL RODRIGUES ARRUDA SAMPAIO,PROF EMMANUEL SAMPAIO,M,10/05/1980,Válido,11
11223,10,Não eleito,ANTONIA SOARES DOS SANTOS,ANTONIA SOARES,F,12/11/1954,Válido,11
11234,160,Não eleito,WILLIAM JOAO MENEZES FILHO,WILLIAM FILHO,M,08/03/1990,Válido,11
11555,1637,Não eleito,MARCOS PAULO DE SOUSA PEREIRA,MARCOS PAULO,M,24/04/1990,Válido,11
11047,22,Não eleito,THAYANNE LEITE PINHEIRO,THAYANNE PINHEIRO,F,15/02/1997,Válido,11
11500,662,Não eleito,FABIANO CAVALCANTE DE OLIVEIRA,PROFESSOR CAVALCANTE,M,25/02/1980,Válido,11
11666,55,Não eleito,ADERSON GOMES DOS SANTOS,ADERSON GOMES,M,17/12/1953,Válido,11
11101,44,Não eleito,FRANCISCO DA SILVA NETO,CHICO DA PADARIA,M,29/06/1977,Válido,11
11222,219,Não eleito,VALDENOR AZEVEDO FLOR,VALDENOR AZEVEDO,M,11/05/1977,Válido,11
11789,127,Não eleito,WELLINGTON SANTOS ARAUJO,PROF DUDU,M,18/12/1976,Válido,11
11900,87,Não eleito,FRANCISCO DE ASSIS GAMA,RAFAEL DA JUVENTUDE,M,11/12/1987,Válido,11
11321,864,Não eleito,ITALO ANTONY CAMPOS NUNES,ITALO JUDOCA,M,22/03/1991,Válido,11
11444,100,Não eleito,LUIS CARLOS SENA DE FREITAS,LUIS CARLOS,M,15/07/1957,Anulado sub judice,11
11110,33,Não eleito,JADES FRANCA GOMES,JADES GOMES,M,02/06/1980,Válido,11
11456,2,Não eleito,NATALIA LETICIA FIORINI MENEZES,NATALIA MENEZES,F,27/06/1997,Válido,11
11000,157,Não eleito,JOTEAL OLIVEIRA DA SILVA,JR NOBRE,M,25/10/1963,Válido,11
11009,36,Não eleito,BRUNA HELLEN CAMPOS BUCELES,BRUNA BUCELES,F,13/05/1996,Válido,11
11026,20,Não eleito,GEISA LOURDES MIRANDA DOS SANTOS,GEISA MIRANDA,F,28/01/1994,Válido,11
11112,95,Não eleito,FREDSON CARLOS NOGUEIRA PINTO,NOGUEIRA,M,12/11/1978,Válido,11
11999,184,Não eleito,ADIEL BALBINO MOREIRA COELHO,ADIEL MOREIRA,M,31/03/1955,Válido,11
11313,67,Não eleito,ANTONIO PEREIRA DE MEDEIROS,MEDEIROS,M,21/03/1957,Válido,11
11065,90,Não eleito,VALERIA DE JESUS MENEZES PINHEIRO,VALERIA LAUANDDY,F,22/12/1995,Válido,11
11056,23,Não eleito,CLAUDIANE SOUSA MARQUES,ANNY MARQUES,F,05/06/1997,Válido,11
11029,7,Não eleito,ROANI DA SILVA SAMPAIO,ROANI SAMPAIO,F,29/03/2001,Válido,11
11007,359,Não eleito,JHONNY KLEBER SANTOS DE MESQUITA,JK MESQUITA,M,12/07/1992,Válido,11
11010,14,Não eleito,JESSICA MOREIRA DA SILVA,JESSICA MOREIRA,F,10/12/1991,Válido,11
11678,91,Não eleito,ANTONIO CARLOS ROSA DA SILVA,ANTONIO DE ROSA,M,06/06/1968,Válido,11
11888,166,Não eleito,WERISON RODRIGUES,WERISON DAS CORRIDAS,M,25/09/1983,Anulado sub judice,11
11333,490,Não eleito,LUIZ ANTONIO GUTERRES FILHO,LUIZ GUTERRES,M,13/04/1982,Válido,11
11013,35,Não eleito,GLEICIANNE DA SILVA NOGUEIRA,GLEICIANNE NOGUEIRA,F,13/03/1984,Válido,11
11111,2243,Não eleito,JOSE FRANCINETE BENTO LUNA,DIDI DO PP,M,16/10/1971,Válido,11
11088,20,Não eleito,MADIELLY DA SILVA CAVALCANTE,MADIELLY CAVALCANTE,F,23/08/1995,Válido,11
11600,266,Não eleito,JOSE AUGUSTO BRAGANCA MORENO,ZE AUGUSTO BRAGANCA,M,21/05/1969,Válido,11
25777,452,Suplente,DANILO JORGE CASTRO SANTOS,DANILO CASTRO,M,23/07/1966,Válido,25
25678,3477,Suplente,LUIZ ARMANDO MADEIRA COSTA,ARMANDO COSTA,M,18/06/1963,Válido,25
25679,33,Suplente,RAIMUNDO DE LIMA E SILVA,RAIMUNDO DA ZONA RURAL,M,04/02/1979,Válido,25
25555,5690,Eleito,EDSON OLIVEIRA,EDSON GAGUINHO,M,05/11/1979,Válido,25
25100,242,Suplente,GISELE SANTOS PINHEIRO,GISELE FRAZÃO,F,30/08/1991,Válido,25
25123,7346,Eleito,ANTONIO MARCOS SILVA,MARQUINHOS,M,04/06/1979,Válido,25
25193,399,Suplente,RAIMUNDO NONATO DAS CHAGAS RIBEIRO SILVA,SARGENTO CHAGAS,M,12/02/1972,Válido,25
25147,144,Suplente,MARIA DAS MERCES FREIRE SOUSA,MARIAZINHA,F,24/09/1958,Válido,25
25000,518,Suplente,JOVIANO FURTADO DE MENDONÇA,DELEGADO JOVIANO FURTADO,M,19/05/1960,Válido,25
25500,160,Suplente,NILSON DOS SANTOS COSTA,NILSON COSTA,M,10/11/1960,Válido,25
25125,88,Suplente,NUBERLENE FERREIRA CARVALHO,NUBERLENE,F,06/09/1993,Válido,25
25014,42,Suplente,RUBEN MACAU ANDRADE,RUBEN MACAU,M,01/04/1973,Válido,25
25369,97,Suplente,KESSIA NICOLLE SÁ DE MENEZES,KESSIA NICOLLE,F,19/08/1999,Válido,25
25725,819,Suplente,DIOGO GUAGLIARDO NEVES,GUALHARDO,M,01/07/1979,Válido,25
25458,550,Suplente,PAULO SERGIO MEIRELES DE JESUS,PAULINHO VIGILANTE,M,26/07/1981,Válido,25
25171,166,Suplente,EZEQUIAS SANTOS FERREIRA,ZEQUINHA DA JANAINA,M,28/01/1978,Válido,25
25999,325,Suplente,MICHAEL ANDERSON BOAZ SILVA,ANDERSON BOAZ,M,05/08/1989,Válido,25
25333,193,Suplente,MILVIA PAIVA DOS SANTOS,TIA DO BOMBOM,F,31/12/1959,Válido,25
25789,86,Suplente,MARIA JOSILEIDE RODRIGUES NASCIMENTO,JOSY NASCIMENTO,F,01/08/1983,Válido,25
25192,125,Suplente,DENILSON DE JESUS SANTOS MADEIRA,DENILSON MADEIRA,M,27/06/1972,Válido,25
25267,66,Suplente,NEUZA SOUZA FREIRE,NEUZA FREIRE,F,19/09/1947,Válido,25
25001,93,Suplente,JOSIANE ALCANTARA COELHO,JOSIANE COELHO,F,11/08/1984,Válido,25
25190,466,Suplente,JOÃO MAXIMO SILVA COSTA,JOÃO COSTA,M,03/05/1971,Válido,25
25007,336,Suplente,WENDEL SANTOS GUSMÃO,WENDEL DA ZONA RURAL,M,26/09/1985,Válido,25
25800,66,Suplente,BENEDITO DE DEUS PINTO,BENEDITO PINTO,M,06/02/1960,Válido,25
25444,62,Suplente,RAIMUNDO NONATO FERREIRA,NONATO ORELHINHA,M,03/11/1972,Válido,25
25888,289,Suplente,CARLOS HENRIQUE SA FIGUEIREDO,HENRIQUE FIGUEIREDO,M,11/08/1972,Válido,25
25015,233,Suplente,WELKER TAYSON SOUZA MORAIS,TASON ROCHA,M,09/05/1987,Válido,25
25455,49,Suplente,ALEXANDRE COSTA DE SALES,ALEXANDRE COSTA,M,09/01/1978,Válido,25
25025,3732,Suplente,RICARDO LUIZ SERRA DINIZ,RICARDO DINIZ,M,18/08/1976,Válido,25
25258,90,Suplente,MARIA AUXILIADORA COSTA,MARIA AUXILIADORA,F,31/10/1962,Válido,25
25111,267,Suplente,DIANA ROSALINA SERRA DE ALMEIDA,DRA DIANA SERRA,F,11/06/1961,Válido,25
25255,54,Suplente,CLODOMIR MARTINS DE SOUSA NASCIMENTO,CLODOMIR IMPERADOR SAFADAO,M,13/11/1966,Válido,25
25321,58,Suplente,DOMINGAS MARTINHA PESTANA RAMOS,DOMINGAS PESTANA,F,21/03/1960,Válido,25
25456,3101,Suplente,JOSUÉ GOMES PINHEIRO,JOSUÉ PINHEIRO,M,28/03/1950,Válido,25
15432,145,Não eleito,ELRISMAR MOREIRA DO ROSÁRIO,ELRISMAR,M,26/03/1967,Válido,15
15789,4779,Não eleito,MARCO ANDRÉ CAMPOS DA SILVA,ANDRE CAMPOS,M,23/03/1979,Válido,15
15666,32,Não eleito,JOSÉ DE ARIMATÉIA GONÇALVES VIEGAS,ARIMATÉA VIEGAS,M,13/07/1950,Válido,15
15223,47,Não eleito,MARIA DO LIVRAMENTO MACHADO,LIVRAMENTO,F,14/11/1952,Válido,15
15000,81,Não eleito,ROSA CARVALHO MESQUITA,ROSA DO BOI,F,01/06/1962,Válido,15
15100,105,Não eleito,ADRIANO AURÉLIO DE MENEZES BRAGA,DRZÃO DO POVÃO,M,23/02/1991,Válido,15
15678,286,Não eleito,SAMANTHA ALVES PARUÁ,SAMANTHA COSTA,F,31/08/1999,Válido,15
15120,653,Não eleito,PEDRO ALENCAR DA SILVA JUNIOR,JUNINHO MARANHÃO,M,20/12/1981,Válido,15
15742,110,Não eleito,RAIMUNDA NONATA LIMA,RAIMUNDINHA DO POVO,F,20/10/1973,Válido,15
15015,631,Não eleito,WELLINGTON E SILVA GOUVEIA,PROFESSOR WELLINGTON GOUVEIA,M,07/04/1983,Válido,15
15108,140,Não eleito,RAUL DA TRINDADE BARBOSA NETO,RAUL TRINDADE,M,05/02/1981,Válido,15
15890,496,Não eleito,FERNANDO JOSÉ PINTO BARRÊTO,FERNANDO BARRETO,M,10/10/1948,Válido,15
15888,143,Não eleito,EVANDNILSON RABELO DE ANDRADE,EVANDE ANDRADE ,M,30/09/1970,Anulado sub judice,15
15321,33,Não eleito,ALEX GOMES DA SILVA,ALEX QUEIJOS,M,01/02/1980,Válido,15
15333,420,Não eleito,LOURENÇA DE ARAÚJO SOARES,TIA LOLÓ,F,10/08/1955,Válido,15
15555,865,Não eleito,WIJANITA COSTA GUIMARÃES BARBOSA,JANE GUIMARÃES,F,05/12/1968,Válido,15
15625,59,Não eleito,SERVULO NAZARENO SANTOS,JOHN SERVULO,M,15/09/1958,Válido,15
15222,208,Não eleito,JOELMA VIANA CANTANHEDE,JOELMA VIANA,F,07/10/1975,Válido,15
