numero,votos_nominais,situacao,nome,nome_urna,sexo,data_nasc,destino_voto,numero_partido
18018,114,Não eleito,JOSE PETRONILO DA SILVA JUNIOR,PETRONILO,M,16/06/1980,Válido,18
18100,0,Não eleito,CRISTINA GOMES DE AGUIAR,CRISTINA GOMES,F,10/07/1971,Anulado,18
18000,48,Não eleito,FRANCISCO RAIMUNDO DE FREITAS,FREITAS JÚNIOR,M,27/10/1987,Válido,18
77211,401,Suplente,ALEXANDRE FEITOSA DA SILVA,BAMBAM,M,04/12/1976,Válido,77
77190,1286,Suplente,ELIABE MARQUES DA SILVA,SUBTENENTE ELIABE,M,26/12/1970,Válido,77
77987,72,Suplente,RUTH ADELINA PEREIRA NUNES,RUTH ADELINA,F,24/12/1995,Válido,77
77654,216,Suplente,ADALBERTO QUIRINO DO NASCIMENTO,ADALBERTO CADEIRANTE,M,03/09/1987,Válido,77
77789,1393,Suplente,ERISVALDO FREIRE,CIDADÃO FREIRE,M,23/08/1981,Válido,77
77001,26,Suplente,ANNA CLAUDIA ALVES FREIRE DE MEDEIROS,ANNA CLAUDIA,F,20/05/1981,Válido,77
77200,1619,Suplente,ARTHUR FELIPE LIMA DUTRA DE ALMEIDA,ARTHUR DUTRA,M,01/12/1982,Válido,77
77310,231,Suplente,PAULO LUIZ DE LIMA NERIS,PAULO NERIS,M,01/07/1966,Válido,77
77456,1981,Suplente,RAIMUNDO JORGE DE TORRES,RAIMUNDO JORGE,M,14/08/1950,Válido,77
77222,768,Suplente,LAILSON PAULA DO NASCIMENTO,LAILSON DAS TAPIOCAS,M,20/10/1978,Válido,77
77007,38,Suplente,MAURICIO DE FIGUEIREDO FORMIGA JUNIOR,MAURICIO FORMIGA,M,30/08/1981,Válido,77
77337,74,Suplente,INGRID TRAJANO BARBOSA,INGRID TRAJANO,F,04/05/1997,Válido,77
77077,36,Suplente,VALESKA ALBUQUERQUE LIMA DA SILVA VALDIVINO,VALL PEDAGOGA,F,28/06/1971,Válido,77
77888,1839,Suplente,FULVIO SAULO MAFALDO DE SOUSA,FULVIO,M,17/03/1971,Válido,77
77100,634,Suplente,PAULO GABRIEL NEGREIROS DE ALMEIDA,GABRIEL NEGREIROS,M,29/03/1994,Válido,77
77127,339,Suplente,JOBSON KLEBEN PINHEIRO MOREIRA,JOBSON KLEBEN,M,07/05/1988,Válido,77
77111,12,Suplente,NADIEJINA MARINALDA DOS SANTOS,NADIEJINA,F,31/07/1993,Válido,77
77889,795,Suplente,RUBENS DE MEDEIROS XAVIER AMANCIO,PASTOR RUBENS,M,20/11/1975,Válido,77
77555,2797,Eleito,KLAUS ASSIS DOS ANJOS ARAUJO,KLAUS,M,31/01/1978,Válido,77
77021,51,Suplente,JOSE ALEXANDRE ALVES,ALEXANDRE DOS PATINS,M,19/02/1968,Válido,77
77890,2225,Eleito,ANDERSON LOPES DA SILVA,ANDERSON LOPES,M,30/11/1984,Válido,77
77400,914,Suplente,MARIA MAGNÓLIA SOUSA FIGUEIREDO,MAGNÓLIA FIGUEIREDO,F,11/11/1963,Válido,77
77300,648,Suplente,EVERTON SILVA SANTOS,EVERTON SANTOS,M,04/05/1992,Válido,77
77653,751,Suplente,BRUNO GOMES DE SOUZA,BRUNO GOMES,M,19/04/1987,Válido,77
77010,1038,Suplente,GUSTAVO BRENDO DOS SANTOS,GUSTAVO DEZIGUAIS,M,10/04/1994,Válido,77
77700,749,Suplente,LUCIANO NUNES ROCHA,LUCIANO BUDU,M,21/01/1980,Válido,77
77393,203,Suplente,KENNEDY ALEXANDRE FIRMINO DE VASCONCELOS,ALEXANDRE FORTE,M,28/11/1976,Válido,77
77777,1005,Suplente,VAGNER FERNANDES DA SILVA,DR VAGNER,M,22/03/1973,Válido,77
77112,671,Suplente,RAUL SALES SILVA DE OLIVEIRA,RAUL GARAGEM,M,02/01/1991,Válido,77
77500,194,Suplente,MAURICEIA CAVALCANTE DE OLIVEIRA,MAURICEIA CAVALCANTE,F,13/10/1973,Válido,77
77999,90,Suplente,JOSE IVAN TELES DA SILVA NETO,IVAN TELES,M,29/08/1992,Válido,77
77899,234,Suplente,VANIA DINIZ DE ARAÚJO GURGEL,VANIA GURGEL,F,24/12/1952,Válido,77
77666,32,Suplente,DALVA ELIZA SILVA DOS SANTOS,DALVA SANTOS,F,02/12/1987,Válido,77
77000,209,Suplente,KIVIA ALVES BEZERRA,KIVIA BEZERRA,F,02/03/1991,Válido,77
77321,23,Suplente,ANDREIA NASCIMENTO DA SILVA,ANDREIA NASCIMENTO,F,24/05/1988,Válido,77
77717,64,Suplente,GEORGIA CARLA MORAES DA FONSECA,GEORGIA FONSECA,F,13/06/1973,Válido,77
77554,142,Suplente,CLEONICE GOMES DA SILVA,CLEONICE FORMIGA,F,28/07/1975,Válido,77
77444,420,Suplente,BRUNO RAFAEL SANTOS DE ARAUJO,BRUNO ARAUJO,M,23/10/1990,Válido,77
77737,153,Suplente,MARIA MADALENA NUNES CONCEIÇÃO,MADALENA NUNES,F,24/01/1963,Válido,77
77009,643,Suplente,EWERTON LUIZ VICTOR DE OLIVEIRA,EWERTON BINHA,M,01/01/1987,Válido,77
77377,165,Suplente,CÍCERO IZIDORO DA SILVA,IRMÃO TITO,M,27/08/1984,Válido,77
77779,77,Suplente,JAVUSIER MARINALDO DA SILVA,PROFESSOR JAVU,M,28/03/1979,Válido,77
77123,211,Suplente,SEVERINO WANDERLEY DE SOUZA,WANDERLEY,M,19/11/1979,Válido,77
80599,179,Não eleito,FRANCISCO DE ASSIS DA COSTA DIAS,FRANCISCO DIAS,M,04/10/1977,Válido,80
80180,515,Não eleito,SAMARA MARTINS DA SILVA,SAMARA MARTINS,F,31/08/1987,Válido,80
10888,186,Suplente,JÚLIO CESAR TAVARES DANTAS CALDAS,JÚLIO CESAR,M,17/03/1967,Válido,10
10033,60,Suplente,MARIA DAS GRAÇAS PINHEIRO ABRANTES ARAGÃO,GRAÇA ABRANTES,F,04/09/1958,Válido,10
10125,22,Suplente,SIRIO DE NAZARE AMARAL PINHEIRO,SIRIO PINHEIRO,M,08/09/1968,Válido,10
10299,61,Suplente,JOSÉ ARIMATÉIA DE ALEXANDRIA,ARI MOTOBOY,M,18/09/1982,Válido,10
10018,1,Suplente,EVERTON PEREIRA DE AZEVEDO,EVERTON AZEVEDO,M,21/12/1982,Válido,10
10555,537,Suplente,MATHEUS BARROS ALVES,MATHEUS ALVES BARROS,M,25/03/1997,Válido,10
10110,67,Suplente,ELINALDO LEITE DA SILVA,PROF. ELINALDO LEITE,M,25/02/1951,Válido,10
10666,331,Suplente,FÁBIO ALEXANDRE GOMES DA SILVA,FABÃO DO ESPORTE,M,07/07/1981,Válido,10
10402,14,Suplente,JOANA D'ARC SABINO SANTOS,JOANA D'ARC,F,20/04/1965,Válido,10
10916,166,Suplente,FRANCISCO BERNARDINO DE LIMA JUNIOR,BERNADINO JÚNIOR,M,28/06/1973,Válido,10
10444,29,Suplente,JOÃO MARIA LEITE DE SOUSA,DIDI DUARTE,M,26/11/1959,Válido,10
10226,24,Suplente,JADEILSON FREIRE DE LIMA,JADEILSON FREIRE,M,26/07/1991,Válido,10
10999,34,Suplente,JUREMA NUNCIA GOMES,JUREMA,F,17/04/1956,Válido,10
10133,512,Suplente,JOSEFA FÁTIMA TEIXEIRA DE SOUZA,FATIMA DO MATUTINO,F,15/09/1954,Válido,10
10005,1,Suplente,ANA CARLA VIEIRA,CARLA VIEIRA,F,30/07/1976,Válido,10
10233,643,Suplente,EDIVAN DE BRITO ALVES,EDIVAN ENFERMEIRO,M,14/10/1968,Válido,10
10777,1067,Suplente,GILBERTO FRANCISCO DA SILVA,IRMÃO GILBERTO DA LIVRARIA,M,07/03/1968,Válido,10
10800,180,Suplente,ROSANGELA KALINA VELOSO DA SILVA CARVALHO DE LIMA,KALINA VELOSO,F,01/11/1971,Válido,10
10044,123,Suplente,JORGE ROSAEL GOMES DA SILVA,PASTOR JORGE,M,09/08/1956,Válido,10
10520,15,Suplente,MARILIA FERNANDES DE LIMA,MARÍLIA FERNANDES,F,23/12/1991,Válido,10
10972,73,Suplente,NIVIA FERREIRA DA SILVA MENEZES,NIVIA FERREIRA,F,14/09/1970,Válido,10
10300,369,Suplente,JULIANO WAGNER SILVA COSTA,JULIANO SILVA,M,09/02/1992,Válido,10
10003,43,Suplente,ASSUERO DE OLIVEIRA TINDO,MISSIONÁRIO ASSUERO TINDÔ,M,17/06/1974,Válido,10
10006,0,Suplente,ANA CLAUDIA MICHELE BARROS CARDOSO,MICHELE BARROS,F,08/04/1978,Válido,10
10111,158,Suplente,JOSÉ GERMANO DE LIRA JUNIOR,GERMANO MANDRAQUE,M,01/05/1963,Válido,10
10056,78,Suplente,ROGÉRIO MANDU DOS SANTOS,ROGÉRIO MANDÚ,M,30/12/1976,Válido,10
10180,6,Suplente,LUCIANO NONATO DA SILVA,LUCIANO PEZÃO,M,20/03/1975,Válido,10
10500,27,Suplente,JOELITO TORRES DA SILVA,JOELITO,M,05/06/1976,Válido,10
10123,56,Suplente,MARGARETE DE BEM DA LUZ,MARGARETE DA MARMITARIA,F,17/08/1972,Válido,10
10007,134,Suplente,WILLIAMS FORTUNATO DE MEDEIROS,WILLIAMS FORTE,M,02/09/1984,Válido,10
10100,187,Suplente,FRANCIELIO BARROS DA CUNHA,HELHINHO BARRA,M,13/05/1975,Válido,10
10043,15,Suplente,JARDENIRA FERNANDES BARBOSA,JARDENIRA,F,08/08/1972,Válido,10
10000,229,Suplente,ANTONIO FERREIRA DE LIMA JUNIOR,ÂNTONIO JÚNIOR,M,20/12/1965,Válido,10
10333,4213,Eleito,FRANCISCO DE ASSIS VALENTIM DA COSTA,BISPO FRANCISCO,M,17/08/1953,Válido,10
10222,314,Suplente,LÍCIO LUAN CÂMARA ARAÚJO,LUAN,M,12/10/1988,Válido,10
10050,27,Suplente,MACIO NASCIMENTO DUARTE,MACINHO O POPULAR,M,28/04/1977,Válido,10
10010,8,Suplente,PAMMELA DE OLIVEIRA EVARISTO DOURADO,PAMELA,F,22/01/1982,Válido,10
19311,118,Não eleito,CELYS BEZERRA DE AZEVEDO,CELYS BEZERRA,M,11/01/1979,Válido,19
19444,289,Não eleito,JANUNCIO DINIZ ROCHA SOBRINHO,JANUNCIO ROCHA,M,28/05/1961,Válido,19
19400,200,Não eleito,MESSIAS LOPES PARAGUAI,MESSIAS PARAGUAI,M,17/08/1965,Válido,19
19222,1022,Não eleito,SANDRESSON DE MENEZES LOPES,SANDRESSON MENEZES,M,05/06/1984,Válido,19
19000,937,Não eleito,MARCO ANTÔNIO DA ROCHA TRIGUEIRO,MARCO NOTICIAS NO FACE,M,23/09/1970,Válido,19
19180,1426,Não eleito,GLACIA MARILLAC AZEVEDO DE MEDEIROS RONDON,GLACIA MARILLAC,F,28/01/1976,Válido,19
19123,58,Não eleito,BRUNO RODRIGUES DA SILVA,BRUNO RODRIGUES,M,05/10/1992,Válido,19
19999,453,Não eleito,EDILANE KELLY LIMA DE BRITO,PROFESSORA KELLY LIMA,F,06/06/1983,Válido,19
19084,47,Não eleito,ALBANITA SANTOS DO NASCIMENTO,ALBA BRASIL,F,16/04/1980,Válido,19
19777,181,Não eleito,ALDAIR DE LUCENA DA SILVA,GARI ALDAIR,M,05/08/1982,Válido,19
51115,2,Não eleito,JOÃO BATISTA PEREIRA GOMES,JOÃO BATISTA,M,20/10/1978,Válido,51
51888,115,Não eleito,JOSÉ LIMA DA COSTA,IRMÃO LIMA,M,22/08/1963,Válido,51
51130,20,Não eleito,JOSE CLAUDIO DA SILVA,JOSÉ CLÁUDIO,M,20/03/1957,Válido,51
51777,60,Não eleito,ALEXSANDRA RODRIGUES DA SILVA FELIPE,ALEXSANDRA RODRIGUES,F,07/03/1982,Válido,51
51000,80,Não eleito,JAZIEL DA SILVA NASCIMENTO,JAZIEL PATRIOTA,M,28/01/1983,Válido,51
51222,27,Não eleito,MARIA DE FÁTIMA GOMES SOARES,FATIMA SOARES,F,22/10/1970,Válido,51
51223,28,Não eleito,MANOEL ARLECIO DE OLIVEIRA,MISSIONÁRIO ARLÉCIO,M,28/04/1965,Válido,51
51007,71,Não eleito,FRANCISCO EUDES DA TRINDADE,EUDES,M,28/01/1965,Válido,51
51321,201,Não eleito,VALECIA MARIA SOUZA SILVA DE ANDRADE,VALECIA ANDRADE,F,20/04/1971,Válido,51
51775,63,Não eleito,JEOVANDO BORJA DA SILVA,JEOVANDO BORJA,M,29/12/1970,Válido,51
51234,53,Não eleito,ADEILTON DA COSTA VITAL,ADEILTON DA GELÉIA ,M,27/09/1985,Válido,51
51300,20,Não eleito,JOAO TOMAZIN,JOÃO TOMAZIN,M,24/10/1967,Válido,51
51120,2,Não eleito,FRANCISCO EILSON PEREIRA,EILSON,M,25/11/1967,Válido,51
51555,2,Não eleito,VERA LUCIA SALES DA SILVA LEANDRO,VERA LÚCIA,F,16/04/1967,Anulado,51
51333,86,Não eleito,LUIZ WILLIAM DA COSTA SILVA,LUIZ WILLIAM,M,03/08/1978,Válido,51
51177,2,Não eleito,AGNES KARINE DA SILVA,KARINE SILVA,F,09/01/1995,Válido,51
51607,29,Não eleito,KAREN DIAS DO NASCIMENTO,BISPA KAREN NASCIMENTO,F,15/04/1981,Válido,51
51123,1,Não eleito,LUANA RODRIGUES DA SILVA BARBOSA,LUANA SILVA ,F,04/09/1999,Anulado,51
51999,25,Não eleito,ANTONIO PEREIRA SOBRINHO,ANTONIO SOBRINHO,M,28/12/1962,Válido,51
51110,63,Não eleito,WALKSON DA SILVA TORRES,WALKSON TORRES,M,08/05/1974,Válido,51
51111,187,Não eleito,HERONILDES BEZERRA DA SILVA,HERÓ BEZERRA,M,03/04/1976,Válido,51
51444,19,Não eleito,RITA DE CASSIA DA CRUZ VIEIRA,NANÁ,F,14/10/1990,Válido,51
13111,363,Suplente,MARIA RITA DE CASSIA OLIVEIRA,MARIA RITA ,F,02/09/1974,Válido,13
13999,468,Suplente,MARCOS ANTONIO SANTANA,MARQUINHOS SINDSUPER,M,27/05/1969,Válido,13
13123,2259,Suplente,DANIEL ARAUJO VALENÇA,DANIEL VALENÇA,M,06/10/1982,Válido,13
13333,235,Suplente,CARLOS CABANAS DE CAMPOS CORTEZ FILHO,PASTOR CABANAS,M,25/05/1964,Válido,13
13222,1788,Suplente,FERNANDO LUCENA PEREIRA DOS SANTOS,FERNANDO LUCENA,M,06/05/1952,Válido,13
13613,5966,Eleito,MARIA DIVANEIDE BASILIO,DIVANEIDE,F,30/05/1978,Válido,13
13444,595,Suplente,PEDRO PAULO CHAVES MATTOS,PEDRO CHE,M,04/06/1986,Válido,13
13331,572,Suplente,LUIZ CARLOS DA SILVA,LUIZ CARLOS PETROLEIRO,M,09/06/1964,Válido,13
13611,770,Suplente,HUGO MANSO JÚNIOR,HUGO MANSO,M,04/09/1959,Válido,13
13113,2901,Eleito,BRISA SILVA BRACCHI,BRISA,F,20/12/1997,Válido,13
13130,184,Suplente,JOSE GARRIDO DE LIMA NETO,DEDE DA PASTORAL,M,26/10/1972,Válido,13
13000,1389,Suplente,YARA VITORIA DOS SANTOS COSTA,YARA COSTA,F,02/03/1996,Válido,13
13013,1842,Suplente,RODRIGO CESAR SOUZA DE MACEDO,RODRIDO BICO,M,23/07/1987,Válido,13
13789,1986,Suplente,ANTONIO JUNIOR DA SILVA,JUNIOR RODOVIARIO,M,20/04/1961,Válido,13
13777,2193,Suplente,ALINE JULIETE DE ABREU FELICIANO,ALINE JULIETE,F,16/09/1989,Válido,13
13456,784,Suplente,JOAS FERREIRA DE ANDRADE,JOAS,M,08/05/1978,Válido,13
45666,158,Suplente,FRANCISCA VIEIRA DO NASCIMENTO DA SILVA,FRANCISCA VIEIRA,F,08/05/1969,Válido,45
45872,42,Suplente,ROGÉRIO CORTEZ DA CUNHA,ROGÉRIO CORTEZ,M,09/09/1987,Válido,45
45335,164,Suplente,JADISON PEREIRA DE MELO,JADISON MELO,M,03/05/1988,Válido,45
45845,1,Não eleito,MARCELIA PACHECO PENHA,MARCELIA PACHECO,F,01/08/1963,Anulado sub judice,45
45298,44,Suplente,FRANCISCO DE ASSIS RODRIGUES,CHICO PRETO,M,01/01/1959,Válido,45
45456,169,Suplente,RIDALVO FELIPE DE LUCENA,RIDALVO,M,18/07/1967,Válido,45
45145,53,Suplente,FRANCISCO PEREIRA DA SILVA,CHICÃO CIDADE NOVA,M,19/08/1956,Válido,45
45333,108,Suplente,DAMÁSO PESSOA DA SILVA,DAMÁSIO,M,11/12/1954,Válido,45
45111,481,Suplente,DAMIÃO ERIECLESIO RÊGO,PEQUENO,M,05/08/1980,Válido,45
45452,167,Suplente,ROBERTO HOLANDA DO NASCIMENTO,ROBERTO HOLANDA,M,21/12/1990,Válido,45
45611,33,Suplente,FRANCILEIDE DYANA BARROS DE MENDONÇA,LEIDE DYANA,F,01/06/1982,Válido,45
45179,61,Suplente,IEDA SALVIANO DE OLIVEIRA,IEDA SALVIANO,F,17/09/1956,Válido,45
45607,3527,Suplente,LUIZ ALMIR FILGUEIRAS MAGALHÃES,LUIZ ALMIR,M,20/04/1953,Válido,45
45444,3801,Eleito,FRANCISCO DAS CHAGAS CATARINO,CHAGAS CATARINO,M,11/02/1966,Válido,45
45123,1117,Suplente,FLAVIANO DAGOBERTO FERREIRA DE ANDRADE,DAGÔ,M,22/12/1949,Válido,45
45888,147,Suplente,CÉLIA REGINA DE MORAIS,CÉLIA REGINA,F,10/06/1968,Válido,45
45255,210,Suplente,LUCINÉIA FLORÊNCIO DE OLIVEIRA MIRANDA DE LIMA,LUCINÉIA FLORÊNCIO,F,31/10/1978,Válido,45
45245,90,Suplente,JARBAS DE OLIVEIRA FILHO,JARBAS,M,13/05/1999,Válido,45
45213,134,Suplente,ROSANGELA MARIA DA SILVA,ROSANGELA SILVA,F,09/03/1962,Válido,45
45356,10,Suplente,FRANCISCO BORGES DA SILVA,BORGES FAIXA DE GAZA,M,30/09/1962,Válido,45
45000,188,Suplente,MÁRCIA NILDA DE SOUZA,MÁRCIA SOUZA,F,14/06/1967,Válido,45
45999,170,Suplente,JUAREZ PEREIRA MACHADO,JUAREZ PEREIRA,M,18/06/1967,Válido,45
45777,464,Suplente,MARCIO HEBER CABRAL DE SOUSA,MARCIO HEBER,M,26/12/1972,Válido,45
45555,4284,Eleito,AROLDO ALVES DA SILVA,AROLDO ALVES,M,31/05/1959,Válido,45
45187,64,Suplente,LUZINETE DA SILVA OLEGÁRIO,LUZINETE OLEGÁRIO,F,10/01/1969,Válido,45
45045,225,Suplente,EIDER ALVES DA SILVA,EIDER ALVES,M,14/12/1963,Válido,45
45222,5409,Eleito,KLEBER FERNANDES DA SILVA,KLEBER FERNANDES,M,14/05/1982,Válido,45
27123,18,Não eleito,ANDRE LUIS SILVA CALDAS,ANDRE LUIS,M,19/10/1972,Válido,27
27007,156,Não eleito,VALQUIRIA DIAS DE SOUZA,VALQUIRIA DIAS,F,13/12/1977,Válido,27
27369,24,Não eleito,WENDELL BATISTA DOS SANTOS,WENDELL BATISTA,M,29/12/1977,Válido,27
27020,23,Não eleito,EDILEUZA MARTINIANO DE MELO,EDILEUZA MARTINIANO,F,21/10/1966,Válido,27
27777,37,Não eleito,ANDERSON EMMANUEL CAMPOS DE LIMA,ANDERSON CAMPOS,M,19/04/1988,Válido,27
27333,35,Não eleito,ELIENE ALVES DA SILVA,ELIENE ALVES,F,30/11/1977,Válido,27
27010,57,Não eleito,SEBASTIAO FERNANDES DA SILVA,SEBASTIÃO SILVA,M,13/07/1961,Válido,27
27027,41,Não eleito,EMILLY FERNANDA DE SOUZA CAMARA,EMILLY FERNANDA,F,13/04/2000,Válido,27
27432,11,Não eleito,RANIER LIMA DE FIGUEREDO,RANIER FIGUEREDO,M,08/06/1992,Válido,27
27277,48,Não eleito,JOSE ANANIAS NETO,JOSE NETO,M,17/08/1966,Válido,27
27000,38,Não eleito,THIAGO LUCENA GALVÃO,THIAGO LUCENA,M,04/12/1992,Válido,27
23222,608,Não eleito,JOSÉ EDILSON FIRMINO SILVA JUNIOR,JÚNIOR GROOVADOR,M,01/12/1983,Válido,23
23000,175,Não eleito,JANSUER RIBEIRO DA COSTA,DR JANSUER RIBEIRO,M,21/05/1988,Válido,23
23666,65,Não eleito,EZIEL DOS SANTOS TEIXEIRA,EZIEL VIGILANTE,M,07/09/1961,Válido,23
23111,26,Não eleito,MARIA DA GUIA DANTAS,DAGUIA DANTAS,F,06/01/1960,Válido,23
23288,37,Não eleito,MARIA DE LOURDES DA SILVA,NOVA,F,28/08/1982,Válido,23
23333,4022,Não eleito,LEONARDO WINICIUS DE SOUZA EUZEBIO,LÉO SOUZA,M,29/12/1987,Válido,23
23888,42,Não eleito,PAMELA CHRISTINA CHAVES DE ALMEIDA,PÂMELA ALMEIDA,F,30/09/1996,Válido,23
23100,69,Não eleito,FRANCISCO HELIO DO NASCIMENTO LOPES,CHICO HÉLIO,M,21/04/1966,Válido,23
23033,20,Não eleito,VALTERCIA BEZERRA DE OLIVEIRA MELO,VAL OLIVEIRA,F,07/11/1981,Válido,23
23456,41,Não eleito,PAULO OVIDIO ANDRADE DE MELO JUNIOR,PAULO OVÍDIO,M,16/12/1998,Válido,23
23567,128,Não eleito,JOÃO MARIA SOARES,JOQUINHA DO BOM PASTOR,M,21/07/1961,Válido,23
70007,409,Suplente,JOSE ITAMAR DINIZ ANDRADE JUNIOR,PROFESSOR ITAMAR,M,24/03/1989,Válido,70
70321,52,Suplente,SIMONE LOPES DA SILVA,SIMONE DO PISADA QUENTE,F,12/10/1968,Válido,70
70333,401,Suplente,AMANDA SUZANE DA SILVA COSTA,AMANDA COSTA ASSISTENTE SOCIAL,F,16/07/1989,Válido,70
70700,451,Suplente,EDILMA CIRILO DA SILVA,IRMÃ EDILMA,F,04/08/1971,Válido,70
70345,11,Suplente,ISABELA CRISTIANA DA SILVA NASCIMENTO,ISABELA NASCIMENTO,F,21/04/1993,Válido,70
70132,24,Suplente,JOSÉ SOARES DOS SANTOS,ZECA SANTOS,M,25/11/1959,Válido,70
70111,1030,Suplente,DIOGO JOSÉ DE ARAUJO ALVES,DIOGO,M,01/01/1982,Válido,70
70300,459,Suplente,FRANCINALDO DA SILVA DANTAS,NALDO COLETIVO AVANTE,M,01/09/1981,Válido,70
70000,399,Suplente,NILTON CESAR ARRUDA FERREIRA,NILTON ARRUDA,M,09/02/1970,Válido,70
70200,30,Suplente,BRENDA MEIRELE MELO DE ARAUJO,BRENDA MELO,F,31/01/1993,Válido,70
70222,79,Suplente,JOSEMEIRE GOMES,MEIRE GOMES,F,27/08/1985,Válido,70
70800,383,Suplente,IVANI ARAUJO DE OLIVEIRA,IVANI ARAUJO,M,28/11/1975,Válido,70
70600,71,Suplente,SHEYLON SOUZA GOMES,SHEYLON SOUZA,M,28/10/1979,Válido,70
70900,16,Suplente,ROBERTA KAROLINA DE OLIVEIRA IRINEU,ROBERTA OLIVEIRA,F,02/05/2000,Válido,70
70244,37,Suplente,FRANCISCO DE ASSIS PAULO FILHO,NEGA MALUCA POTIGUAR,M,21/04/1974,Válido,70
70089,31,Suplente,JANDIRA CARVALHO BARBOSA,JANDIRA BARBOSA,F,13/01/1979,Válido,70
70555,359,Suplente,EVALDO CLÁUDIO ANDRADE CAMPOS,CLAUDIO DA CLAUDIONOR,M,15/06/1973,Válido,70
70500,51,Suplente,JOSÉ MARIA DA SILVA,TOURUM,M,26/03/1981,Válido,70
70070,46,Suplente,JOE LUIZ FERREIRA REIS JUNIOR,XEXÉU,M,20/01/1972,Válido,70
70666,287,Suplente,JOÃO MARIA RICARDO DE ANDRADE LIMA,RICARDO ANDRADE,M,18/12/1982,Válido,70
70879,102,Suplente,JOSÉ JAILSON FELIZARDO DE LIMA,JAILSON LIMA,M,08/05/1973,Válido,70
70122,202,Suplente,JOÃO PAULO ALBINO GOMES,JOÃO PAULO ALBINO,M,27/06/1983,Válido,70
70888,232,Suplente,IGOR FERNANDES XAVIER DE LIMA,IGOR FERNANDES,M,16/10/1980,Válido,70
70789,131,Suplente,FRANCISCO DAS CHAGAS GOMES FILHO,FRANCISCO GOMES,M,18/05/1969,Válido,70
70355,78,Suplente,UDYMAR PESSOA DANTAS CARDOSO,UDYMAR PESSOA,F,02/09/1955,Válido,70
70444,175,Suplente,CLEONILSON ALVES DE OLIVEIRA,CLEONILSON ALVES,M,15/09/1985,Válido,70
70170,47,Suplente,ANNE KAROLINNE MORAIS DE MEDEIROS,ANNE MEDEIROS,F,25/01/1994,Válido,70
70100,17,Suplente,KALIANE OLIVEIRA TOBIAS DA SILVA,KALIANE OLIVEIRA,F,01/08/1989,Válido,70
70999,81,Suplente,JAIRO FERREIRA,JAIRO,M,16/10/1959,Válido,70
70157,33,Suplente,LUIZ MARCELO DA SILVA,MARCELO,M,05/09/1977,Válido,70
70113,68,Suplente,ALBERTO CARLOS DA SILVA,BETO DO ALECRIM,M,13/11/1976,Válido,70
70456,363,Suplente,LUZENILDO CÂMARA DE MORAIS,LUZENILDO MORAIS,M,30/10/1968,Válido,70
70777,40,Suplente,ADEILDO SILAS DE SOUZA,SILAS SOUZA,M,31/01/1974,Válido,70
70125,143,Suplente,CARLOS ANTÔNIO DOS SANTOS DIAS,CARLINHO DO GÁS,M,25/06/1970,Válido,70
70123,3040,Eleito,RANIERE DE MEDEIROS BARBOSA,RANIERE BARBOSA,M,28/10/1964,Válido,70
20700,93,Não eleito,ITAMAR LUIZ MONTEIRO,ITAMAR MONTEIRO,M,29/03/1968,Válido,20
20002,52,Não eleito,GENIVALDO ALVES DA SILVA,GALEGO PROMOÇÃO,M,17/09/1964,Válido,20
20194,46,Não eleito,RAFAEL D'JACKSON DANTAS DA SILVA,CAPELÃO RAFAEL,M,01/12/1994,Válido,20
20888,47,Não eleito,ANDREA KARINE LUCENA DA SILVA,ANDREA KARINE,F,23/09/1985,Válido,20
20777,273,Não eleito,FRANCISCO RIBEIRO DA SILVA,CHICO DA SAÚDE,M,04/12/1973,Válido,20
20193,609,Não eleito,JORGE FERREIRA DE OLIVEIRA FILHO,MAJOR JORGE,M,26/03/1972,Válido,20
20921,9,Não eleito,JACQUELINE SOARES DE SOUSA,SARGENTO JACQUELINE,F,25/08/1971,Anulado sub judice,20
20007,265,Não eleito,WALDEMIR EZEQUIEL DE PAIVA,PROFESSOR WALDEMIR PAIVA,M,13/12/1963,Válido,20
20523,36,Não eleito,GEILSON SILVA DA COSTA,GEILSON COSTA,M,04/08/1978,Válido,20
20220,86,Não eleito,ANA PAULA CAETANO DA SILVA PEREIRA,ANA PAULA CAETANO,F,18/04/1984,Válido,20
20200,92,Não eleito,JUSCELIO JOSUÉ ALVARES,POLICIAL JUSCELIO ALVARES,M,29/06/1982,Válido,20
20666,54,Não eleito,ANTÔNIO PEREIRA DOS SANTOS,SARGENTO SANTOS,M,24/03/1950,Válido,20
20444,56,Não eleito,ADRIANO MARCOS DA SILVA,ADRIANO MARCOS,M,19/06/1973,Válido,20
20222,263,Não eleito,GENILDO DOS SANTOS SILVA,GENILDO DA GERAÇÃO CELULAR,M,09/08/1985,Válido,20
20300,79,Não eleito,LAMECK GALVÃO DA COSTA,LAMECK GALVÃO,M,03/06/1965,Válido,20
20111,301,Não eleito,RUBENS MATIAS DE SOUSA,IRMÃO RUBENS MATIAS,M,18/09/1965,Válido,20
20120,494,Não eleito,BRENO MINORA DE ALMEIDA,BRENO MINORA,M,09/05/1967,Válido,20
20800,16,Não eleito,RENATA ARAUJO DA SILVA E SILVA,RENATA ARAÚJO,F,28/09/1982,Válido,20
20123,1358,Não eleito,JANDERRÊ FRANCO DE ARAÚJO MELO,JANDERRÊ MELO,F,30/08/1975,Válido,20
20223,88,Não eleito,GILMAR SILVA DA COSTA OLIVEIRA,GILMAR COSTA,M,30/12/1982,Válido,20
20999,5,Não eleito,ADRIANA DANTAS CARDOSO,ADRI CARDOSO,F,01/01/1980,Anulado sub judice,20
20145,162,Não eleito,TUÍRA MORAIS AVELINO PINHEIRO,TUÍRA AVELINO,F,24/06/1989,Válido,20
20110,151,Não eleito,JONAS DOUGLAS VICENTE DA SILVA,DOUGLAS LIBERDADE,M,18/05/1990,Válido,20
20321,25,Não eleito,HERIBERTO BEZERRA CHAVES,HERIBERTO BEZERRA,M,26/12/1975,Válido,20
20000,490,Não eleito,JOSE ROBERTO SILVA,MAESTRO JOSÉ ROBERTO,M,12/11/1970,Válido,20
20190,530,Não eleito,SANDRA MARIA ANTUNES VASCONCELOS DE NEGREIROS,SANDRA VASCONCELOS,F,24/08/1965,Válido,20
20022,102,Não eleito,JEANNE CHRISTIANNE DE OLIVEIRA ESTEVAM GONÇALVES,CHRIS ESTEVAM,F,09/09/1974,Válido,20
20100,118,Não eleito,FÁBIO DOS SANTOS VALLE,SUBTENENTE FÁBIO VALLE,M,19/05/1971,Válido,20
20333,230,Não eleito,HAROLDO LIMA DA COSTA,DIÁCONO HAROLDO LIMA,M,23/09/1965,Válido,20
20555,505,Não eleito,DELCINDO MASCENA DOS SANTOS,DELCINDO MASCENA,M,09/04/1967,Válido,20
55610,3490,Eleito,ANTONIO FRANCO DE AQUINO NETO,PRETO AQUINO,M,11/01/1977,Válido,55
55607,108,Suplente,PÔNCIO PILATOS DA SILVA,PÔNCIO PILATOS,M,24/11/1975,Válido,55
55123,635,Suplente,ANA VALERIA BARBALHO CAVALCANTI,VALÉRIA CAVALCANTE,F,02/05/1958,Válido,55
55777,1090,Suplente,SEBASTIÃO BEZERRA CAMPOS,DR SEBASTIÃO CAMPOS,M,15/01/1976,Válido,55
55345,258,Suplente,FRANCISCO CONSTANTINO SOBRINHO,CONSTANTINO DE NOVA REPÚBLICA,M,06/10/1968,Válido,55
55444,252,Suplente,GIVANISE ALVES DA SILVA,GIL ALVES,F,04/03/1965,Válido,55
55666,1417,Suplente,MARIA DA CONCEIÇÃO NETA ROCHA,MARIA CARVALHO,F,31/03/1978,Válido,55
55999,615,Suplente,ADEILZE SILVA DOS SANTOS,ADEILZE DA GUARDA,F,09/06/1976,Válido,55
55678,493,Suplente,JOÃO MARIA DO NASCIMENTO,JOÃO MARIA CORRETOR,M,14/02/1963,Válido,55
55055,186,Suplente,SÉRGIO CESÁRIO DA SILVA,SERGINHO,M,28/07/1978,Válido,55
55369,160,Suplente,ROBSON PEREIRA GOMES,ROBSON SÊMOG,M,28/08/1972,Válido,55
55888,889,Suplente,SONIA MARIA SILVA,LADY DAY,F,25/07/1960,Válido,55
55147,345,Suplente,LUIZ GONZAGA COSTA DE LIMA,GONZAGA,M,01/05/1966,Válido,55
55321,395,Suplente,LUCIANO GOMES CAVALCANTI,ENFERMEIRO LUCIANO,M,26/10/1967,Válido,55
55234,392,Suplente,HERONILSON MANGABEIRA BEZERRA DE ARAUJO,HERON MANGABEIRA,M,13/01/1975,Válido,55
55601,324,Suplente,FABIO BERNARDINO DE ANDRADE,KAFÉ,M,06/11/1975,Válido,55
55077,72,Suplente,UARTA DANTAS DA SILVA AMORIM,UARTA DANTAS,F,16/08/1979,Válido,55
55686,130,Suplente,FRANCISCO CANINDÉ DE SENA,SENA DA REFRIGERAÇÃO,M,11/07/1953,Válido,55
55190,949,Suplente,SHEILA MARIA FREITAS DE SOUZA FERNANDES E MELO,DELEGADA SHEILA,F,30/08/1965,Válido,55
55192,159,Suplente,FERNANDA PEREIRA DE OLIVEIRA,FERNANDA DO PRAE,F,30/04/1986,Válido,55
55500,207,Suplente,MARGARIDA MARIA TRINDADE,MARGARIDA TRINDADE,F,27/09/1952,Válido,55
55100,163,Suplente,SEVERINA ALVES,SEVERINA ALVES,F,01/05/1967,Válido,55
55193,131,Suplente,CYNTHIA MARIA DOS SANTOS FAGUNDES,CYNTHIA FAGUNDES,F,28/04/1975,Válido,55
55033,169,Suplente,EDIVALDO VITORINO DOS SANTOS,VAVA DA ÓTICA,M,26/11/1969,Válido,55
55710,190,Suplente,FRANCISCO DAS CHAGAS DA SILVA ALMEIDA,CHICO AMBULANTE,M,27/03/1966,Válido,55
55644,108,Suplente,MARCOS ANTONIO DA COSTA,MARCOS DO POTENGI,M,13/03/1963,Válido,55
55000,393,Suplente,LEÔNCIO AUGUSTO QUEIROZ DA SILVA,LEÔNCIO QUEIROZ,M,23/09/1955,Válido,55
55007,533,Suplente,MIQUEIAS JESUS MARTINS CRUZ,MIQUEIAS CRUZ,M,01/04/1988,Válido,55
55222,103,Suplente,TASSO ANTONIO DANTAS,TASSO DA SAÚDE,M,11/11/1952,Válido,55
55410,70,Suplente,IVANILSON JUSTINO FERREIRA,PROFESSOR IVANILSON JUSTINO,M,02/11/1968,Válido,55
55454,84,Suplente,JOSÉ IVANALDO DA SILVA,IVANALDO SILVA,M,12/05/1975,Válido,55
55789,2447,Eleito,CAMILA ROUSE DE ARAUJO CABRAL,CAMILA ARAUJO,F,26/11/1988,Válido,55
55125,328,Suplente,FRANCISCA DIVANEIDE ANDRADE,PROFESSORA DIVA,F,28/01/1964,Válido,55
55880,269,Suplente,JONAS PENHA DE ARAUJO,JONAS PENHA,M,27/02/1985,Válido,55
55510,133,Suplente,JOSÉ GERALDO FORTE DOS SANTOS FERNANDES,GERALDO FORTE,M,21/04/1974,Válido,55
55333,712,Suplente,MARCILIO RIBEIRO BARACHO,MARCILIO RIBEIRO,M,06/12/1977,Válido,55
55111,323,Suplente,GIORGIO BRUNO DA CRUZ COSTA,BRUNO COSTA,M,25/11/1983,Válido,55
55014,349,Suplente,LUIZ BEZERRA DA SILVA NETO,LUIZ NETO TAXISTA,M,06/09/1981,Válido,55
55432,130,Suplente,FRANCISCA MOURA PEREIRA CÂMARA,FRANCISCA MOURA,F,15/04/1969,Válido,55
55525,314,Suplente,VALDA MARIA PEREIRA LEONEZ,VALDA MARIA,F,07/08/1964,Válido,55
55555,184,Suplente,KELLY KENNYA MAIA DE MORAIS,KELLY MAIA MEU AMOR,F,15/11/1980,Válido,55
55433,139,Suplente,JEAN CARLOS DE MOURA BERNARDINO,JEAN DO ALTERNATIVO,M,06/07/1976,Válido,55
55456,879,Suplente,AUGUSTO HENRIQUE BARBOSA VARELLA,AUGUSTO VARELLA,M,06/02/1968,Válido,55
17777,555,Não eleito,JOSÉ LUIZ GONDIN SANTOS,CAPITÃO GONDIN,M,05/03/1964,Válido,17
17017,89,Não eleito,RONALDO FERREIRA DE MELO,SUBOFICIAL FERREIRA,M,16/04/1964,Válido,17
17100,22,Não eleito,CARLOS ROBERTO RONCONI,ROBERTO RONCONI,M,09/01/1949,Válido,17
17005,62,Não eleito,JOSÉ BENÍCIO DA SILVA,TENENTE BENÍCIO,M,23/07/1952,Válido,17
17744,18,Não eleito,IVONEIDE VALÉRIA NEPOMUCENO DOS SANTOS,VALERIA DE CIDADE NOVA,F,24/01/1974,Válido,17
17001,250,Não eleito,JOSÉ HILDEMBERG NEPOMUCENO DOS SANTOS,SGT NEPOMUCENO,M,13/02/1977,Válido,17
17444,72,Não eleito,JÔNATAS DE FRANÇA BARROS,PROFESSOR JÔNATAS BARROS,M,01/09/1960,Válido,17
17066,0,Não eleito,JANAÍNA ALVES DA SILVA DE LIMA,JANAÍNA ALVES,F,27/11/1991,Válido,17
17333,208,Não eleito,RONALDO ADRIANO DANTAS,PASTOR RONALDO DANTAS,M,07/08/1975,Válido,17
17000,126,Não eleito,EDUARDO FELIPE MIGUEL DE LIMA,PASTOR EDUARDO,M,01/10/1977,Válido,17
17111,26,Não eleito,DAVID MARQUES DE NORONHA,DAVID NORONHA,M,17/11/1978,Válido,17
17666,39,Não eleito,GLÁUCIA BRENA PEREIRA SALES,ENFERMEIRA GLÁUCIA SALES,F,06/04/1980,Válido,17
17002,75,Não eleito,FERNANDA DE PAIVA JUSTINO,FERNANDA PAIVA,F,17/05/1984,Válido,17
50222,1144,Suplente,VICTOR VARELA FERREIRA MEDEIROS DE OLIVEIRA,VICTOR VARELA,M,02/02/1988,Válido,50
50505,11,Suplente,WALKIRIA KOZAKEVIC,WALKIRIA KOZAKEVIC,F,04/07/1958,Válido,50
50250,93,Não eleito,MARCELO DE MELO ROCHA,MARCELO DE MELO,M,10/02/1975,Anulado sub judice,50
50007,54,Suplente,BRENO DA SILVA PEQUENO,BRENO MAGAIVE,M,22/08/1973,Válido,50
50888,45,Suplente,GERALDO LOPES GONDIM NETO,GERA DO POLVO,M,14/01/1982,Válido,50
50000,1886,Eleito,ROBERIO PAULINO RODRIGUES,ROBERIO PAULINO,M,29/05/1957,Válido,50
50567,64,Não eleito,FRANCISCO JULIMAR DA SILVA PEREIRA,NENEM DE BEL,M,02/08/1984,Anulado sub judice,50
50001,19,Suplente,ADRIANA VALERIA DA SILVA,ADRIANA VALÉRIA,F,01/06/1973,Válido,50
50201,18,Suplente,JOÃO LUIZ PEREIRA,J L P JOÃO LUIZ PEREIRA,M,24/06/1954,Válido,50
50333,210,Suplente,LUIZ ANTONIO MIRANDA,LUIZ ANTONIO,M,01/10/1960,Válido,50
50234,16,Suplente,GILMAR BEZERRA GOMES,AMADO BATISTA COVER,M,12/09/1962,Válido,50
50456,69,Suplente,BRUNO RENAN DE OLIVEIRA MENESES,BRUNO RENAN,M,11/08/1990,Válido,50
50220,14,Suplente,WASHINGTON LUIZ TEIXEIRA DE PALHARES,LUIZ EDUARDO,M,26/06/1973,Válido,50
50180,1778,Suplente,CAMILA BARBOSA DOS SANTOS,CAMILA DO JUNTAS,F,10/05/1996,Válido,50
50100,356,Suplente,LUCIANO RIBEIRO FALCÃO,LUCIANO DA BANCADA COLETIVA,M,26/02/1979,Válido,50
50999,105,Suplente,JOBSON GALDINO DE MACEDO JUNIOR,JOBSON DIVERCIDADE,M,22/05/1981,Válido,50
50666,75,Suplente,LUIZ CARLOS CAMARA BEZERRA,LUIZ CARLOS CAMARA,M,24/01/1970,Válido,50
50110,773,Suplente,JOSEMARY DA SILVA FREIRE,JOSY,F,17/06/1975,Válido,50
50223,90,Suplente,ALDANIR SILVA DE CARVALHO,ALDANIR CASCATA,M,02/01/1963,Válido,50
50444,813,Suplente,LUIS CARLOS NORONHA E SOUSA,PROFESSOR LUIS CARLOS,M,26/03/1966,Válido,50
50005,29,Suplente,VALERIA CABRAL NASCIMENTO ROCHA,VALERIA ROCHA,F,15/12/1962,Válido,50
50111,41,Suplente,INGRID CRISTINA DE OLIVEIRA ANDRADE,INGRID ANDRADE,F,03/05/1974,Válido,50
50321,82,Suplente,FABIO HENRIQUE COSTA DA SILVA,FABIO COSTA,M,26/06/1979,Válido,50
50555,242,Suplente,JEANE FERREIRA DE SOUZA,JEANE SOUZA,F,27/09/1975,Válido,50
50525,22,Suplente,MARIA DE FÁTIMA DE LIMA VARELA,FAFÁ VARELA,F,25/05/1957,Válido,50
50777,68,Suplente,RONALDO TAVARES DA SILVA,RONALDO TAVARES,M,02/02/1971,Válido,50
50122,92,Suplente,JOSE DE JESUS DA SILVA,JOSE DE JESUS,M,05/06/1970,Válido,50
50242,69,Suplente,MARIA LUCIA DO NASCIMENTO ARAUJO,MARIA LUCIA TERCEIRIZADOS,F,24/05/1965,Válido,50
50123,806,Suplente,TATIANE CRISTINA RIBEIRO,TATI RIBEIRO,F,21/12/1988,Válido,50
50151,148,Suplente,JOSENILSON NASCIMENTO DA SILVA,JOSENILSON VIGILANTE,M,21/03/1974,Válido,50
50051,114,Suplente,GEOMAR GOMES DE MAIA,GEOMAR MAIA,M,29/04/1962,Válido,50
90223,230,Suplente,JOSIMAR SOARES DA SILVA,DODA MOTOBOY,M,16/11/1975,Válido,90
90123,1260,Suplente,SUELDO FLORÊNCIO DE MEDEIROS COSTA,SUELDO MEDEIROS,M,21/12/1961,Válido,90
90324,103,Suplente,ROBERTO COSME DE VASCONCELOS,ROBERTO COSME,M,19/04/1970,Válido,90
90456,821,Suplente,EDUARDO ANDRADE SILVA,EDUARDO PROPAGANDA,M,21/09/1972,Válido,90
90128,139,Suplente,ROSINALDO LAURENTINO BATISTA,BOLA DO ALECRIM,M,05/04/1973,Válido,90
90111,2291,Eleito,MARGARETE RÉGIA DE LIMA,MARGARETE RÉGIA,F,27/02/1965,Válido,90
90777,151,Suplente,NIDIA KARENINA MACHADO DE SOUZA,NIDIA KARENINA ADVENTISTA,F,26/09/1972,Válido,90
90220,87,Suplente,JOÃO MARIA DUARTE,JOÃO DAS RODAS,M,24/10/1970,Válido,90
90789,537,Suplente,GYANKARLA MENDES ALVARES DE MELO,KARLA ÁLVARES,F,13/04/1974,Válido,90
90000,615,Suplente,ALINE LIMA FERNANDES,ALINE FERNANDES,F,22/03/1983,Válido,90
90007,591,Suplente,JÚLIO CÉSAR DE OLIVEIRA RIBEIRO,JÚLIO RIBEIRO,M,02/02/1988,Válido,90
90226,161,Suplente,EVERLANDO DA SILVA CLEMENTE PAULO,EVERLANDO SILVA,M,17/08/1986,Válido,90
90110,90,Suplente,ADELMO BATISTA DE SOUZA,ADELMO BATISTA,M,16/06/1981,Válido,90
90077,86,Não eleito,MARIA DE FÁTIMA MEDEIROS DE JESUS,FAFÁ MEDEIROS,F,21/03/1953,Anulado sub judice,90
90185,175,Suplente,IVAMAR RODRIGUES DA FONSECA,IVAMAR RODRIGUES,M,18/04/1975,Válido,90
90333,1100,Suplente,CLAUDIA SEVERIANO DOS SANTOS,CLÁUDIA XAVIER,F,15/07/1973,Válido,90
90124,1221,Suplente,JOSÉ RICARDO SOUSA DA COSTA,RICARDINHO DO PLANALTO,M,28/02/1970,Válido,90
90206,17,Suplente,SÂMARA RAFAELA FRANCA DA SILVA,SÂMARA RAFAELA,F,20/06/1991,Válido,90
90222,174,Suplente,JANE CELI XAVIER DA SILVA,IRMÃ JANE,F,15/01/1965,Válido,90
90852,69,Suplente,MARCOS ANTÔNIO DE ARAÚJO FREIRE,MARCOS FREIRE,M,27/08/1950,Válido,90
11113,11,Suplente,MILIANE SILVA DO NASCIMENTO,MYLLA ENFERMEIRA,F,04/07/1995,Válido,11
11117,41,Suplente,PAULO PEREIRA,PEREIRA,M,25/04/1964,Válido,11
11888,87,Suplente,EDNALDO FAUSTINO CRUZ JUNIOR,EDNALDO FAUSTINO,M,30/01/1976,Válido,11
11000,1768,Suplente,CÍCERO ALVES MARTINS,CÍCERO MARTINS,M,30/08/1970,Válido,11
11444,351,Suplente,ANTONIO VALMIR DA SILVA JUNIOR,VALMIR,M,25/09/1964,Válido,11
11121,12,Suplente,SHEILA MARIA PINHEIRO PEIXOTO,SHEILA PEIXOTO,F,06/03/1984,Válido,11
11016,832,Suplente,LUCIANA OLIVEIRA MONTEIRO,LUCIANA MONTEIRO,F,18/03/1963,Válido,11
11123,15,Não eleito,MARCIO ANACLETO ROCHA,MARCINHO,M,08/08/1981,Anulado sub judice,11
11333,280,Suplente,JOSE ARISTOTELES CHAVES,DR ARISTOTELES,M,12/11/1955,Válido,11
11116,54,Suplente,ESDRAS MYCHEL GOMES ALVES,ESDRAS MYCHEL,M,21/01/1987,Válido,11
11100,1788,Suplente,JOSE HUMBERTO DA SILVA,ZÉ HUMBERTO,M,17/11/1969,Válido,11
11200,210,Suplente,PAULO DE ALBUQUERQUE PEIXE JUNIOR,PAULO PEIXE,M,31/05/1966,Válido,11
11818,15,Suplente,SHEYLA DO AMOR DIVINO CLAUDINO,SHEYLA DE NATAL,F,29/07/1988,Válido,11
11345,48,Suplente,DAVIDSON DANIBEL RAVES COPER ALVES DE OLIVEIRA COELHO PEREIRA,DAVIDSON DR COPER,M,23/10/1965,Válido,11
11666,142,Suplente,EDUARDO DANIEL RAFAEL DO NASCIMENTO GOMES,DANIEL GOMES,M,30/05/1990,Válido,11
11011,160,Suplente,LUIS EDUARDO ALVES LAGO,PROFESSOR EDUARDO LAGO,M,01/03/1972,Válido,11
11700,859,Suplente,LUAN JACOME DE LIMA,PROFESSOR LUAN,M,27/01/1994,Válido,11
11222,48,Suplente,LUCIMAR GOMES DA SILVA,LUCIMAR GOMES,F,30/05/1975,Válido,11
11007,148,Suplente,HELDER JACKSON MEDEIROS MENEZES,HELDER MENEZES,M,12/01/1981,Válido,11
11115,321,Suplente,FAGNER MENDES DE ALMEIDA,FAGNER ALMEIDA,M,21/02/1989,Válido,11
11577,105,Suplente,ISAIAS PAIVA DE MACEDO,ISAIAS MACEDO,M,24/01/1969,Válido,11
11112,47,Suplente,JOSE OSIPAULO GOMES,PAULO GOMES,M,06/01/1974,Válido,11
11300,51,Suplente,GILVANIA SILVA NASCIMENTO,GILVANIA SILVA NASCIMENTO,F,28/11/1980,Válido,11
11126,151,Suplente,ISEQUIAS CARDOZO SABINO,ISEQUIAS LEE,M,05/08/1975,Válido,11
11555,97,Suplente,ALINE KARLA ARAUJO DE LIMA,ALINE KARLA,F,14/08/1984,Válido,11
11111,3101,Eleito,TERCIO BARRETO RAMOS TINÔCO,TÉRCIO TINÔCO,M,17/06/1987,Válido,11
11177,11,Suplente,JADY WYLLANE DA SILVA PEREIRA,JADY SILVA,F,11/08/1993,Válido,11
11212,32,Suplente,RAQUEL LOUVAIN MONTEIRO DE SIQUEIRA,RAQUEL LOUVAIN,F,02/02/1981,Válido,11
11234,463,Suplente,JULIANA CARRERAS DE SIQUEIRA,JULIANA CARRERAS,F,07/02/1983,Válido,11
11321,71,Suplente,MARCOS JOSE MAXIMIANO DA SILVA CARDOSO,MARQUINHOS CABEÇÃO,M,10/03/1967,Válido,11
11999,61,Suplente,DIOGO FERNANDES CIPRIANO,DIOGO CIPRIANO,M,12/12/1983,Válido,11
15900,2,Suplente,VANESSA FERREIRA DE LIMA,VENESSA LIMA,F,13/07/1992,Válido,15
15777,291,Suplente,JEAN CARLOS DE FRANÇA FREITAS,JEAN CARLOS,M,11/02/1986,Válido,15
15222,1136,Suplente,MARLENE RAMALHO DE CASTRO MACEDO,MARLENE RAMALHO,F,11/12/1965,Válido,15
15300,157,Suplente,JOAQUIM MANOEL DIAS DA SILVA,JOAQUIM DIAS,M,18/12/1982,Válido,15
15678,354,Suplente,JOÃO MARIA DE SOUZA,JOÃO MARIA DA ILUMINAÇÃO,M,13/12/1959,Válido,15
15555,631,Suplente,KATIA MARIA LOBO NUNES,DRA KÁTIA NUNES,F,01/11/1960,Válido,15
15221,22,Suplente,EUGÊNIA FLÁVIA LOPES,FLÁVIA LOPES,F,06/11/1974,Válido,15
15567,300,Suplente,MARIA DO ROSARIO DE OLIVEIRA,ROSARIO CONTADORA,F,14/10/1955,Válido,15
15200,1149,Suplente,PAULO CÉSAR PEREIRA,PAULO ENFERMEIRO,M,12/08/1967,Válido,15
15333,80,Suplente,JOÃO MARIA MORAIS FERREIRA,IRMÃO JOÃO MARIA,M,09/04/1974,Válido,15
15566,92,Suplente,MIKAELA BRUNA SANTOS DE MELO,MIKAELA MELO,F,26/07/1995,Válido,15
15500,577,Suplente,JAILSON SANTANA,NENEM SANTANA,M,22/04/1980,Válido,15
15888,545,Suplente,ALEXSANDRO DA COSTA TOMAZ,ALEX TOMAZ,M,12/05/1984,Válido,15
15007,146,Suplente,JONATH JOSE DA SILVA DE PAULA,JONATH SILVA,M,12/05/1992,Válido,15
15155,314,Suplente,SERGIO MENESES PASTEL,SERGIO PASTEL,M,09/06/1969,Válido,15
15100,478,Suplente,ADENISE AQUINO DE LIMA,ADENISE AQUINO,F,27/02/1977,Válido,15
15789,121,Suplente,NILTON ALEXANDRE GUEDES DA SILVA,PROFESSOR SOMBRA,M,29/01/1971,Válido,15
15234,20,Suplente,FRANCISCO BATISTA COSTA,CHICO DOS GRAFICOS,M,23/10/1939,Válido,15
15600,39,Suplente,FILLIPE MARCOLINO DE ARAUJO LIMA,MARCOLINO,M,15/01/1998,Válido,15
15660,149,Suplente,JACIRA ALVES RIBEIRO,JACIRA ALVES,F,06/07/1968,Válido,15
15123,1043,Suplente,TÁCIO DE ANDRADE BEZERRA CAVALCANTI,TÁCIO CAVALCANTI,M,17/07/1993,Válido,15
15551,35,Suplente,GILZA LOURENCO TEIXEIRA,GILZA COBRADORA AMIGA,F,04/11/1970,Válido,15
15000,1644,Suplente,MARCIO GOMES DOS SANTOS,MARCIO GOMES,M,31/03/1973,Válido,15
15033,31,Suplente,ADELMA FELIX SOARES,ADELMA FELIX,F,26/07/1971,Válido,15
15111,502,Suplente,RENATO PEREIRA BEZERRA,RENATO BEZERRA,M,13/05/1981,Válido,15
15655,396,Não eleito,ANTONIO CARLOS JESUS DOS SANTOS,CARLOS SANTOS,M,02/05/1965,Anulado sub judice,15
15800,36,Suplente,GERSON DA SILVA VICENTE,SARGENTO VICENTE,M,30/12/1975,Válido,15
15999,383,Suplente,KLEBER OLIVEIRA DE SOUZA,KLEBER OLIVEIRA,M,01/04/1982,Válido,15
15191,197,Suplente,ANTONIEL MARTINS DOS SANTOS,ANTONIEL MARTINS,M,16/11/1976,Válido,15
15444,1347,Suplente,ITANILDO DOS REIS DE OLIVEIRA,ITANILDO REIS,M,09/06/1964,Válido,15
15223,475,Suplente,MÁRCIO BORGES BARBOZA,MARCIO BORGES,M,07/04/1988,Válido,15
15345,126,Suplente,LINIETE OLIVEIRA,NETA DO POVO,F,28/10/1973,Válido,15
15015,104,Suplente,RICKSON MIRELLY FAUSTINO DE ARAUJO,RICKSON MIRELLY,M,23/07/1983,Válido,15
15133,3040,Eleito,ERIKO SAMUEL XAVIER DE OLIVEIRA,ERIKO JÁCOME,M,31/12/1984,Válido,15
15150,4,Suplente,JOSUE CLOVIS DE ARAÚJO,JOSUÉ ARAUJO,M,20/12/1988,Válido,15
15767,174,Suplente,TECIO FRANCISCO DAS CHAGAS COSTA,TERCIO COSTA,M,07/07/1967,Válido,15
14707,122,Suplente,MARIA IRENE FERREIRA DE QUEIROZ,IRENE QUEIROZ,F,14/03/1972,Válido,14
14888,962,Suplente,FABIAN VARGAS SOLIZ DE BRITO,FABIAN VARGAS,M,02/08/1969,Válido,14
14999,709,Suplente,FLÁVIO JOSÉ PEIXOTO,FLÁVIO PEIXOTO,M,24/09/1958,Válido,14
14333,1629,Suplente,JOÃO BATISTA FERREIRA TORRES,JOÃO BATISTA TORRES,M,26/06/1978,Válido,14
14441,1933,Suplente,MARIO SÉRGIO DE OLIVEIRA,PROFESSOR MÁRIO SÉRGIO,M,02/08/1953,Válido,14
14233,921,Suplente,ALEXANDRE SILVA,XANDÃO,M,25/11/1965,Válido,14
14111,1362,Suplente,SILVIO DE ARAUJO DANTAS,SILVIO DANTAS,M,21/04/1972,Válido,14
14014,33,Suplente,NILZA HENRIQUE BEZERRA,NILZA BEZERRA,F,12/12/1949,Válido,14
14321,156,Suplente,JOSEANE KARLA DE OLIVEIRA,JOSI KARLA,F,07/07/1981,Válido,14
14100,2022,Suplente,SIRLENO RAIMUNDO DA SILVA JÚNIOR,SIRLENO JÚNIOR,M,24/10/1988,Válido,14
14555,3109,Eleito,ANTONIO GEOVANE ARAUJO PEIXOTO,PEIXOTO,M,01/10/1960,Válido,14
14007,441,Suplente,GERLANDIA TERESA VIANA SANTIAGO,TERESA VIANA,F,18/04/1975,Válido,14
14556,894,Suplente,FRANCISCO BEZERRA JUNIOR,JUNIOR BEZERRA,M,21/08/1979,Válido,14
14778,171,Suplente,VILMA TERTO DA SILVA,VILMA DA SILVA,F,28/03/1964,Válido,14
14455,3,Suplente,MARIA APARECIDA SILVA DE LIMA,CIDINHA,F,10/05/1975,Válido,14
14000,1124,Suplente,ALEXANDRE MARIO TEIXEIRA NUNES,ALEXANDRE TEIXEIRA,M,16/06/1981,Válido,14
14123,3464,Eleito,STANLEY LUCIANO DA SILVA NASCIMENTO,LUCIANO NASCIMENTO,M,13/07/1981,Válido,14
14777,98,Suplente,CHIRSTOPHER JOSEPH ARAUJO DE MARIA,NINO BUGUEIRO,M,19/05/1977,Válido,14
14001,370,Suplente,HUGO MENDES DA SILVA,HUGO DANKA,M,18/12/1985,Válido,14
14678,2751,Eleito,HERMES CAMARA DE SOUZA,HERMES,M,09/03/1979,Válido,14
14222,523,Suplente,FRANCISCO ADEIRTON FÉLIX DA SILVA,ADEILTON SILVA,M,08/03/1966,Válido,14
14567,2150,Suplente,CLÁUDIO JOSÉ DA COSTA CUSTÓDIO,CLÁUDIO CUSTÓDIO,M,22/06/1981,Válido,14
14456,2151,Suplente,ANTONIO JUSCICLEITON SILVA,CLEITON DA POLICLINICA,M,07/07/1968,Válido,14
14077,177,Suplente,MARIA HELENA DO NASCIMENTO,MARIA HELENA,F,05/11/1967,Válido,14
14122,116,Suplente,RICARDO SÉRGIO DE CARVALHO FEITOSA,CADINHO,M,09/03/1964,Válido,14
14110,205,Suplente,FRANCISCO DAMIÃO BARBOSA,DAMIÃO DA BORRACHARIA,M,07/04/1961,Válido,14
14666,49,Suplente,MARCELO DE SOUSA MOURA JUNIOR,MARCELO MOURA,M,16/04/1967,Válido,14
14169,136,Suplente,LEONEL BONIFÁCIO LEITE TIBURCIO,LEONEL LEITE,M,24/03/1958,Válido,14
14144,59,Suplente,SUZETE BRAGA BEZERRA,SUZETE BRAGA,F,19/11/1961,Válido,14
43030,98,Suplente,ONALDO JOSÉ PEREIRA SANTOS,ONALDO SANTOS,M,11/04/1972,Válido,43
43101,11,Suplente,ANNA MARIA CAVALCANTI DOS SANTOS NOBREGA,ANNA CAVALCANTI,F,25/05/1965,Válido,43
43143,294,Suplente,WYLLYS ABEL FARKATT TABOSA,PROFESSOR WYLLYS,M,21/01/1964,Válido,43
43001,56,Suplente,FERNANDA SANTOS PEIXOTO,FERNANDA PEIXOTO,F,29/09/1991,Válido,43
43323,1544,Suplente,MANOEL MILANO SOARES MÁXIMO,DR. MILANO MÁXIMO,M,22/12/1978,Válido,43
43888,35,Suplente,MIZAEL PINHEIRO DE LIMA,IRMÃO MIZAEL,M,06/07/1971,Válido,43
43222,2341,Suplente,MAURÍCIO GURGEL PRAXEDES FILHO,MAURÍCIO GURGEL,M,22/07/1988,Válido,43
43300,1967,Suplente,ALBANY SALUSTINO FERNANDES DUTRA,ALBANY DUTRA,M,31/07/1971,Válido,43
43999,1287,Suplente,GERALDO SOUZA PINHO ALVES,DR. GERALDO PINHO,M,24/12/1981,Válido,43
43333,80,Suplente,ENÉZIO XAVIER DE PAIVA JÚNIOR,PAIVA GÊMEOS,M,18/11/1984,Válido,43
43043,62,Suplente,MARIA JOSÉ FERNANDES NETA,MARIA JOSÉ FERNANDES,F,27/06/1983,Válido,43
43122,271,Suplente,ISAÍAS BATISTA DA CRUZ,ISAIAS MIRANDINHA,M,02/02/1968,Válido,43
43321,163,Suplente,BEVERLY IANE RAMALHO BEZERRA,BEBEL DO APLICATIVO,F,21/06/1991,Válido,43
43000,25,Suplente,EDNILZA GOMES E SILVA,EDNILZA GOMES,F,06/08/1965,Válido,43
43007,53,Suplente,ELIADA RODRIGUES DA SILVA,ELIADA RODRIGUES,F,03/07/1977,Válido,43
43190,71,Suplente,KENEDS ANTONIO XAVIER,SARGENTO KENNEDY,M,28/09/1962,Válido,43
43200,139,Suplente,HERMES MEDEIROS SANTOS FILHO,HERMES MEDEIROS,M,24/07/1960,Válido,43
43430,34,Suplente,ROSANA MARA MAZARO,ROSANA MAZARO,F,21/04/1964,Válido,43
43433,667,Suplente,MARTA MARIA SILVA CÂMARA,AMORA BRAYAN,F,10/01/1961,Válido,43
43123,195,Suplente,CARLOS ALEXANDRE DA SILVA PEREIRA,CARLOS ALEXANDRE,M,27/06/1978,Válido,43
43369,43,Suplente,CAMILA KAILENE DA SILVA,CAMILA DAS ROCAS,F,10/12/1992,Válido,43
43223,72,Suplente,JOSÉ MARCELINO DA SILVA FILHO,MARCELINO,M,11/09/1949,Válido,43
43456,550,Suplente,JOIRAN MEDEIROS DA SILVA,PROFESSOR JOIRAN MEDEIROS,M,31/12/1960,Válido,43
43125,18,Suplente,FRANCISCO DE ASSIS DE SOUZA,ASSIS FOFINHO,M,20/07/1971,Válido,43
43020,149,Suplente,DAMIÃO PEREIRA DA SILVA,DAMIÃO PEREIRA,M,01/05/1972,Válido,43
43334,6,Suplente,DENISE PAIVA DOS SANTOS,DENISE PAIVA,F,23/07/1990,Válido,43
43444,341,Suplente,RONIELE DOS SANTOS,PROFESSOR RONIELE SANTOS,M,25/12/1986,Válido,43
43343,402,Suplente,SÁVIO XIMENES HACKRADT,SÁVIO HACKRADT,M,20/10/1956,Válido,43
43777,556,Suplente,RIVALDO FERNANDES PEREIRA,PROFESSOR RIVALDO,M,06/10/1954,Válido,43
43111,252,Suplente,JOÃO BATISTA FRUTUOSO,JOÃO BATISTA FRUTUOSO E LUCIAN,M,05/06/1962,Válido,43
43789,221,Suplente,JOÃO MARIA INOCÊNCIO CAMPELO,JOÃO DO VALE,M,31/10/1979,Válido,43
43655,344,Suplente,RONIVALDO ESTEVAM SOARES,RONY DA AMBULÂNCIA,M,24/03/1971,Válido,43
43100,2721,Eleito,MILKLEI LEITE DE FARIAS,MILKLEI LEITE,M,05/03/1978,Válido,43
16789,95,Não eleito,ALEXANDRE GUEDES FERNANDES,ALEXANDRE GUEDES,M,07/11/1964,Válido,16
16456,57,Não eleito,JOÃO MARIA SILVINO DE ASSIS,SILVINO BAÚ,M,13/03/1966,Válido,16
16123,139,Não eleito,LUCIANA LIMA DA SILVA,LUCIANA LIMA,F,14/12/1969,Válido,16
35500,453,Não eleito,DAVID SANTIAGO DE SOUSA,DAVID SANTIAGO,M,05/09/1978,Válido,35
35192,252,Não eleito,SERGIO LUIZ SIMPLICIO DE SOUSA,SÉRGIO CÔCO,M,02/04/1965,Válido,35
35009,63,Não eleito,FABIANO COSTA DOS SANTOS,FABIANO COSTA DO BICICROSS,M,26/04/1976,Válido,35
35444,253,Não eleito,JULIO CESAR DE MEDEIROS NOBRE,JÚLIO NOBRE DA ENFERMAGEM,M,25/08/1979,Válido,35
35900,209,Não eleito,SEBASTIAO ALEXANDRE DE AZEVEDO,BETO CELL,M,09/06/1972,Válido,35
35300,51,Não eleito,EDSON PEREIRA DA SILVA,EDSON BIRA,M,10/01/1951,Válido,35
35350,26,Não eleito,JOSE HENRIQUE XAVIER JUNIOR,HENRIQUE XAVIER,M,22/07/1966,Válido,35
35433,46,Não eleito,MAGNUS MAVIGNIER DA SILVA MELO,SUB TENENTE MAGNUS MAVIGNIER,M,28/12/1967,Anulado sub judice,35
35777,29,Não eleito,ROSANGELA DA SILVA VITOR MARINHO,ROSÂNGELA VITOR,F,20/04/1974,Válido,35
35333,48,Não eleito,MARIA DALVA FARIAS DA SILVA,PROFESSORA DALVA,F,04/04/1953,Válido,35
35000,260,Não eleito,VIVIANE OLIVEIRA DE SOUZA,PROFA VIVIANE,F,30/06/1981,Válido,35
35234,742,Não eleito,KERGINALDO TORRES DO NASCIMENTO,KERGINALDO DA SAÚDE,M,06/01/1975,Válido,35
35345,180,Não eleito,ALTEMAR COSTA RIBEIRO,MAZINHO COSTA,M,22/04/1964,Válido,35
35100,100,Não eleito,PAULO ROBERTO VALENTE DE MEDEIROS,DR PAULO VALENTE,M,23/10/1982,Válido,35
35999,105,Não eleito,FRANCISCA ARAUJO DA COSTA,PROFA FRAN COSTA,F,26/12/1961,Válido,35
35666,846,Não eleito,LENILSON RODRIGUES DO NASCIMENTO,PROFESSOR LENILSON ,M,22/12/1970,Válido,35
35400,40,Não eleito,ANA CRISTINA ALVES DA NOBREGA,ANA DO LEITE - BIG BIG,F,25/04/1971,Válido,35
35321,755,Não eleito,ELIU LUIZ DE OLIVEIRA,ELIÚ,M,01/07/1968,Válido,35
35222,106,Não eleito,FRANCISCO CANINDE COSTA,COELHO DA ACADEMIA,M,17/11/1969,Válido,35
35007,233,Não eleito,ALEXANDRE GOMES DA SILVA,SANDRINHO GOMES,M,05/03/1984,Válido,35
35190,693,Não eleito,ARIBERTO ARAUJO,ARIBERTO,M,08/02/1963,Válido,35
35678,579,Não eleito,FRANCISCA DE FATIMA DE LIMA,FÁTIMA LIMA,F,12/09/1961,Válido,35
35700,129,Não eleito,JOAO BATISTA TAVARES,JOÃO TAVARES,M,04/06/1966,Válido,35
35002,574,Não eleito,JOSÉ ADALRICO DA SILVA,ZEZINHO,M,19/08/1963,Válido,35
35223,256,Não eleito,FRANCISCO CANINDE DE LIMA FILHO,LICO PROTÉTICO,M,28/03/1968,Válido,35
35555,790,Não eleito,HILDA MARIA DA SILVA MENDES,HILDA MARIA,F,05/05/1960,Válido,35
35335,421,Não eleito,JAMILLY FERREIRA DE ALMEIDA,JAMILLY,F,05/08/1995,Válido,35
35355,202,Não eleito,ITALO DE MOURA RODRIGUES,SGT ÍTALO,M,23/05/1976,Válido,35
35122,647,Não eleito,MONZAR CAPRIOLLE PEREIRA DE LIMA,MONZAR CAPRIOLLE,M,09/11/1977,Válido,35
35011,518,Não eleito,JOSE EURICO DE CARVALHO,PROF EURICO,M,16/04/1974,Válido,35
35188,258,Não eleito,MARIA DA CONCEIÇAO BEZERRA SILVA,CONCEIÇÃO SILVA,F,24/06/1966,Válido,35
35320,255,Não eleito,UBIRAJARA CAPISTRANO NETO,BIRA CAPISTRANO,M,10/12/1965,Válido,35
35331,35,Não eleito,GABRIEL GOMES DA SILVA,GABRIEL GOMES,M,20/07/1996,Válido,35
35456,134,Não eleito,BEATRIZ DOS SANTOS VALLE SILVA,BEATRIZ VALLE,F,18/11/1981,Válido,35
35888,417,Não eleito,EDNA MARIA MENEZES,EDNA MENEZES,F,04/06/1966,Válido,35
35111,547,Não eleito,FRANKLIN EDUARDO MOREIRA DE MESQUITA,FRANKLIN EDUARDO ,M,03/07/1976,Válido,35
35010,12,Não eleito,ARNALDO RODRIGUES DE SOUSA SOBRINHO,ARNALDO RODRIGUES,M,19/06/1955,Válido,35
35035,30,Não eleito,MANOEL LOIA DE MELO,LOIA DO PÃO,M,30/06/1950,Válido,35
35125,165,Não eleito,RENE DE MACEDO VIANA,RENÉ MACEDO,M,10/04/1985,Válido,35
35123,323,Não eleito,MARIA DA CRUZ SILVA BASILIO,MARIA DA CRUZ,F,03/05/1964,Válido,35
35184,22,Não eleito,DAGMAR FRANCISCA DA SILVA,DAGMAR DA SAÚDE,F,11/06/1960,Válido,35
40040,181,Suplente,MARCIA MARIA DE OLIVEIRA,MARCIA OLIVEIRA,F,17/10/1954,Válido,40
40002,248,Suplente,DAMIANA PEREIRA,GRACINHA,F,16/04/1973,Válido,40
40700,1571,Suplente,VICTOR HUGO GOMES E SOUZA,VICTOR HUGO NORONHA,M,12/07/1982,Válido,40
40123,1830,Suplente,EDUARDO LUCIANO GOMES BEZERRA,EDUARDO GOMES,M,25/04/1975,Válido,40
40101,192,Suplente,EDNA MARIA FREITAS DE MELO,EDNA MELO,F,15/09/1970,Válido,40
40234,55,Suplente,JAILY MARICELLY DE ALMEIDA AZEVEDO,JAILY MARICELLY,F,12/12/1987,Válido,40
40688,250,Suplente,JOSE SADDOCK DE ALBUQUERQUE,SADDOCK DE ALBUQUERQUE,M,19/01/1957,Válido,40
40000,1681,Suplente,SERGIO BEZERRA PINHEIRO,SERGIO PINHEIRO,M,23/12/1964,Válido,40
40456,1853,Suplente,PEDRO HENRIQUE DOS SANTOS ALVES,PEDRO HENRIQUE,M,30/09/1992,Válido,40
40777,1956,Suplente,JOSE DANIEL LISBOA ARRUDA DE MELO,DANIEL ARRUDA,M,30/09/1985,Válido,40
40190,860,Suplente,VILMA BATISTA GUEDES DA CAMARA,VILMA BATISTA A NOVA GUERREIRA,F,12/05/1980,Válido,40
40400,383,Suplente,MARIA SALETE CAMPELO,SALETE CAMPELO,F,04/10/1947,Válido,40
40404,1,Não eleito,NATHALIA CRUZ DE ALMEIDA,NATHALIA ALMEIDA,F,08/09/1991,Anulado,40
40005,153,Suplente,ANTONIO MILTON SILVEIRA,TOINHO SILVEIRA,M,24/04/1951,Válido,40
40200,1010,Suplente,LAZARO GERMANO DA SILVA,LAZARO GERMANO,M,26/08/1975,Válido,40
40222,2148,Eleito,ERIBALDO MEDEIROS DA SILVA,ERIBALDO MEDEIROS,M,03/10/1971,Válido,40
40555,369,Suplente,IVONE MARIA BEZERRA FREIRE,IVONE FREIRE DO TALHER,F,04/02/1951,Válido,40
40666,433,Suplente,MARCOS FERNANDO RODRIGUES DE QUEIROZ,FERNANDO QUEIROZ,M,01/07/1956,Válido,40
40007,35,Suplente,CLAUDIO HENRIQUE DO NASCIMENTO,BARACK OBAMA,M,02/03/1970,Válido,40
40143,134,Suplente,MARIA ERINEIDE DA SILVA HERCULINO,NEIDE SILVA,F,21/02/1968,Válido,40
40100,394,Suplente,DEBORAH VITORIA XAVIER RAMOS,DEBORAH VITÓRIA,F,18/12/1972,Válido,40
40004,67,Suplente,GARIBALDE LEITE DE OLIVEIRA,GARIBALDE LEITE,M,20/09/1965,Válido,40
40111,24,Suplente,REGIVALDO NASCIMENTO DA SILVA,REGIVALDO SILVA,M,01/09/1973,Válido,40
40124,274,Suplente,FLAVIA SILVA DE AZEVEDO,FLAVIA AZEVEDO,F,29/11/1978,Válido,40
40333,353,Suplente,JAILTON FELICIANO DA SILVA,JAILTON FELICIANO,M,05/12/1963,Válido,40
40024,106,Suplente,MIKE STALONE NAMONIER DA SILVA,MIKE DO LAVA JATO,M,16/10/1992,Válido,40
40130,39,Suplente,PAULO DE TARSO HERCULANO DE AZEVEDO FILHO,PAULO DE TARSO,M,07/01/1989,Válido,40
40444,61,Suplente,MARIA CELIA COSTA DA SILVA,CELIA COSTA,F,03/08/1972,Válido,40
40008,27,Suplente,PABLO ERISTON FERNANDES SILVA,ÉRISTON SILVA,M,22/11/1978,Válido,40
40122,2153,Eleito,NIVALDO VARELA BACURAU,NIVALDO BACURAU,M,05/11/1960,Válido,40
40500,1558,Suplente,FLAUBER PEIXOTO SOARES LINS,FLAUBER SOARES ,M,23/12/1984,Válido,40
40001,541,Suplente,ISAAC AVELINO NEVES OLIVEIRA,ISAAC AVELINO,M,01/01/1993,Válido,40
40999,1190,Suplente,FRANCISCO GILMAR DE MACEDO,GILMAR DO DEPÓSITO,M,07/11/1961,Válido,40
40789,496,Suplente,MARCELO CAPISTRANO DE MIRANDA MONTE FILHO,MARCELO MONTE,M,09/03/1980,Válido,40
40121,841,Suplente,JOSIWAGNER LUCAS TAVARES,WAGUINHO,M,25/01/1985,Válido,40
40300,207,Suplente,LUIZ ANTONIO NUNES DE OLIVEIRA,LUIZ ANTÔNIO NUNES,M,30/12/1960,Válido,40
30333,56,Não eleito,IARA CARMEN DE OLIVEIRA ABY FARAJ,IARA FARAJ,F,01/03/1969,Válido,30
30777,99,Não eleito,JEAN CARLOS DE OLIVEIRA,JEAN OLIVEIRA,M,13/09/1975,Válido,30
30123,142,Não eleito,CLAYTON CESAR PEREIRA BARRETO,CLAYTON BARRETO,M,22/12/1974,Válido,30
30555,72,Não eleito,EVERTON BARRETO DA CUNHA,EVERTON BARRETO,M,03/04/1965,Válido,30
30003,205,Não eleito,RAIANE ROBERTA DE MACÊDO BRITO,RAIANE MACÊDO,F,28/11/1984,Válido,30
30021,82,Não eleito,ERIK ALBUQUERQUE DA SILVA,ERIK ALBUQUERQUE,M,27/06/1973,Válido,30
30000,1148,Não eleito,ALAYDE MARIA E SILVA MARTINS PASSAIA,ALAYDE PASSAIA,F,07/01/1977,Válido,30
30888,617,Não eleito,HENRIQUE EDUARDO DOS SANTOS NEIVA,HENRIQUE NEIVA,M,28/07/1998,Válido,30
30111,187,Não eleito,DINA EMMANUELLE PÉREZ MEDEIROS,DINA PÉREZ,F,15/07/1980,Válido,30
30300,82,Não eleito,ANTONIO CASSIO PIMENTEL HAZIN,CASSIO HAZIN,M,19/01/1974,Válido,30
30130,361,Não eleito,EDUARDO SOARES DE MELLO,DUDU MELLO,M,14/10/2001,Válido,30
30030,363,Não eleito,KIM FERREIRA DE MELO MEDEIROS,KIM FERREIRA DE MELO,M,04/08/1992,Válido,30
65888,41,Suplente,MARCOS ANTÔNIO DE ALMEIDA,MARCOS ALMEIDA,M,15/07/1981,Válido,65
65789,459,Suplente,JULIO CEZAR NUNES JUNIOR,CEZINHA NUNES,M,21/09/1983,Válido,65
65123,1250,Suplente,PEDRO LUCAS GORKI AZEVEDO DE OLIVEIRA,PEDRO GORKI,M,18/12/2000,Válido,65
65069,30,Suplente,TERTULIANO AIRES PRIMO NETO,TERTO CABRITO,M,29/04/1956,Válido,65
65156,53,Suplente,MANOEL FEITOSA NETO,MANOEL FEITOSA,M,08/11/1981,Válido,65
65007,22,Suplente,LUIZ MATHEUS TEIXEIRA RODRIGUES,LUIZ MATHEUS,M,03/12/1996,Válido,65
65121,354,Suplente,THIAGO SIMPLICIO RAIMUNDO DA SILVA,THIAGO SIMPLICIO,M,28/12/1984,Válido,65
65125,62,Não eleito,GIVALDO BENEDITO DA SILVA LOBO,DR GIVALDO LOBO,M,30/06/1972,Anulado sub judice,65
65345,85,Suplente,RENAN RIBEIRO DE ARAUJO,RENAN RIBEIRO,M,02/04/1962,Válido,65
65555,170,Suplente,JOHN HERBERT DE SOUSA SILVA,PROF JOHN,M,10/11/1969,Válido,65
65101,192,Suplente,LAERCIO PESSOA MENDONÇA,LAERCIO PESSOA,M,25/05/1963,Válido,65
65110,140,Suplente,LUCIANO TERTULINO BARBOSA,LUCIANO BARBOSA,M,28/06/1976,Válido,65
65202,52,Suplente,RIVANILDO GALDINO DA SILVA,NILDO BORRACHEIRO,M,23/03/1968,Válido,65
65333,301,Suplente,ADRIANA PATRIOTA DE AGUIAR,ADRIANA PATRIOTA,F,02/12/1965,Válido,65
65465,32,Suplente,FRANCISCO CANINDE DE SOUZA,VASCON,M,22/01/1959,Válido,65
65111,284,Suplente,ANA KALINE CAMPOS,ANA KALINE CAMPOS,F,06/02/1981,Válido,65
65399,44,Suplente,JEANNE SIMONE TEIXEIRA RIBEIRO SAKURA,JEANNE AXÉ,F,26/03/1967,Válido,65
65678,99,Suplente,MANOEL MACIEL DE MEDEIROS,MACIEL MEDEIROS,M,26/02/1981,Válido,65
65800,26,Suplente,CARLOS GONZAGA DA SILVA,CARLINHO DEFICIENTE,M,20/08/1973,Válido,65
65160,72,Suplente,IZAMAR PEREIRA DOS SANTOS,KINEM,M,16/04/1973,Válido,65
65665,38,Suplente,MARIA APARECIDA TAVARES,APARECIDA TAVARES,F,15/08/1960,Válido,65
65022,54,Suplente,JOMARDO JOMAS DE AZEVEDO COSTA,JOMARDO JOMAS,M,30/11/1965,Válido,65
65000,792,Suplente,CLAUDIO GABRIEL DE MACEDO JUNIOR,CLÁUDIO GABRIEL,M,13/01/1964,Válido,65
65656,539,Suplente,JANA BESERRA DE SÁ VASCONCELOS,JANA SÁ,F,15/10/1983,Válido,65
65777,2817,Eleito,JULIA DE PAIVA SOUSA ARRUDA CÂMARA,JULIA ARRUDA,F,09/03/1982,Válido,65
65165,152,Suplente,MARTA MAROCILDA DUARTE DE MORAIS,MARTA DUARTE,F,10/05/1968,Válido,65
65478,161,Suplente,IVIS RODRIGO MORAIS CORSINO,IVIS CORSINO,M,17/09/1981,Válido,65
65444,53,Suplente,RIVALDO FELIX DE LIMA,REI POP SHOW,M,08/08/1959,Válido,65
65222,402,Suplente,ARCELINO FERNANDES DE OLIVEIRA,ARCELINO FERNANDES,M,17/12/1968,Válido,65
65001,211,Suplente,MARIA DE LOURDES RAMALHO MARTINS,LOURDES MARTINS,F,23/02/1978,Válido,65
65065,124,Suplente,IVONE MARIA SILVA DE SOUZA,IVONE AGUIAR,F,06/06/1965,Válido,65
65577,9,Suplente,LEILA CHRISTHIANE DE ARAUJO RIBEIRO,LEILA LURENTINO,F,02/04/1974,Válido,65
65455,61,Suplente,VALDECLECIA VITORINO DA SILVA BEZERRA,PROFESSORA VAL,F,13/02/1975,Válido,65
65432,74,Suplente,ROBERTO MORAIS DE ARAUJO,BETO GIRA DANÇA,M,07/12/1967,Válido,65
65999,53,Suplente,LUIZ GONZAGA LOURENÇO DOS SANTOS,LUIZ GONZAGA,M,12/06/1964,Válido,65
65100,167,Suplente,SANDEMBERG OLIVEIRA DE ALMEIDA,SANDEMBERG OLIVEIRA,M,20/11/1974,Válido,65
12222,5181,Eleito,ALDO CLEMENTE DE ARAÚJO FILHO,ALDO CLEMENTE,M,22/03/1978,Válido,12
12333,1515,Suplente,NEY LOPES DE SOUZA JÚNIOR,NEY LOPES JR.,M,25/03/1974,Válido,12
12555,4837,Eleito,ROBSON RICARDO MACHADO LIMA DE CARVALHO,ROBSON CARVALHO,M,17/10/1990,Válido,12
12456,2385,Suplente,JÚLIO CÉSAR SILVA DE ANDRADE,CÉSAR DE ADÃO ERIDAN,M,03/09/1991,Válido,12
12007,2846,Suplente,DINARTE TORRES CRUZ,DINARTE TORRES,M,10/02/1970,Válido,12
12777,3409,Suplente,DICKSON RICARDO NASSER DOS SANTOS JÚNIOR,DICKSON JÚNIOR,M,02/10/1980,Válido,12
12812,40,Suplente,GABRIELA BRAGA SALERNO,GABI SALERNO TURMA BOA,F,08/04/1978,Válido,12
12003,177,Suplente,MIRTES MACHADO DE MELO,MIRTES,F,19/03/1963,Válido,12
12184,1086,Suplente,WELLINGTON DE OLIVEIRA BERNARDO,WELLINGTON BERNARDO,M,06/10/1977,Válido,12
12033,275,Suplente,VALDECIR EUNICE DE SOUZA,TIA VAL,F,01/03/1957,Válido,12
12345,5547,Eleito,PAULO EDUARDO DA COSTA FREIRE,PAULINHO FREIRE,M,22/10/1964,Válido,12
12888,1163,Suplente,CARLOS SANTA ROSA D' ALBUQUERQUE CASTIM,CARLOS CASTIM,M,17/02/1958,Válido,12
12112,243,Suplente,MARCIA MARIA RAMOS GUIMARAES DE OLIVEIRA MARINHO,MÁRCIA MARINHO,F,15/05/1955,Válido,12
12100,58,Suplente,GUIOMAR DA SILVA SOBRINHO,GUIOMAR SOBRINHO,F,02/02/1959,Válido,12
12111,190,Suplente,CYRILLO ANTÔNIO FERNANDES FURTADO,CYRILLO FERNANDES,M,14/06/1971,Válido,12
12123,3852,Eleito,YRAGUACI ARAÚJO ALMEIDA DE SOUZA,NINA SOUZA,F,21/05/1974,Válido,12
12212,38,Suplente,FERNANDO SAMPAIO DO CARMO,FERNANDO SAMPAIO,M,02/02/1993,Válido,12
12101,125,Suplente,MAURÍCIO SILVA DOS REIS CAVALCANTE,MAURÍCIO CAVALCANTE,M,17/05/1970,Válido,12
12120,36,Suplente,ANGÉLICA SILVIA CABRAL DE OLIVEIRA,ANGÉLICA,F,19/07/1985,Válido,12
12612,1302,Suplente,ARY GOMES DO NASCIMENTO,ARY GOMES,M,15/11/1950,Válido,12
12023,96,Suplente,MACKSON BRUNO PEREIRA VASCONCELOS,MACKSON BRUNO,M,02/06/1983,Válido,12
12500,86,Suplente,ALEXANDRE ALBERTO CIRINO ALVES,KBÇA,M,28/01/1973,Válido,12
12220,265,Suplente,RANY SILVA DUMARESQ MADUREIRA,RANNY DUMARESQ,F,27/03/1981,Válido,12
12606,226,Suplente,JOSÉ RAMOS DE SOUSA,ZÉ RAMOS,M,06/05/1966,Válido,12
12000,4765,Eleito,FELIPE QUEIROZ DA CUNHA ALVES,FELIPE ALVES,M,03/06/1987,Válido,12
12012,45,Suplente,ELIZABETE DE PAIVA LOPES,TIA BETE,F,06/10/1968,Válido,12
12140,98,Suplente,ANTONIO ILANIO DA SILVA,PASTOR ANTONIO ILANIO,M,14/02/1992,Válido,12
12773,63,Suplente,FRANCISCO ERONILDO MORAIS,NILDO FOTÓGRAFO,M,12/10/1968,Válido,12
12300,33,Suplente,THAINAH TORRES,MULHER ARANHA,F,14/08/1982,Válido,12
12122,166,Suplente,CARLOS RENATO LAURINDO MASCENA,RENATO BOXEXA,M,09/02/1972,Válido,12
12001,534,Suplente,TARCÍSIO CARLOS GONÇALVES,TARCÍSIO GONÇALVES,M,15/02/1963,Válido,12
12044,107,Suplente,BELCHIOR MEDEIROS,BELCHIOR MEDEIROS,M,06/01/1959,Válido,12
12321,1600,Suplente,ERMINIO FELIX COSTA FILHO,ERMINIO FELIX,M,01/02/1990,Válido,12
12556,131,Suplente,ANIBAL LUIS BARRETO DE FRANÇA,ANIBAL,M,24/07/1970,Válido,12
12008,305,Suplente,MIGUEL NERY SANTOS SILVA,MIGUEL CARCARÁ,M,01/02/1982,Válido,12
12580,52,Suplente,ELIEZER FALCÃO DE OLIVEIRA,ELIEZER FALCÃO,M,30/08/1967,Válido,12
12010,653,Suplente,DANIELLE ARAÚJO MAFRA,DANI MAFRA,F,05/02/1981,Válido,12
12180,88,Suplente,SERGIO FABIANO CABRAL,SERGIO CABRAL,M,25/04/1972,Válido,12
12889,30,Suplente,ANDREIA RIBEIRO DE SOUZA,ANDREIA DA BANCADA,F,06/06/1971,Válido,12
12013,18,Suplente,IZAR LEOCADIO DA SILVA,ISAC LEOCADIO,M,24/11/1951,Válido,12
12444,786,Suplente,JOÃO FERREIRA DE LIMA,JOÃOZINHO DO PLANALTO,M,25/03/1978,Válido,12
12009,84,Suplente,ANA CRISTINA LIMA SANTOS,CRISTINA SANTOS,F,16/04/1961,Válido,12
12130,442,Suplente,JANAINA DE LIMA OLIVEIRA,JANAINA GUERREIRA,F,13/01/1983,Válido,12
28999,384,Não eleito,GUSTAVO RIBEIRO ALVES JUNIOR,GUGA,M,16/06/1982,Válido,28
28555,265,Não eleito,CARLOS RICHARDSON ALVES DA SILVA,CARLÃO DO ALIANÇA,M,17/11/1973,Válido,28
28765,69,Não eleito,LORENA MAIA FERNANDA,LORENA MAIA,F,12/12/1979,Válido,28
28777,73,Não eleito,AURI LUIZ DA SILVA,AURI XUXA,M,20/05/1972,Válido,28
28405,1862,Não eleito,EVANDRO GONÇALVES DA SILVA JUNIOR,CABO GONÇALVES,M,27/02/1984,Válido,28
28123,430,Não eleito,JACQUELINE LIMA DE SOUSA DIAS,MISSIONARIA JACQUELINE DIAS,F,28/09/1967,Válido,28
28444,1088,Não eleito,LENICE SILVEIRA MOREIRA DE MOURA,DRA. LENICE,F,29/12/1972,Válido,28
28333,20,Não eleito,ANA CRISTINA LEITÃO DA SILVA,CRISTINA LEITÃO,F,29/11/1966,Válido,28
28222,113,Não eleito,FRANCISCO BRITO MOREIRA,SEU BRITO,M,05/02/1944,Válido,28
28002,119,Não eleito,JAIR MARINHO COTA,JAIR COTA,M,28/02/1963,Válido,28
28028,140,Não eleito,EBERTH SIDNEY COSTA DA SILVA,SIDNEY,M,26/09/1959,Válido,28
28190,278,Não eleito,EDMUNDO CLODOALDO DA SILVA JUNIOR,CORONEL SILVA JUNIOR,M,04/01/1962,Válido,28
28111,84,Não eleito,SERGIO RICARDO SILVA DOS SANTOS,SERGIO SANTOS,M,24/10/1978,Válido,28
28007,240,Não eleito,BRUNO FIALHO MATOSO,BRUNO MATOSO,M,21/10/1977,Válido,28
28888,154,Não eleito,JAQUELINE ALVES DE SOUSA,JAQUE SOUZA,F,14/08/1974,Válido,28
28038,30,Não eleito,MARAIZE LOPES DE ALMEIDA,MARA,F,25/05/1991,Válido,28
28012,38,Não eleito,GENIVAL GONÇALVES DE LIMA FILHO,GENIVALDO GONÇALVES GG,M,12/12/1968,Válido,28
28720,216,Não eleito,MARCOS GOMES DA SILVA,MARCOS GOMES,M,16/08/1953,Válido,28
22888,3843,Eleito,ANA PAULA DE ARAÚJO CORREIA,ANA PAULA,F,13/06/1981,Válido,22
22111,1813,Suplente,TIAGO DE LIMA BEZERRA,TIAGO DA AUTO ESCOLA,M,23/03/1983,Válido,22
22122,362,Suplente,FRANCISCA FERREIRA DE CARVALHO,FRANCISCA CARVALHO,F,08/03/1956,Válido,22
22789,101,Suplente,JOAO MARIA XAVIER VITAL,BISPO JOÃO XAVIER,M,14/11/1975,Válido,22
22456,130,Suplente,ISAIAS ELIAS BATISTA,IRMÃO ISAIAS,M,10/12/1970,Válido,22
22900,61,Suplente,DOUGLAS PEDRO XAVIER DE SOUZA,IRMÃO DOUGLAS,M,17/01/1961,Válido,22
22272,19,Suplente,CLAUDIANA RAIMUNDA DE SOUZA,CLAUDIANA ANTUNES,F,19/10/1967,Válido,22
22022,171,Suplente,JAILSON DA COSTA PONTES,PROF. JAILSON PONTES,M,30/06/1972,Válido,22
22000,341,Suplente,ROBSON WAGNER GOMES DA ROCHA,PROFESSOR ROBSON CENTEC,M,05/09/1976,Válido,22
22234,152,Suplente,JOSE HERIBERTO FONSECA MENDONÇA,DEDE DO PIRANGI,M,16/03/1968,Válido,22
22077,23,Suplente,RADIR PEREIRA DE MOURA JUNIOR,RADIR JUNIOR,M,25/11/1985,Válido,22
22297,637,Suplente,ELIZÂNGELA ROSENDO INACIO,ELIZÂNGELA,F,28/05/1977,Válido,22
22001,673,Suplente,FRANCISCO DE ASSIS HENRIQUE DOS SANTOS,HENRIQUE MOSQUITO,M,11/04/1960,Válido,22
22123,91,Suplente,JOSE EDSON PEREIRA,ZÉ UNIÃO,M,05/02/1966,Válido,22
22190,258,Suplente,MAXMILIANO DE PAIVA PEREIRA,MAX PAIVA,M,09/02/1987,Válido,22
22202,142,Suplente,JOÃO MARIA DA SILVA FELIPE,JOÃO MARIA,M,04/04/1985,Válido,22
22007,106,Suplente,JOSUE LIMA DA SILVA,BISPO JOSUE LIMA,M,30/12/1976,Válido,22
22033,46,Suplente,FLÁVIO DANTAS DE SOUZA,FLAVIO SOUZA,M,24/01/1979,Válido,22
22179,0,Suplente,PATRICIA BEZERRA DA FÉ,PATRICA DA FÉ,F,29/12/1979,Válido,22
22226,140,Suplente,DANIEL BEZERRA DE MOURA,DANIEL MOURA,M,09/05/1984,Válido,22
22333,168,Suplente,ALBACY FONSECA,ALBA FONSECA,F,30/01/1964,Válido,22
22212,279,Suplente,ELYKLEBISSON SOARES ALBINO,KLEBSON ALBINO,M,02/03/1984,Válido,22
22321,71,Suplente,FERNANDO RUFINO DA SILVA,FERNANDO RUFINO,M,11/09/1971,Válido,22
22220,96,Suplente,IGOR MATEUS DE SOUZA BATISTA,IGOR SOUZA,M,17/01/1998,Válido,22
22999,10,Suplente,ANA THAIZE GOMES DA SILVA,ANA THAIZE,F,06/11/1991,Válido,22
22555,3276,Suplente,PAULO JACKSON CASSIANO PESSOA,PAULO PESSOA,M,07/02/1980,Válido,22
22223,185,Suplente,MANOEL SIDNESIO GOMES DE MOURA,SIDNESIO MOURA,M,23/02/1974,Válido,22
22232,237,Suplente,MANOEL MESSIAS DA SILVA ALVES,IRMÃO MESSIAS,M,28/06/1969,Válido,22
22621,35,Suplente,JORGE LUIZ TEIXEIRA GUIMARAES,DR JORGE GUIMARÃES,M,23/04/1958,Válido,22
22192,47,Suplente,LEONCIO RODRIGUES NEVES,LEONCIO CORRETOR,M,18/06/1965,Válido,22
22318,24,Suplente,NORMA FELIX DA SILVA,NORMA FELIX,F,18/09/1976,Válido,22
22277,71,Suplente,TIAGO NAZARENO DE OLIVEIRA,TIAGO OLIVEIRA,M,24/10/1966,Válido,22
22152,216,Suplente,GRACE KELLY CAVALCANTI DE BARROS,GRACY KELLY CAVALCANTI,F,01/02/1984,Válido,22
22444,258,Suplente,EMANOEL DAMASCENO DE MEDEIROS,EMANOEL DO CAÇÃO,M,01/10/1957,Válido,22
22151,566,Suplente,NASTAGNAN BATISTA DA SILVA,NASTAGNAN,M,21/11/1968,Válido,22
22222,6029,Eleito,HERBERTH AUGUSTO SENA SOUZA E SILVA,HERBERTH SENA,M,27/04/1989,Válido,22
22345,416,Suplente,LIENE MARIA DE MEDEIROS,LIENE MEDEIROS,F,03/05/1960,Válido,22
22448,846,Suplente,MARIA CELESTE FERREIRA CAMPOS DE ANDRADE,PROFESSORA CELESTE,F,04/01/1968,Válido,22
22100,948,Suplente,JONILSON CARVALHO DE OLIVEIRA JUNIOR,JONILSON JUNIOR,M,21/01/1977,Válido,22
22128,67,Suplente,ACASSIA CRISTINA VEIRA DE SOUZA,ACASSIA CRISTINA,F,05/02/1985,Válido,22
