numero,votos_nominais,situacao,nome,nome_urna,sexo,data_nasc,destino_voto,numero_partido
23223,369,Suplente,ISMAEL JOSE DA SILVA,ISMAEL PAIN,M,01/10/1986,Válido,23
23023,103,Suplente,RENATA ANDRESSA VINTE DA SILVA,PROFESSORA RENATA,F,13/08/1977,Válido,23
23456,972,Eleito,JULIO CESAR CARNEIRO,JULINHO,M,02/04/1983,Válido,23
23010,89,Suplente,LUCINARIO CARDOSO,LUCIO PESCADOR ,M,09/08/1962,Válido,23
23999,751,Suplente,VANDERLEI LOUZADA BIANCHI,DELEI,M,08/06/1964,Válido,23
23222,15,Suplente,VALERIA PEREIRA GOMES COELHO,PASTORA VALERIA GOMES ,F,24/03/1965,Válido,23
23444,197,Suplente,ALMIR CAETANO FERREIRA,ALMIR DE AILTON FERREIRA,M,17/10/1975,Válido,23
23000,172,Suplente,ULYSSES VIEIRA RAPOSO,PASTOR ULYSSES,M,04/04/1984,Válido,23
23088,0,Suplente,MICHELLE RAPOSO OZORIO DELFINO,MICHELLE ,F,10/07/1984,Válido,23
23333,217,Suplente,JOSIEL RIBEIRO,GARCIA,M,08/05/1958,Válido,23
23123,471,Suplente,JEAN CLAUDE ALVES DA COSTA,JEAN CLAUDE,M,30/04/1970,Válido,23
23165,42,Suplente,REGINA SALES VICENTE DE FREITAS,REGINA DA COHAB,F,19/01/1971,Válido,23
11000,56,Suplente,MATHIAS PEREIRA DE SOUZA,MATHIAS DO CLUBE DO CAVALO,M,16/09/1996,Válido,11
11444,589,Eleito,ALCIONE DE AMORIM GOMES,ALCIONE AMORIM,M,08/05/1986,Válido,11
11555,30,Suplente,SAULO DA SILVA CHAVES,SAULO CHAVES,M,18/04/1982,Válido,11
11111,361,Suplente,LEANDRO SILVA FABIANO,LEANDRO FABIANO DA GRAÚNA,M,13/11/1975,Válido,11
11112,40,Suplente,CARLOS ALBERTO NEVES CARDOSO,CAIXA FORTE,M,03/01/1969,Válido,11
11777,44,Suplente,MARIA DA GRAÇA AUTEQUESTT CHAMON,DA GRAÇA,F,23/06/1961,Válido,11
11114,9,Suplente,FRANCIELEM MARCIA LIBAINO ALVES PACHECO,FRANCIELEM MARCIA,F,06/03/1993,Válido,11
11222,83,Suplente,TATIANA ALVES BECHARA,TATIANA ALVES BECHARA,F,22/09/1979,Válido,11
11333,213,Suplente,MARCELINO DE MELO CARVALHO,MANECO DO CARVALHO GÁS,M,25/11/1965,Válido,11
11500,58,Suplente,EVANDRO BATISTA DE CARVALHO,VANDINHO,M,19/11/1983,Válido,11
11999,6,Suplente,IANDRA FRANCISCA FELICIO,IANDRA,F,11/06/1994,Válido,11
11345,6,Suplente,LUTHIANE PARDIM DA SILVA,LUTHIANE PP A MOÇA DO SALGADO,F,19/02/1999,Válido,11
11234,554,Suplente,JOCEIR CABRAL DE MELO,JOCEIR CABRAL,M,12/06/1968,Válido,11
11123,370,Suplente,PAULO DE OLIVEIRA CRUZ NETO,PAULO NETO,M,18/01/1988,Válido,11
11888,38,Suplente,ALCIONE RODRIGUES DE CARVALHO,ALCIONE CABELEIREIRA,F,29/07/1983,Válido,11
11456,119,Suplente,GELSON DE CARVALHO BATISTA,BARRETO,M,30/09/1970,Válido,11
45777,115,Suplente,RHANS VAGNER GOMES DA SILVA,VAGNINHO DA SAÚDE,M,03/02/1988,Válido,45
45800,190,Suplente,ANDELIQUE REGINNETE FERREIRA,DEKI DO GARRAFÃO,M,20/01/1982,Válido,45
45123,1031,Eleito,PAULO SERGIO DE TOLEDO COSTA,PAULINHO DA GRAUNA,M,19/02/1969,Válido,45
45222,53,Suplente,MARIA JOSÉ COELHO DA ROSA,MARIA JOSÉ,F,02/04/1974,Válido,45
45999,32,Suplente,ALINE DOS SANTOS FERNANDES MARCHEZI,ALINE DA GUARDA,F,09/12/1978,Válido,45
45234,107,Suplente,JOSE CARLOS PEREIRA SANTOS,BARROZINHO,M,25/10/1983,Válido,45
45333,21,Suplente,PATRICIA DE FREITAS GOMES,PATRICIA FREITAS,F,31/07/1987,Válido,45
45345,29,Suplente,MARIA DA PENHA GUILHERME SALVADOR,PENHA DO GARRAFÃO,F,19/05/1960,Válido,45
45666,58,Suplente,MARIA APARECIDA COSTA DE FREITAS,APARECIDA DE BOM SERÁ,F,02/08/1969,Válido,45
45444,472,Suplente,ANTONIO CARLOS DA SILVA LEITE,CARLINHOS LUANDA,M,08/07/1958,Válido,45
45000,839,Suplente,ESTEVÃO SILVA MACHADO,ESTEVÃO - AMIGO DO CORAÇÃO ,M,31/10/1961,Válido,45
45678,137,Suplente,GECIMAURO CABRAL PAZ,NENÉM DA PADARIA,M,02/08/1984,Válido,45
36456,107,Não eleito,FRANCISCA FERREIRA GOMES,CHIQUINHA,F,22/06/1978,Válido,36
36021,24,Não eleito,LAURENILSON DE SOUZA RODRIGUES,KAXUXU,M,18/07/1989,Válido,36
36333,57,Não eleito,JULIANA FELIX CARDOSO,PASTORA JULIANA FELIX,F,29/11/1986,Anulado,36
36123,161,Não eleito,EDUARDO DOS SANTOS BATISTA,DUDU,M,08/05/1986,Válido,36
36000,261,Não eleito,ROGINALDO DE ARAUJO ALVES,PASTOR REGINALDO,M,19/02/1986,Válido,36
36888,1,Não eleito,HOSANA DOS SANTOS,HOSANA,F,31/08/1982,Válido,36
36777,52,Não eleito,ADEVAN JORGE DE LIMA,ADEVAN ELETROVAN,M,27/01/1984,Válido,36
13111,56,Não eleito,MARCELO RAINHA GOBBI,MARCELO GOBBI,M,01/08/1998,Válido,13
13334,6,Não eleito,SHAMARA CRISTINA DE SOUZA LINO,SHAMARA,F,06/09/1998,Válido,13
13313,15,Não eleito,DHIULIA PEREIRA TORRES,DHIULIA TORRES,F,21/02/2001,Válido,13
13182,27,Não eleito,LUCIANO PEIXOTO GUIMARÃES,LU MESA REDONDA,M,24/12/1968,Válido,13
13333,8,Não eleito,EMILIANA BARBOZA PACHECO COSTA,EMILIANA,F,02/01/1984,Válido,13
13123,33,Não eleito,JAIRO DE OLIVEIRA,JAIRO DO ASSENTAMENTO,M,11/07/1970,Válido,13
13445,19,Não eleito,HILDA GOMES FARIA,HILDA FARIA,F,07/12/1968,Válido,13
13000,33,Não eleito,DAVID SOUZA RAMOS,DAVID RAMOS,M,14/11/1979,Válido,13
13153,7,Não eleito,ALEXANDRA MOREIRA DOMINGUES,MISSIONÁRIA ALEXANDRA,F,15/10/1972,Válido,13
51010,242,Não eleito,WEDER GOMES BENEVIDES,WEDER BENEVIDES,M,22/08/1988,Válido,51
51100,20,Não eleito,JORDAN MARVILA ALVES,JORDAN DE CANDÉUS,M,29/10/1966,Válido,51
51123,58,Não eleito,KASSIO DOS SANTOS,PASTOR KASSIO,M,03/08/1989,Válido,51
51925,62,Não eleito,JOCIMAR DA SILVA CABRAL,MAZINHO CABRAL DA CAXETA,M,09/07/1979,Válido,51
51234,177,Não eleito,LUCIANO DA CONCEIÇÃO CABRAL,LUCIANO DA SAÚDE,M,18/03/1972,Válido,51
51777,37,Não eleito,HENNER SCHEIDEGGER FONTES,HENNER DO FRADE,M,24/03/1989,Válido,51
51111,43,Não eleito,JOSE CLAUDIO MARVILA DO ESPIRITO SANTO,CLÁUDIO MARVILA,M,06/11/1971,Válido,51
51456,19,Não eleito,MARIA D'AJUDA CHAGAS DE OLIVEIRA MACHADO,DAJI DA GAMBOA,F,07/09/1988,Válido,51
51222,3,Não eleito,CATIA VALERIA DOS SANTOS RITA ESTEVÃO,MISSIONÁRIA KÁTIA,F,05/07/1972,Válido,51
51251,4,Não eleito,GEACIANE DE ALMEIDA FERREIRA,GEACIANE DE BOM SERÁ,F,30/08/1973,Válido,51
51333,98,Não eleito,RONALDO RAPOSO FERREIRA,RONALDO FERREIRA,M,31/10/1962,Válido,51
10456,203,Suplente,EDPO DO NASCIMENTO FERREIRA,ÉDPO FERREIRA,M,12/05/1988,Válido,10
10222,1146,Eleito,LUCIMAR ALVES SOARES,BIBICO,M,26/03/1963,Válido,10
10100,930,Eleito,ANTONIO CARLOS HELVÉCIO,CARLINHOS DE BRÍCIO ,M,06/09/1976,Válido,10
10201,11,Suplente,JUZENILDA GOMES FERNANDES,JUZA GOMES,F,25/11/1966,Válido,10
10321,72,Suplente,DOLIS SILVA LEAL,DOLYS LEAL,M,28/11/1986,Válido,10
10123,1262,Eleito,RENILDO NASCIMENTO PEÇANHA,RENILDO,M,06/01/1973,Válido,10
10111,6,Suplente,VANDA REGINA DUTRA DE ARAUJO LOPES,VANDA ARAUJO DA RODOVIÁRIA,F,04/12/1976,Válido,10
10999,41,Suplente,ROSEMERY NERY INÁCIO DO ROSÁRIO,MERY DO GARRAFÃO,F,18/02/1974,Válido,10
10000,1576,Eleito,JULIO CESAR FERREIRA DE MAGALHÃES,CESINHA DE BADO,M,23/07/1976,Válido,10
10188,80,Suplente,ELIANE SILVA DE OLIVEIRA FROSSARD,LILI (MELHOR IDADE),F,14/12/1984,Válido,10
10500,237,Suplente,ARILTON VENTURA FERREIRA,ARILTON VENTURA,M,16/09/1973,Válido,10
10555,685,Suplente,VANDILSON TOMAS DE ARAUJO,BROTHER,M,02/05/1969,Válido,10
10567,49,Suplente,GERALDA FERNANDES DE FREITAS,GERALDA VIANA ,F,14/06/1957,Válido,10
10789,470,Suplente,ANTONIO MARCOS DO NASCIMENTO MARVILA,MARQUINHOS DE EMÍLIO,M,13/09/1970,Válido,10
10333,339,Suplente,MAURÍCIO DOS SANTOS GALANTE,MAURICIO GALANTE ,M,12/06/1943,Válido,10
10444,94,Suplente,MARIA DO AMPARO DELFINO EVANGELISTA,BILICA MARIA DO POSTO,F,12/11/1974,Válido,10
20100,20,Não eleito,GLEIDIANE SIMÕES DOS SANTOS,GLEID,F,15/09/1993,Válido,20
20222,43,Não eleito,GILBERTO SOUZA DA SILVA,GILBERTO GENTE BOA,M,18/01/1970,Válido,20
20010,3,Não eleito,ANGELINA GOMES DA SILVA,ÂNGELA,F,15/11/1978,Válido,20
20000,65,Não eleito,LUCIANO MENDES MAITAN,MAITAN,M,24/12/1974,Válido,20
20123,105,Não eleito,ANTONIO MARCOS MODESTO DA SILVA,HELINHO DA LAJE,M,25/02/1971,Válido,20
20200,147,Não eleito,UDSON PEÇANHA DE QUEIROZ,UDSON,M,08/06/1975,Válido,20
40000,55,Suplente,JOSIVAN PEDRO DE OLIVEIRA SILVA,PASTOR JOSIVAN PEDRO,M,06/11/1977,Válido,40
40127,33,Suplente,CAMILE GERLY FELIX DE SOUZA FERREIRA SANTOS,CAMILE,F,02/03/1989,Válido,40
40888,7,Suplente,MARCELA NASCIMENTO E SILVA,MARCELA NASCIMENTO,F,04/02/1981,Válido,40
40333,26,Suplente,MARIZETE GOMES DE SOUZA,ZETINHA DE BOM SERÁ,F,23/02/1965,Válido,40
40444,27,Suplente,CARLOS ALBERTO LEANDRO CLETO,ZINHO DE ITAPEMIRIM,M,28/01/1980,Válido,40
40258,5,Suplente,KARLOS FERREIRA DA SILVA,NEGUINHO DA VILA,M,16/12/1986,Válido,40
40555,40,Suplente,ANDREA DE ARAUJO,ANDREA DE ARAUJO,F,23/08/1973,Válido,40
40456,33,Suplente,JOSE FRANCISCO CAVALCANTE GAIOTE,ZEZINHO DA SAUDE,M,27/12/1968,Válido,40
40222,580,Suplente,ROGERIO DA SILVA ROCHA,ROGERINHO ROCHA,M,29/10/1977,Válido,40
40789,19,Suplente,SABRINA DE FREITAS BARBOSA LOUZADA,SABRINA,F,02/06/1988,Válido,40
40321,22,Suplente,FERNANDO CESAR RODRIGUES DA SILVA,PROFESSOR FERNANDO CESAR,M,14/12/1977,Válido,40
40123,690,Eleito,JOÃO BECHARA NETTO,JOÃO BECHARA NETTO,M,06/09/1986,Válido,40
40999,27,Suplente,LEUZIANE FERREIRA ENDLICK,LEUZIANE,F,27/12/1983,Válido,40
40011,57,Suplente,PLINIO MARCOS LIMA LEAL,PLINIO MARCOS LEAL,M,11/07/1976,Válido,40
40111,438,Suplente,OZIEL DA CUNHA PEREIRA,OZIEL CUECA FILHO DE ADILA,M,08/10/1966,Válido,40
40666,7,Suplente,MARCOS ANTONIO CESARIO DA SILVEIRA,MARQUINHOS DO ARRAIAL,M,24/01/1991,Válido,40
17800,45,Não eleito,PAULO ROBERTO BATISTA FERREIRA,PAULINHO DE CANDEUS,M,02/11/1961,Válido,17
17888,27,Não eleito,SHIRLEY PEREIRA DE OLIVEIRA,SHIRLEY PEREIRA,F,24/10/1979,Válido,17
17120,25,Não eleito,JULIA GRAZIELE NUNES GABRIEL ALVES,JULIA GRAZIELE,F,10/12/1980,Válido,17
17190,12,Não eleito,ADEMIR PACHECO,SARGENTO PACHECO,M,26/08/1955,Válido,17
17123,44,Não eleito,ADRIANA RIBEIRO PRATTI,ADRIANA PRATTI,F,14/11/1971,Válido,17
17899,107,Não eleito,MARA LUCIA DA COSTA ALMEIDA DE FREITAS,MARA SAÚDE,F,03/12/1981,Válido,17
17225,21,Não eleito,JOSE GERALDO OLIVEIRA MION,PROFESSOR JOSE GERALDO,M,11/10/1970,Anulado,17
17000,119,Não eleito,DAVID RICARDO BEZERRA MUNIZ DE MORAIS,DAVID MORAIS,M,30/03/1984,Válido,17
12666,15,Suplente,MONIQUE LAPA COSTA,MONIQUE DE AFONSOS,F,13/05/1996,Válido,12
12300,236,Suplente,EDSON FERNANDO DE SOUZA LEAL,DOGE DO BLOCO,M,18/06/1971,Válido,12
12456,401,Suplente,THIAGO MARVILA PAZ,THIAGO DA AUTO ESCOLA,M,24/08/1981,Válido,12
12345,1061,Eleito,LENILDO HENRIQUES,LENILDO HENRIQUES,M,01/03/1967,Válido,12
12789,74,Suplente,ELDO DIAS RODOVALHO,ELDO DO GARRAFÃO,M,11/07/1967,Válido,12
12088,14,Suplente,DELMA MOREIRA CORREA,DELMA,F,05/06/1961,Válido,12
12012,86,Suplente,PATRICK XAVIER DE JESUS,PATRICK DE FAZENDA VELHA,M,02/11/1992,Válido,12
12222,487,Suplente,LEONARDO FRAGA ARANTES,PATINHO,M,20/05/1980,Válido,12
12111,80,Suplente,VANDERLEIA DA SILVA ROZA,VANDERLEIA DE CÓRREGO DO OURO,F,10/09/1976,Válido,12
12333,860,Eleito,JOSÉ DE OLIVEIRA LIMA,ZÉ LIMA,M,03/04/1967,Válido,12
12123,484,Suplente,VAGNER SANTOS NEGRINE,VAGUINHO ,M,20/02/1977,Válido,12
12000,629,Suplente,ALQUIMAR FERREIRA DA SILVA,MAZINHO DE MENDES,M,20/03/1973,Válido,12
12021,12,Suplente,ROSILENE PESSOA MUNIZ,ROSI DO ARTESANATO,F,20/08/1968,Válido,12
12151,75,Suplente,SANDRA DO NASCIMENTO COIMBRA,SANDRA DO GOMES,F,09/02/1977,Válido,12
12555,928,Eleito,ERASTO DA COSTA ROCHA,ERASTO,M,17/11/1964,Válido,12
