numero,votos_nominais,situacao,nome,nome_urna,sexo,data_nasc,destino_voto,numero_partido
25123,23,Suplente,JEUCEMAR WAGEIMUCKES,JEUCEMAR (JELSIM),M,26/07/1970,Válido,25
25333,42,Suplente,WILSON SEDDA,WILSOM DA LATINHA,M,22/07/1956,Válido,25
25113,66,Suplente,RONALDO BORGES DE OLIVEIRA,RONALDO BORGES,M,06/03/1978,Válido,25
25777,16,Suplente,DANIELA FELÍCIO PIO,DANE,F,18/03/1987,Válido,25
25555,138,Eleito,VANILDO SALVADOR,VANILDO SALVADOR,M,18/11/1970,Válido,25
25789,55,Suplente,JESSICA PEREIRA SALVADOR,JÉSSICA SALVADOR,F,16/12/1991,Válido,25
25999,12,Suplente,WALTER JOSE CHODACKI,TICHÉ ELETRICISTA,M,05/11/1951,Válido,25
25010,38,Suplente,LUSIMAR BARBOZA LIMA,ZIMAR BARBOSA,M,26/07/1962,Válido,25
25007,40,Suplente,ADRIANA MARQUES LOURETH,ADRIANA ENFERMEIRA,F,24/02/1981,Válido,25
25356,99,Suplente,ROZILEIA BONEZI PEREIRA,ROZI BONEZI,F,19/08/1984,Válido,25
25678,99,Suplente,LAURINDO CARDOSO DE ALMEIDA,LAURINDO CARDOSO,M,05/10/1958,Válido,25
23233,98,Suplente,JOSÉ ELIAS REZENDE DE CARVALHO,ZÉ ELIAS,M,11/12/1952,Válido,23
23256,169,Eleito,AGUIMAR CELANTI,MAZO CELANTI,M,19/10/1967,Válido,23
23789,144,Suplente,ROSE HELENA WAGEIMUCKES,ROSA DO MOROBA,F,25/08/1965,Válido,23
23000,85,Suplente,IURY DEPRA,IURY DEPRA,M,05/07/1993,Válido,23
23678,81,Suplente,LÚCIO MARQUESINI,LUCIO MARQUESINI,M,13/12/1970,Válido,23
23123,59,Suplente,JOCEMAR RUBIM,MAZINHO DA AMBULANCIA,M,03/10/1961,Válido,23
23456,118,Suplente,JULIANO ROCHA DE SOUZA CORDEIRO,JULIANO DO MEL,M,03/04/1989,Válido,23
23777,15,Suplente,ANA PAULA DA SILVA,ANA PAULA,F,26/05/1985,Válido,23
23333,17,Suplente,SONIA MARIA DOS SANTOS CARDOSO,SONIA CARDOSO,F,03/02/1966,Válido,23
17123,11,Não eleito,TATIANE DOS SANTOS TIBURCIO,TATI DO AMARO,F,21/08/1986,Válido,17
90789,14,Não eleito,LÚCIA GONÇALVES CHAGAS,LÚCIA GONÇALVES,F,12/01/1975,Válido,90
90410,31,Não eleito,EDIVALDO MALAGUTTI,MALAGUTTI MASSOTERAPEUTA,M,04/12/1970,Válido,90
90111,8,Não eleito,SANDRA REGINA LYRIO,SANDRA DA SUCATA,F,08/10/1968,Válido,90
90900,16,Não eleito,SEBASTIÃO FERREIRA,TIÃO,M,19/01/1961,Válido,90
90145,8,Não eleito,MÁRIO PEREIRA,MÁRIO PEREIRA,M,25/10/1948,Válido,90
90234,31,Não eleito,MARGARIDA SCALZER BOSCAGLIA,MARGARIDA BOSCAGLIA,F,03/02/1966,Válido,90
90556,19,Não eleito,CARMEN FABRES,CARMINHA,F,06/04/1963,Válido,90
90000,91,Não eleito,LARISSA MARIELLEN DE PAULO POUBEL GAZOLLI,LARISSA ENFERMEIRA,F,10/08/1985,Válido,90
90123,66,Não eleito,NILSON RUBIM DE SOUZA,NILSON TRAÍRA,M,09/02/1964,Válido,90
55222,2,Não eleito,IASMIM PINHEIRO DA SILVA,IASMIM,F,06/03/2002,Válido,55
55000,44,Não eleito,ANGELO ANASTACIO ZORZANELLI,ANJIM,M,29/07/1970,Válido,55
55456,4,Não eleito,EVA RELE NASCIMENTO,EVA RELE,F,10/10/1965,Válido,55
55123,33,Não eleito,GILBERTO CORREA DA SILVA,GIL PAIN,M,11/06/1979,Válido,55
11777,52,Suplente,ALAIR ROSEIRA,ALAIR,M,10/07/1974,Válido,11
11456,13,Suplente,MARLUZA GABRIEL MEZZADRI,MARLUZA,F,12/02/1961,Válido,11
11222,27,Suplente,ELIZANGELA DA SILVA SALVADOR,ELIZANGELA,F,04/12/1984,Válido,11
11111,356,Eleito,ISRAEL STAUFFER SCHERRER,RAEL SCHERRER,M,10/02/1964,Válido,11
11236,6,Suplente,MARCELO MOURA DA SILVA,MARCELO MOURA,M,23/02/1988,Válido,11
11001,13,Suplente,CREUSA APARECIDA NEVES DA CONCEIÇÃO,CREUSA NEVES,F,24/09/1975,Válido,11
11125,9,Suplente,VALMIR DE OLIVEIRA,NEGUINHO DOS DALMASO,M,15/11/1976,Válido,11
11333,8,Suplente,IVANETTE VIEIRA DA SILVA,NETE,F,07/02/1978,Válido,11
22107,20,Suplente,CLEUDIMARA BONIFACIO ADÃO,CLEUDIMARA,F,09/09/1971,Válido,22
22233,16,Suplente,IVANETE FRANSCOVIAKI,VANETE,F,11/02/1965,Válido,22
22456,102,Suplente,MILTON BISPO,MILTINHO BISPO,M,05/04/1975,Válido,22
22789,39,Suplente,EDEZIO CALLEGARI,EDEZIO CALLEGARI,M,25/10/1960,Válido,22
22000,10,Suplente,LAUDICEA PEREIRA TRANCOSO FERREIRA,LAUDICEA,F,22/07/1971,Válido,22
22111,9,Suplente,MAYK PEISINO,MAYK,M,08/01/1997,Válido,22
22333,110,Suplente,JOCIMA MENDES MONTEIRO,CIMAZINHO DO LEITE,M,03/06/1969,Válido,22
22229,28,Suplente,LARA FAVERO TREVIZANI,LARA,F,09/09/2002,Válido,22
22444,38,Suplente,GUSTAVO ANTUNES BRAVO,GUSTAVO,M,26/03/1998,Válido,22
22555,145,Eleito,LEONEL MENEGUITE,LEONEL,M,09/09/1981,Válido,22
22222,107,Suplente,VALDECIR PIMENTA DA SILVA,VALDECIR DA LOTERICA,M,17/12/1974,Válido,22
40237,4,Suplente,LAURIANA PERINI SANTANA,LAURIANA PERINI,F,21/03/1991,Válido,40
40333,81,Suplente,ELISON CÁCIO CAMPOSTRINI,PROFESSOR ELISON,M,05/07/1972,Válido,40
40000,230,Eleito,DANILO HENRIQUE BALLARINI,DANILO BALLARINI,M,24/04/1992,Válido,40
40999,54,Suplente,DARLENE OTT,DARLENE OTT,F,02/03/1990,Válido,40
40123,109,Suplente,EDUARDO MENEGUITE QUEIROZ,EDUARDO QUEIROZ,M,20/04/2000,Válido,40
40007,8,Suplente,JOB NARCISO,JOB,M,11/02/1951,Válido,40
40555,354,Eleito,AMILTON TREVISANI,AMILTON FRANGÃO,M,04/09/1969,Válido,40
40040,87,Suplente,EDILEZIO GODIO,EDILEZIO GODIO,M,16/04/1983,Válido,40
40420,25,Suplente,EDUARDO ROSA,EDUARDO FUZZUKI,M,22/02/1996,Válido,40
40777,20,Suplente,LUCIANA DE SOUSA CASTRO,LUCIANA DO CARTÓRIO,F,02/11/1983,Válido,40
33003,56,Suplente,RODRIGO ROFFOMANN,RODRIGO ROFFOMANN,M,04/02/1986,Válido,33
33123,202,Suplente,ROSANGELA SILVESTRE NOGUEIRA,RÔ DO SALÃO,F,10/02/1974,Válido,33
33234,25,Suplente,ELIOMAR LINO DOMICIANO,ELIOMAR DOMICIANO,M,06/06/1986,Válido,33
33233,6,Suplente,LINDOMAR RIBEIRO DA VITÓRIA,LINDOMAR DA VITÓRIA,M,30/03/1974,Válido,33
33303,260,Eleito,CARLOS ALBERTO FERREIRA,CABRITO,M,08/12/1966,Válido,33
33803,2,Suplente,MARIA DA PENHA MOZER DAS VIRGENS,MARIA DA PENHA,F,21/08/1966,Válido,33
33113,44,Suplente,MARIA JOSE BATISTA ERVATTI,MARIA ERVATTI,F,24/05/1968,Válido,33
33333,232,Eleito,SERGIO LUIZ TAMANINI,SERGINHO,M,17/03/1982,Válido,33
33456,53,Suplente,FABIO CARVALHO OLIVEIRA,FABIM,M,14/01/1984,Válido,33
45789,170,Não eleito,VALQUIRIA MORELLO TAMANINI,VALQUIRIA MORELLO TAMANINI,F,03/05/1972,Válido,45
45234,63,Não eleito,ELTON DEPRA,ELTON DEPRA,M,22/11/1982,Válido,45
45123,5,Não eleito,AGILDO BARBOSA ALVES,AGILDO BARBOSA DA SILVA,M,02/09/1985,Válido,45
10000,81,Suplente,ANA VERÔNICA MALACARNE,ANA VERÔNICA MALACARNE,F,01/10/1963,Válido,10
10111,156,Suplente,GUILHERME LUIZ LUDTKE,GUILHERME ENFERMEIRO,M,03/08/1961,Válido,10
10222,75,Suplente,ALEXANDRE DA CONCEIÇÃO,XANDE DO PARADINHA,M,20/01/1986,Válido,10
10999,171,Eleito,NILDO CARLOS PECEMILIS,MILTINHO DA FARMÁCIA,M,29/03/1966,Válido,10
10444,24,Suplente,AILSON SPERANDIO AZEREDO,AILSON AZEREDO,M,05/02/1965,Válido,10
10007,102,Suplente,JOSUÉ DO NASCIMENTO,NASCIMENTO,M,26/12/1967,Válido,10
10010,6,Suplente,ARLETE MONTE ALMEIDA GABRIEL,ARLETE,F,23/03/1960,Válido,10
10333,69,Suplente,MARCELINO ARAGON DE ANDRADE,MARCELINO ANDRADE,M,25/05/1981,Válido,10
10123,103,Suplente,ADRIANI MARIA GUALBERTO DE SOUZA,ADRIANINHA,F,10/07/1974,Válido,10
