numero,votos_nominais,situacao,nome,nome_urna,sexo,data_nasc,destino_voto,numero_partido
55000,126,Não eleito,DELBA REGINA DE OLIVEIRA RODRIGUES,PROFESSORA DELBA,F,25/07/1962,Válido,55
55190,194,Não eleito,BENEDITO CORREA DA SILVA,CAPITÃO DHITO,M,09/09/1968,Válido,55
55047,13,Não eleito,MARIA MARLENE PEREIRA DE OLIVEIRA SURIGUE ALVES,MARLENE ALVES,F,26/10/1966,Válido,55
55222,31,Não eleito,MARIO ROBERTO SILVA RODRIGUES,PASTOR MARIO DO SALGADO,M,06/03/1964,Válido,55
55789,22,Não eleito,ROSANGELA FERREIRA DE SANTANA MATILDES,ROSANGELA DE SANTA ROSA,F,20/07/1967,Válido,55
55464,94,Não eleito,CLAUDEMIR DOS SANTOS SILVA,JURUNA,M,10/07/1973,Válido,55
55010,8,Não eleito,DEJAI PINTO FERREIRA,DEJAI DO ESPORTE,M,18/05/1979,Válido,55
55457,62,Não eleito,JOSINA VALENTINO FONSECA,JOSI DESPACHANTE,F,22/02/1958,Válido,55
55028,30,Não eleito,DAINE LOPES MOREIRA BRITO,DAINE LOPES,F,28/11/1991,Válido,55
55556,6,Não eleito,WALDIR DA SILVA VIANA FILHO,WALDIR FILHO,M,12/12/1956,Válido,55
55747,2,Não eleito,HELDENI SILVA LOPES,DENI,M,23/07/1964,Válido,55
55678,186,Não eleito,LUIZ CESAR ROSA SIMOES,LUIZ ROSA,M,08/11/1963,Anulado,55
55741,47,Não eleito,JOSE CARLOS LIMA,DR LIMA,M,25/06/1952,Válido,55
55456,10,Não eleito,SEBASTIAO DE SOUZA,TIAO DE SOUZA,M,23/05/1958,Válido,55
55123,357,Não eleito,THIAGO DE OLIVEIRA DUTRA,THIAGO OLIVEIRA,M,05/04/1980,Válido,55
55181,50,Não eleito,EMERSON GONÇALVES DA ROCHA,DELEGADO EMERSON,M,12/12/1952,Válido,55
55125,56,Não eleito,MARCOS ANTONIO DOS REIS ESTEVES,MARCOS ESTEVES,M,15/06/1965,Válido,55
55017,56,Não eleito,ITAMAR CRISTINO MARINHO,ITAMAR,M,19/05/1959,Válido,55
55646,31,Não eleito,RAIANNY SANTOS HONORATO,RAIANNY HONORATO,F,19/01/1989,Válido,55
55677,54,Não eleito,ANA MARIA DE PAULO BELONI,ANA BELONI,F,28/11/1965,Válido,55
55555,5,Não eleito,GABRIEL HENRIQUE COSTA AIRES,DR GABRIEL AIRES,M,29/08/1988,Válido,55
55024,78,Não eleito,IDEVALDO DE OLIVEIRA CORSINI,EDINHO,M,27/02/1964,Válido,55
55231,4,Não eleito,VANESSA DOS SANTOS SOUZA,VANESSA,F,23/10/1986,Válido,55
55492,20,Não eleito,ADENILDA DOS SANTOS BARRA,ADENILDA BARRA,F,12/07/1969,Válido,55
55777,59,Não eleito,EDIVALDO EVANGELISTA DOS SANTOS JUNIOR,JUNIOR SANTOS,M,28/11/1985,Válido,55
55444,14,Não eleito,JOAO MANOEL AZEREDO,JOAO MANOEL,M,21/07/1955,Anulado,55
20222,98,Não eleito,NOELSON DE SOUZA RODRIGUES,NOELSON RODRIGUES,M,26/06/1992,Válido,20
20333,27,Não eleito,MYCHEL DOS REIS NEIRA,MYCHEL REIS,M,22/07/1988,Válido,20
20010,41,Não eleito,SANDRO DE BRUIM PEREIRA,SANDRO DE BRUIM,M,05/06/1985,Válido,20
20777,13,Não eleito,MARIA PONTES DE SOUZA,MARIA PONTES GRACINHA,F,11/11/1948,Válido,20
20220,440,Não eleito,DÉBORA PEREIRA DE SOUSA NASCIMENTO,DEBORA DE SOUSA,F,01/11/1976,Válido,20
20027,84,Não eleito,DIEGO MEDEIROS ALVES,DIEGO MEDEIROS,M,09/01/1994,Válido,20
20255,67,Não eleito,CARLOS FRANCISCO NERIS,CARLOS NERIS,M,03/09/1968,Válido,20
20123,133,Não eleito,LUCAS FERNANDES COUTINHO,LUCAS COUTINHO,M,12/08/1980,Válido,20
20000,127,Não eleito,KLAUSS MIRANDA ALVES,PASTOR KLAUSS,M,16/07/1991,Válido,20
20555,118,Não eleito,IVAN BRASIL DE VASCONSELOS,IVAN BRASIL,M,06/10/1980,Válido,20
20012,29,Não eleito,LUCAS COELHO DE SOUZA MARINS,LUCAS COELHO,M,12/05/1994,Válido,20
20038,69,Não eleito,DINALVA FERNANDES DA SILVA,DINA FERNANDES,F,07/03/1980,Válido,20
20111,27,Não eleito,JOSE BRAZ ANDRADE SILVA,ZÉ BRAZ ANDRADE,M,06/03/1967,Válido,20
20020,59,Não eleito,SEBASTIÃO CLESTOFEM RIBEIRO DO NASCIMENTO,LÉO RIBEIRO,M,15/08/1987,Válido,20
20017,19,Não eleito,AIBE MARQUES DE SOUZA,CARIOCA,M,31/12/1972,Válido,20
20200,9,Não eleito,MARCIA SALUSTIANA DO CARMO,MARCIA CARMO,F,11/11/1977,Válido,20
20001,233,Não eleito,SÁVIO DA SILVA,PASTOR SÁVIO SILVA,M,02/02/1986,Válido,20
20444,17,Não eleito,ANGELICA PEREIRA DA COSTA,ANGELICA COSTA,M,19/08/1976,Válido,20
20791,6,Não eleito,VANIA MORESCHI LAEBER,PROFESSORA VANIA MORESCHI,F,25/05/1983,Válido,20
23700,80,Suplente,ALINE LAIBER SANTOS DE OLIVEIRA PASSOS,ALINE LAYBER,F,11/08/1981,Válido,23
23423,7,Suplente,MARIA APARECIDA DIAS RIBEIRO,MARIA APARECIDA,F,05/10/1976,Válido,23
23200,397,Suplente,ALEX SANDRO BAPTISTA SIMÕES,SANDRO DO OLARIA,M,23/01/1972,Válido,23
23331,593,Suplente,PAULO SIMÕES CIRINO,PAULO CIRINO,M,30/05/1965,Válido,23
23500,28,Suplente,LOANA ARAUJO GALVÃO,LOANA GALVÃO,F,12/02/1993,Válido,23
23443,19,Suplente,JOSEFA ANDRADE CAÇADOR,JOSÉFA CAÇADOR,F,22/04/1959,Válido,23
23999,50,Suplente,JOÃO DIAS DA SILVA,JOÃO DIAS,M,15/10/1956,Válido,23
23234,169,Suplente,JOSÉ CARLOS ANTÔNIO DOS SANTOS,KÁKÁ,M,31/01/1984,Válido,23
23716,35,Suplente,SAMUEL DA ROCHA FERREIRA,SAMUEL ROCHA,M,07/01/1985,Válido,23
23111,29,Suplente,JOSÉ MAURO GOMES CORREIA,IRMÃO JOSÉ,M,02/10/1974,Válido,23
23222,253,Suplente,ROSANGELA GOMES DE ABREU,ROSÂNGELA ABREU,F,23/02/1979,Válido,23
23555,582,Suplente,RODRIGO GUISSO SANTANA,RODRIGO SANTANA,M,09/10/1981,Válido,23
23444,697,Suplente,MALAQUIAS NUNES VIEIRA DE OLIVEIRA,KIKO MALAQUIAS,M,21/09/1979,Válido,23
23321,166,Suplente,ROBERTO STOCKLER SIMÕES,ROBERTO STOCKLER,M,03/04/1979,Válido,23
23579,2,Suplente,ERICA FERNANDA RAMOS,ÉRICA RAMOS,F,23/06/1974,Válido,23
23777,34,Suplente,FAUSE MATTAR,FAUSE MATTAR,M,10/03/1967,Válido,23
23420,64,Suplente,DOUGLAS ASSIS,DOUGLAS ASSIS,M,31/07/1984,Válido,23
23888,24,Suplente,GILMAR ALVES DA SILVA,GILMAR ALVES,M,27/08/1973,Válido,23
23001,156,Suplente,SÉRGIO PINTO DE JESUS,SÉRGIO COQUINHO,M,24/07/1959,Válido,23
23023,355,Suplente,LUCAS FRANCISCO NETO,DOUTOR LUCAS,M,28/11/1989,Válido,23
23123,1247,Eleito,ROSANA SILVA DE SOUZA,ROSANA PINHEIRO,F,11/01/1973,Válido,23
23000,813,Eleito,CARLOS EDUARDO DOS SANTOS NASCIMENTO,DUDU CORRETOR,M,11/02/1968,Válido,23
23333,236,Suplente,BRUNO LYRA NEVES,BRUNO LYRA,M,05/04/1983,Válido,23
23552,8,Suplente,MARIA DE FÁTIMA COSTA GOMES,FÁTIMA DO KUBITSCHEK,F,12/10/1968,Válido,23
23456,522,Suplente,AFONSO RODRIGUES PEREIRA FILHO,AFONSO RODRIGUES,M,12/09/1964,Válido,23
70234,304,Suplente,CÍCERO DOMINGOS DA SILVA,DOMINGUINHOS,M,31/07/1967,Válido,70
70789,12,Suplente,ELIZABETE CRISTINA DE AZEVEDO,BETINHA AZEVEDO,F,22/01/1963,Válido,70
70220,12,Suplente,VANESSA SILVA SOUZA,VAN SOUZA,F,29/03/1987,Válido,70
70038,164,Suplente,ANASTACIO DANTAS,DANTAS EBENÉZER,M,09/11/1961,Válido,70
70703,128,Suplente,FABIO RAMOS DE MOURA,FABIO RAMOS,M,16/11/1983,Válido,70
70337,167,Suplente,FABIANO DOS SANTOS,FABIANO DA TV SUDESTE,M,25/08/1969,Válido,70
70456,247,Suplente,RAQUEL FREITAS DE CARVALHO,RAQUEL,F,26/11/1966,Válido,70
70880,24,Suplente,PATRICIA CALATRONE XAVIER,PATRICIA CALATRONE,F,17/02/1973,Válido,70
70007,88,Suplente,MARIO LUIZ FERNANDES DO NASCIMENTO,IRMÃO MARIO LUIZ,M,06/12/1969,Válido,70
70600,29,Suplente,REGIANE ALFENAS DEZAN,REGIANE ALFENAS,F,29/12/1978,Válido,70
70777,31,Suplente,JOSIAS PINTO DA SILVA,JOCA,M,28/05/1964,Válido,70
70111,522,Suplente,JOAQUIM EDUARDO MOREIRA,DUDU DO SANGUE,M,28/04/1966,Válido,70
70100,327,Suplente,SELMA FERNANDES DE SOUZA,PASTORA SELMA PIMENTA,F,12/11/1975,Válido,70
70500,30,Suplente,DERLEIDE DA PENHA GOMES LEAL PAULA,DERLEIDE,F,26/04/1976,Válido,70
70027,76,Suplente,WILCLER CARVALHO LOPES,WILCLER CARVALHO,M,21/06/1976,Válido,70
70700,155,Suplente,FABIO HENRIQUES SIQUEIRA,FABIO HENRIQUES,M,19/06/1975,Válido,70
70321,53,Suplente,LUCIANO SOAVE DE OLIVEIRA,LUCIANO SOAVE,M,27/04/1987,Válido,70
70222,98,Suplente,WAGNER GOLTARA DE JESUS,WAGNER GOLTARA,M,01/01/1983,Válido,70
70000,191,Suplente,AGUINALDO JUNIOR ARAUJO VIEIRA,JUNIOR AUTO ESCOLA,M,08/04/1970,Válido,70
70888,98,Suplente,JOAO VITOR FOLLADOR DE MORAES JARDIM,JOÃO VITOR FMJ,M,19/01/1990,Válido,70
70333,18,Suplente,FELIPPE ROSA PIONTKOVSKY,CABO FELIPPE,M,14/07/1986,Válido,70
70123,581,Eleito,MAXWELL JOAO DOS SANTOS JUNIOR,MAX JUNIOR,M,14/05/1985,Válido,70
70771,533,Suplente,CILIO LYRA DOS SANTOS,CILIO LYRA,M,18/09/1966,Válido,70
70990,23,Suplente,KELLY VIEIRA PAIXAO,KELLY PAIXAO,F,06/09/1980,Válido,70
70001,213,Suplente,ALEXANDRE VALIM MACHADO,PROF ALEXANDRE VALIM,M,19/08/1972,Válido,70
70318,17,Suplente,MILTON LIMA DO NASCIMENTO,MILTONS,M,01/12/1970,Válido,70
27610,650,Eleito,SABRINA BUBACH ASTORI,SABRINA ASTORI,F,11/03/1996,Válido,27
27070,36,Suplente,ROGÉRIO BERNARDO,DR ROGÉRIO BERNARDO,M,22/07/1978,Válido,27
27890,221,Suplente,LUIZ CARLOS ARPINI,LUIZ ARPINI,M,25/08/1961,Válido,27
27190,274,Suplente,PAULO ROGÉRIO SANTOS MAIA,SARGENTO MAIA,M,07/03/1970,Válido,27
27038,290,Suplente,VINICIUS LINO NASCIMENTO,VINICIUS LINO,M,25/02/1998,Válido,27
27234,104,Suplente,CAIÊ HOFSTATTER,CAIÊ HOFSTATTER,M,22/02/1983,Válido,27
27000,153,Suplente,ALEXSANDRO GAIGHER ALBANI,ALEX GAIGHER ALBANI,M,22/04/1982,Válido,27
27333,43,Suplente,HERMES SOUZA MENDES,HERMES DO TURISMO,M,09/05/1977,Válido,27
27800,3,Suplente,MARCO AURELIO MANCINI,MANCINI,M,05/09/1978,Válido,27
27222,92,Suplente,TATIANA DOS SANTOS OLIVEIRA,TATIANA OLIVEIRA,F,23/12/1984,Válido,27
27007,23,Suplente,ALTAIR BARROS TEIXEIRA,SARGENTO TEIXEIRA,M,28/02/1959,Válido,27
27777,26,Suplente,ALEXANDRE DE MENEZES,MISSIONÁRIO ALEXANDRE,M,15/09/1975,Válido,27
27028,21,Suplente,JARINA TEIXEIRA DE CASTRO VIEIRA,JARINA CASTRO,F,28/07/1973,Válido,27
27700,88,Suplente,CELIENE JESUS ALVES DOS SANTOS,CELIENE,F,10/03/1982,Válido,27
27111,17,Suplente,ANTONIO MARCOS MOREIRA AMBROZINI,MARCOS AMBROZINI,M,05/09/1978,Válido,27
27123,482,Suplente,PAULA DE SOUZA ZANON ALVES,DRA PAULA ZANON,F,04/07/1982,Válido,27
27888,15,Suplente,MARLON LOPES DA SILVA,MARLON LOPES LOPINHO,M,04/02/1990,Válido,27
27051,47,Suplente,MANOEL PEREZ VALENTIM,BAIXINHO AMBULANTE,M,22/11/1969,Válido,27
27555,56,Suplente,RAIMUNDA CARLA ALVES DA SILVA,CARLA DA EXCURSÃO,F,13/05/1971,Válido,27
27600,22,Suplente,OSWALDO BATISTA,OSWALDO BATISTA,M,25/01/1957,Válido,27
27200,27,Suplente,LÉA ALMEIDA DA SILVA,LÉA ALMEIDA,F,13/10/1953,Válido,27
27227,189,Suplente,RUTELÉA WANDEKOKEN ROCIO,RUTELÉA WANDEKOKEN,F,20/03/1975,Válido,27
12345,109,Suplente,ELDER GERALDO DE SOUZA,PROFESSOR ELDER,M,20/10/1962,Válido,12
12300,43,Suplente,ILDIONE MARIA PEREIRA SOUZA,ILDIONE PEREIRA,F,30/09/1972,Válido,12
12555,317,Suplente,RICARDO DA COSTA ZANDOMINGO,PROF. RICARDO ZANDOMINGO,M,11/02/1976,Válido,12
12000,349,Suplente,TARCISIO RIBEIRO DIAS SILVA,TARCISIO RIBEIRO,M,31/08/1975,Válido,12
12222,13,Suplente,PATRICIA FERREIRA OLIVEIRA,TIA PATY,F,03/11/1965,Válido,12
12444,11,Suplente,EDINEIA DE SOUZA,EDINEIA DE SOUZA,F,22/06/1982,Válido,12
12888,20,Suplente,CARLOS EDUARDO NUNES RIBEIRO,EDUARDO LOBÃO ,M,16/04/1966,Válido,12
12612,88,Suplente,JOSE RICARDO BARBOSA RODRIGUES,PROF. RICARDO RODRIGUES ,M,12/11/1978,Válido,12
12456,1177,Eleito,LUCIANO COSTA LOIOLA BRUNO,PROFESSOR LUCIANO,M,03/09/1980,Válido,12
12777,9,Suplente,RAQUEL MARIA STEIN,RAQUEL STEIN,F,14/09/1980,Válido,12
12123,841,Suplente,MARCOS ANTONIO DA SILVA DE SOUZA GRIJÓ,MARCOS GRIJÓ,M,11/06/1969,Válido,12
12344,5,Suplente,RENATA GEANE LACERDA RIBEIRO,RENATA LACERDA,F,27/01/1978,Válido,12
12012,208,Suplente,FABIO GOMES LOUROSA,DR FABIO PLINIO LOUROSA,M,27/10/1967,Válido,12
22678,307,Suplente,LOURENÇO DELAZARI NETO,LOURENÇO,M,16/10/1967,Válido,22
22000,565,Suplente,JAIR GOTARDO,JAIR GOTARDO,M,24/02/1957,Válido,22
22027,8,Suplente,BRUNA CAMARGO OLIVEIRA,BRUNA,F,26/12/1996,Válido,22
22100,65,Suplente,MARISA CAPISTRANO REIS,MARISA,F,08/01/1956,Válido,22
22201,29,Suplente,IZAIAS MARQUES DO SANTOS,ISAIAS MARQUES,M,18/01/1990,Válido,22
22500,6,Suplente,ELIZANGELA XAVIER DOS SANTOS,LILI,F,11/08/1975,Válido,22
22777,738,Eleito,MARCELO NASCIMENTO ROSA,MARCELO ROSA,M,17/08/1971,Válido,22
22700,3,Suplente,SÔNIA BARCELOS DE LIMA,SÔNIA SETIBA,F,02/08/1983,Válido,22
22133,91,Suplente,GESAÍAS DE OLIVEIRA,OLIVEIRA DO UNA,M,21/11/1945,Válido,22
22111,397,Suplente,NILTON CESAR MURARI DA VITORIA,PIQUIRA,M,01/05/1970,Válido,22
22141,148,Suplente,MICHEL ORSELINO MENDES,MICHEL MENDES,M,29/04/1988,Válido,22
22123,466,Suplente,JORGE FIGUEIREDO GONÇALVES,JORGE FIGUEIREDO,M,24/11/1967,Válido,22
22300,73,Suplente,SAMUEL BATISTA MARQUES,SAMUCA DO COCO,M,02/11/1976,Válido,22
22800,8,Suplente,SIRLENE BALDEZ SILVA DE ALBUQUERQUE,SIRLENE,F,06/05/1965,Válido,22
22022,5,Suplente,FLOSINA SOARES DE MATOS,TIA FLOR,F,17/09/1953,Válido,22
22117,67,Suplente,EDSON CARDOSO DOS SANTOS,EDSON,M,28/05/1976,Válido,22
22555,0,Suplente,MANSOUR CADAIS FILHO,MANSOUR CADAIS,M,10/07/1951,Válido,22
22610,126,Suplente,IZAQUEU DA CONCEIÇÃO KOBI,IZAQUEU,M,15/02/1960,Válido,22
28202,9,Não eleito,GLAUCIA TRANCOSO,GLAUCIA TRANCOSO,F,24/02/1974,Válido,28
28123,75,Não eleito,PAULO SERGIO RIBEIRO GARCIA,PAULINHO GARCIA,M,04/05/1976,Válido,28
28222,6,Não eleito,JESSICA DE JESUS MARQUES,JESSICA MARQUES,F,01/07/1991,Válido,28
28999,249,Não eleito,MICHEL GEGENHEIMER DA SILVA,DOUTOR MICHEL,M,09/05/1981,Válido,28
28000,98,Não eleito,JOALISON NEVES DE CARVALHO,JOALISON NEVES,M,29/12/1984,Válido,28
28713,39,Não eleito,AYRTON COSTA E SILVA NETO,AYRTON,M,16/12/1961,Válido,28
28777,74,Não eleito,ALBÉRICO DE JESUS,ALBÉRICO DE JESUS,M,10/04/1964,Válido,28
28888,19,Não eleito,JORGE EGBERT WEYTINGH JUNIOR,JORGE ANJOS,M,21/02/1974,Válido,28
28111,81,Não eleito,SEBASTIÃO ALBERTO DE SOUZA,SEBASTIÃO IDEAL,M,10/12/1972,Válido,28
28555,36,Não eleito,MIRIAN REGINA DOS SANTOS,MIRIAN SALGADOS,F,30/03/1973,Válido,28
90000,57,Não eleito,CAMILO MENDES DOS SANTOS,CAMILO MENDES,M,03/09/1989,Válido,90
90666,4,Não eleito,JOSÉ WILSON SILVA MORAIS,JOSÉ WILSON,M,23/04/1961,Válido,90
90777,127,Não eleito,SHEILA DE SOUZA BOURGUIGNON,ENFERMEIRA SHEILA BOURGUIGNON,F,28/10/1975,Válido,90
90456,127,Não eleito,INALDO PEREIRA,INALDO PEREIRA,M,22/08/1971,Válido,90
90444,3,Não eleito,RICARDO CORREA DE MELO,RICARDO CORREA,M,03/11/1981,Válido,90
90333,137,Não eleito,JAILZA RODRIGUES DA SILVA,PPROFESSORA JAILZA,F,26/11/1965,Válido,90
90111,20,Não eleito,SIMONE DE ALMEIDA SANTOS,SIMONE DE ALMEIDA,F,18/09/1975,Válido,90
90900,11,Não eleito,ADEMIR ROBERTO DA SILVA,BETO DO FERRO VELHO,M,06/10/1953,Válido,90
90888,16,Não eleito,VALDIVINO DE JESUS,VALDIVINO,M,24/12/1955,Válido,90
90800,13,Não eleito,RENI JOSÉ SILVEIRA FREITAS,RENI MENACHEM,M,14/04/1944,Válido,90
90999,28,Não eleito,ROSANEA MEZABERBA VIEIRA CUNHA,ROSE MEZABARBA,F,10/11/1971,Válido,90
90222,55,Não eleito,JOSÉ GONÇALVES DE SOUZA,ZÉ DA ILHA,M,21/11/1964,Válido,90
90123,213,Não eleito,ELVIS FIGUEIRA DE FREITAS,PROFESSOR ELVIS DE FREITAS,M,01/01/1978,Válido,90
13555,15,Não eleito,TADEU VILLANOVA DE MELLO,TADEU VILLANOVA,M,03/11/1955,Válido,13
13013,174,Não eleito,MANOEL FERREIRA COUTO,MANOEL DA KIDELÍCIA,M,18/02/1960,Válido,13
13123,444,Não eleito,HELIO BUBACH,PROFESSOR HELIO,M,22/06/1967,Válido,13
13444,36,Não eleito,ERISMAL SILVA DE ARAÚJO,ERISMAL ARAÚJO,M,04/12/1962,Válido,13
13333,60,Não eleito,MARLENE CELDA AMADO DEMICHELI,MARLENE CELDA,F,29/06/1964,Válido,13
13133,221,Não eleito,BEATRIZ VIEIRA BUENO,BEATRIZ BUENO,F,14/11/1945,Válido,13
13031,27,Não eleito,MARIA HELENA BRANDÃO ANDRADE MAIOLI,LENA BRANDÃO,F,17/07/1971,Válido,13
13312,25,Não eleito,MARCELA ROMÃO SILVA,MARCELA ROMÃO,F,23/05/1982,Válido,13
13370,21,Não eleito,MARCIAL PINTO DOS SANTOS,MARCIAL PINTO,M,19/05/1966,Válido,13
13000,69,Não eleito,NAOR NASCIMENTO,NAOR DO TREM BALA,M,04/09/1974,Válido,13
13777,54,Não eleito,MARILZA FERREIRA CASTELO,MARILZA DE SETIBA,F,01/05/1958,Válido,13
45300,717,Suplente,ROSÂNGELA NUNES LOYOLA,ROSÂNGELA LOYOLA,F,31/07/1978,Válido,45
45400,565,Suplente,GERMANO BORGES NETTO,PROFESSOR GERMANO,M,21/05/1954,Válido,45
45444,1006,Eleito,FRANCISCO DE ASSIS PEREIRA DUARTE,CHICO MÓVEIS,M,16/09/1969,Válido,45
45555,47,Suplente,CELINA DA COSTA,CELINA,F,12/06/1964,Válido,45
45122,757,Suplente,MARCIAL SOUZA ALMEIDA,DITO XARÉU,M,14/09/1966,Válido,45
45777,228,Suplente,JOELMA POMPERMAYER MERIGUETE AARÃO,JOELMA MERIGUETE,F,07/05/1971,Válido,45
51787,24,Suplente,GILDETE SILVA SANTOS,GIL RAMOS,F,14/12/1970,Válido,51
51001,29,Suplente,MÁRCIA JACQUELINE SENA,MARCIA SENA,F,16/04/1967,Válido,51
51333,11,Suplente,IRAN CIRIO SUEIRA,IRAN SUEIRA,M,04/01/1979,Válido,51
51155,9,Suplente,IVAN DE SOUZA SANTOS,IVAN DE SOUZA SANTOS,M,05/07/1981,Válido,51
51777,125,Suplente,EDALMO SOUZA ALMEIDA,EDALMO ALMEIDA,M,06/08/1969,Válido,51
51444,19,Suplente,SILVANA FERREIRA BATISTA,SILVANA FERREIRA,F,16/02/1979,Válido,51
51888,127,Suplente,ERNESTINA SIMÕES BRANDÃO,ERNESTINA SIMÕES,F,12/10/1956,Válido,51
51022,15,Suplente,ENEZIO CLARINDO DA SILVA,SILVINHO DO PANDEIRO,M,22/10/1947,Válido,51
51113,539,Suplente,VALTER ROSA DE OLIVEIRA,VALTER DA BRAMBATI,M,10/05/1969,Válido,51
51007,65,Suplente,VAGNER DE OLIVEIRA SERAFIM,VAGUINHO SERAFIM,M,20/06/1982,Válido,51
51111,32,Suplente,ANTÔNIO RIBEIRO DE SOUZA,TONINHO DO TAXI,M,20/12/1949,Válido,51
51025,29,Suplente,SOLANGE LOPES GONÇALVES,SOLANGE,F,25/05/1948,Válido,51
51500,1638,Eleito,ADEMIR JOSÉ GOMES PEREIRA,ZÉ PRETO,M,06/12/1973,Válido,51
51233,815,Eleito,LEONARDO PESSANHA DANTAS,LEO DANTAS,M,21/06/1999,Válido,51
51234,171,Suplente,SÉRGIO RAMOS MACHADO,SERJÃO GUARAPARI,M,10/10/1955,Válido,51
51000,713,Suplente,HUMBERTO SIMÔES GONÇALVES,DR. HUMBERTO GONÇALVES,M,11/12/1954,Válido,51
51100,153,Suplente,SILEIA SILVA BARBOSA MAIOLI,LEIA MAIOLI CASAMENTEIRA,F,08/10/1962,Válido,51
51106,19,Suplente,WELLINGTON GONÇALVES DE OLIVEIRA,WELLINGTON OLIVEIRA,M,06/11/1968,Válido,51
51051,39,Suplente,EVILAZIO MAXIMINO,EVILAZIO,M,05/07/1965,Válido,51
51222,364,Suplente,JUDSON VITOR LIMA,JUJU,M,06/04/1958,Válido,51
51224,12,Suplente,ATAGILDO DIAS BRAGA,ATAGILDO,M,24/01/1960,Válido,51
51555,156,Suplente,FERNANDA FERREIRA DOS SANTOS,NANDA SANTOS,F,07/08/1983,Válido,51
40123,1012,Suplente,ENIS SOARES DE CARVALHO,ENIS GORDIN,M,02/05/1978,Válido,40
40321,0,Suplente,RITA DE CASSIA LOVATTI,RITA LOVATTI,F,25/11/1966,Válido,40
40020,20,Suplente,ANTÔNIO ROBSON SANTIAGO DA COSTA,PIT,M,13/06/1970,Válido,40
40888,188,Suplente,GILDEIR SILVA DOS SANTOS,GILDEIR BIRO,M,15/08/1984,Válido,40
40100,158,Suplente,JEAN DARKISSON MATOS BRANDÃO,JEAN BRANDÃO,M,01/05/1976,Válido,40
40444,49,Suplente,KÁGILLY RAVELLE SILVA FEITOSA,RAVELLE,F,25/09/1994,Válido,40
40188,17,Suplente,REGINALDO DO CARMO SILVA FILHO,REGYS MORENO,M,08/01/1987,Válido,40
40500,34,Suplente,ANA GLEICY SANTOS NASCIMENTO,ANA GLEICY,F,02/03/2002,Válido,40
40770,53,Suplente,ILZA DAS GRAÇAS SCOFIELD,ILZA SCOFIELD,F,19/07/1950,Válido,40
40333,1146,Eleito,FABIO GERALDO MAIO,FABIO VETERINÁRIO,M,31/03/1969,Válido,40
40400,324,Suplente,MARCELO CARNEIRO DA SILVA,MARCELO CARNEIRO,M,05/07/1985,Válido,40
40555,176,Suplente,GILVAN DA SILVA SANTOS,GILVAN,M,26/11/1978,Válido,40
40789,0,Suplente,JOÃO BATISTA DE FREITAS,DELEGADO FREITAS,M,15/02/1965,Válido,40
40040,341,Suplente,ALEXANDRE SCHUNQUER DOS SANTOS,ALEXANDRE FUÁ,M,10/08/1971,Válido,40
40000,142,Suplente,CARLA MARIA CALMON VINTENA,DRA CARLA CALMON VINTENA,F,16/04/1968,Válido,40
40777,95,Suplente,THIAGO MARTINS MELO,DR THIAGO MELO,M,20/11/1981,Válido,40
40666,72,Suplente,LARRY FERREIRA PIO,LARRY,M,19/05/1956,Válido,40
40600,595,Suplente,RONALDO GOMES,RONALDO TAINHA,M,15/12/1969,Válido,40
40111,187,Suplente,EDLENILSON MIRANDA DOS SANTOS,AMARAL MIRANDA,M,04/02/1976,Válido,40
40512,154,Suplente,PATRICIA MARTINS LIRA,PATRICIA LIRA,F,14/04/1980,Válido,40
40456,8,Suplente,ADRIANA BOECHER SCHIAVO,ADRIANA,F,05/04/1973,Válido,40
40440,4,Suplente,VIRGÍNIA APARECIDA BRASIL DA SILVA,VIRGINIA,F,14/12/1978,Válido,40
14888,65,Suplente,STEFÂNIA FERNANDES DE CASTRO,CANTORA FANY FERNANDES,F,08/11/1986,Válido,14
14500,532,Suplente,JAILZA DIAS DA COSTA,JAILZA DA SAÚDE,F,08/09/1966,Válido,14
14789,38,Suplente,CRISTIANO MENDONCA DUARTE,CRISTIANO,M,08/05/1977,Válido,14
14147,279,Suplente,FABIO MEDEIROS,FABIO FARDADO DA SAÚDE,M,26/11/1977,Válido,14
14222,21,Suplente,TCHEIMIS DA SILVA AMARAL,TCHEIMIS GARI,F,20/09/1991,Válido,14
14114,204,Suplente,GENIVAL SANTOS ALVES,GRILO TAXISTA,M,23/06/1977,Válido,14
14111,63,Suplente,RODOLFO RODRIGO BENTO LOYOLA,RODOLFO DO UBER,M,08/02/1984,Válido,14
14011,217,Suplente,MARITANIA SANTOS DE SOUZA,TANIA SOUZA,F,14/10/1983,Válido,14
14567,39,Suplente,PAULO SERGIO BARCELOS DOS SANTOS,PAULINHO ZURETA,M,15/06/1964,Válido,14
14234,71,Suplente,RONALDO DA SILVA,RONALDO,M,15/06/1965,Válido,14
14555,1203,Eleito,WENDEL SANT'ANA LIMA,WENDEL LIMA,M,05/08/1988,Válido,14
14999,48,Suplente,GABRIEL PIRES DO CARMO,GABRIEL RAY,M,06/06/1999,Válido,14
14289,223,Suplente,ALBERTO QUEIROZ TAVARES,BETÃO DE AMARELOS,M,05/07/1962,Válido,14
14014,705,Suplente,LUCIANA GONCALVES,LUCIANA,F,01/03/1972,Válido,14
14144,55,Suplente,SYLVANA CUZZUOL,SYLVANA DA SAÚDE,F,01/04/1963,Válido,14
14333,22,Suplente,MARCELO NASCIMENTO DE ALMEIDA,MARCELINHO,M,07/03/1969,Válido,14
14444,247,Suplente,SIDNEI SANTANA DOS REIS,NEI DO DPVAT,M,17/04/1969,Válido,14
14123,1343,Eleito,KAMILLA CARVALHO ROCHA,KAMILLA ROCHA,F,30/07/1989,Válido,14
14024,17,Suplente,ERMENEGILDO REMBENSKI,ALEMÃO,M,24/08/1963,Válido,14
11149,3,Suplente,ANGELA MARIA DE CARVALHO,DONA ANGELA,F,04/09/1955,Válido,11
11777,39,Suplente,MARCO AURELIO DOS PASSOS LOUREIRO,MARQUINHOS DO SOM,M,28/03/1966,Válido,11
11111,312,Suplente,ROOSVELT MARQUES,RUSSO MARQUES,M,23/10/1957,Válido,11
11012,78,Suplente,MARCELA CASTRO MOREIRA,MARCELA CASTRO,F,26/01/1967,Válido,11
11013,224,Suplente,GILSON RODRIGUES DE OLIVEIRA,PASTOR GILSON,M,06/11/1961,Válido,11
11123,31,Suplente,DYNNA CELIA GUARNIERI BRAGA,LOIRA DO SALAO,F,12/03/1981,Válido,11
11978,50,Suplente,ALOIZIO SANTOS ENDLICH,LUIZINHO ENDLICH,M,14/03/1978,Válido,11
11333,197,Suplente,CARLOS LUCIO SIMOES VAILLANT,PROFESSOR CAIO VAILLANT,M,18/01/1976,Válido,11
11400,466,Suplente,MARCILENE CARNEIRO CHAGAS BELO,PRETINHA DOS PESCADORES,F,28/08/1979,Válido,11
11603,63,Suplente,JOAQUIM MANOEL DOS SANTOS,JOAQUIM DO FRETE,M,25/04/1983,Válido,11
11455,189,Suplente,DELZA MARIA BUBACK FERNANDES,MARIA BUBACK,F,07/01/1964,Válido,11
11215,33,Suplente,MARIA ISABEL FERREIRA DE ARAUJO,ISABEL-BEL,F,08/07/1964,Válido,11
11500,191,Suplente,JOAO CARLOS AIRES,DINHO,M,06/10/1978,Válido,11
11620,136,Suplente,CREMILSON SOUZA DO NASCIMENTO,CREMILSON NASCIMENTO,M,21/10/1976,Válido,11
11023,76,Suplente,NILVINETE BRANDAO CHAGAS,PROFESSORA NIL BRANDAO,F,17/06/1972,Válido,11
11456,528,Suplente,PAULINA ALEIXO PINNA,PAULINA ALEIXO,F,04/12/1939,Válido,11
11700,69,Suplente,SERGIO PEREIRA DOS SANTOS,SERGIO PEREIRA,M,23/06/1969,Válido,11
11200,590,Eleito,FRANZ TRISTAO DE ALMEIDA,DR FRANZ,M,23/03/1966,Válido,11
11022,151,Suplente,RENZO VASSALO FREIRE,RENZO VASSALO,M,02/03/1986,Válido,11
11100,73,Suplente,TIAGO OLIVEIRA MATOS,TIAGO DO LANCHE,M,02/02/1982,Válido,11
11011,547,Eleito,IZAC QUEIROZ DE JESUS,IZAC QUEIROZ,M,07/08/1970,Válido,11
11444,53,Suplente,JOSE LUCIANO SANTANA,LUCIANO DA OFICINA,M,24/06/1981,Válido,11
11222,97,Suplente,STELA MARIS FLORES VIEIRA,STELA FLORES,F,03/01/1967,Válido,11
11234,358,Suplente,DOMINGOS MACIEL DOS SANTOS,DOMINGOS MACIEL,M,12/02/1967,Válido,11
11090,18,Suplente,SILVANO ALVES DA SILVA,SILVANO LOCULTOR,M,19/09/1979,Válido,11
11000,405,Suplente,CARLOS RENATO NUNES,RENATO FOOT VOLEY,M,03/05/1971,Válido,11
25100,84,Suplente,JACIMAR SIMÕES,JACIMAR SIMÕES,M,04/02/1964,Válido,25
25625,870,Suplente,ALEXANDER BIGOSSI,SANDRO BIGOSSI,M,23/10/1961,Válido,25
25777,274,Suplente,DIEGO MARCELINO DE SOUZA,DIEGUITO,M,26/12/1983,Válido,25
25555,54,Suplente,SIMONE RODRIGUES PINHEIRO,SIMONE PINHEIRO,F,12/08/1974,Válido,25
25999,49,Suplente,MARCOS BIANCHI BODART,MARCOS JACARÉ,M,26/03/1971,Válido,25
25111,679,Suplente,VANDERLEY RAMOS PINTO,VANDO PESCADOR,M,30/06/1960,Válido,25
25333,1188,Eleito,OLDAIR ROSSI,OLDAIR ROSSI,M,25/03/1977,Válido,25
25456,82,Suplente,SANDRA FRANCA BARBOSA FERREIRA,SANDRA FERREIRA,F,18/05/1972,Válido,25
25600,13,Suplente,OZEANDRA SANTOS DE HUNGRIA,OZEANDRA HUNGRIA,F,24/09/1991,Válido,25
25251,27,Suplente,LUCAS DIAS SANTA CLARA,LUCAS DA AREAS NORTE,M,08/02/1982,Válido,25
25986,72,Suplente,EDIANE PEREIRA DE SOUSA,EDIANE SOUSA,F,20/08/1986,Válido,25
25000,536,Suplente,THEREZA CHRISTINA HASSEN SANTOS DE BARROS,CRISTINA BARROS,F,28/02/1958,Válido,25
25222,192,Suplente,ADRIANO NASCIMENTO ALVES,ADRIANO INDIO,M,24/05/1976,Válido,25
19333,259,Suplente,THIAGO JOSÉ MENÁRIO PINTO,THIAGO DIRETOR,M,10/12/1988,Válido,19
19777,35,Suplente,RONALDO JOSÉ DA SILVA,PRESBÍTERO RONALDO,M,01/02/1983,Válido,19
19111,69,Suplente,JAIR CHRISTINO MARINHO,JAIR MARINHO,M,25/05/1971,Válido,19
19222,112,Suplente,FÁTIMA MARIA CAU,FÁTIMA DA PADARIA,F,09/01/1958,Válido,19
19123,354,Suplente,JOSÉ BENIGNO MAIOLI,BENIGNO MAIOLI,M,29/04/1954,Válido,19
19007,19,Suplente,JOSÉ ARY RIBEIRO MORARI,ARY DA ONG MUDA GUARAPARI,M,07/07/1981,Válido,19
19600,939,Eleito,DENIZART LUIZ DO NASCIMENTO,DENIZART ZAZÁ,M,13/12/1963,Válido,19
19321,34,Suplente,ROBERTA SHARIFF MARQUES,ROBERTA A SHARIFF DO TURISMO,F,31/10/1975,Válido,19
19555,3,Suplente,ADAIR JOSE DE JESUS TEIXEIRA,ADAIR JOSÉ,M,02/11/1974,Válido,19
19140,651,Suplente,THIAGO PATERLINI MONJARDIM,THIAGO PATERLINI,M,27/02/1980,Válido,19
19666,860,Suplente,LENNON MONJARDIM DE ARAÚJO,LENNON MONJARDIM,M,25/02/1985,Válido,19
19019,22,Suplente,DORIVAL FRANCA LIMA,DORIVAL FRANCA,M,29/08/1964,Válido,19
19100,26,Suplente,ANA CLÁUDIA FERNANDES HONORATO,ANA DO EXTRA,F,23/05/1981,Válido,19
19000,503,Suplente,MARCELO GOMES SILVA,DR. MARCELO,M,08/08/1972,Válido,19
19200,1,Suplente,PATRICIA AYRES,PATRÍCIA,F,16/07/1975,Válido,19
10456,819,Eleito,RODRIGO LEMOS BORGES,RODRIGO BORGES,M,15/03/1979,Válido,10
10224,6,Suplente,EQUIAS DE SOUZA ANDRADE,EQUIAS,M,14/08/1958,Válido,10
10444,65,Suplente,EDINEIA CORDEIRO DE SOUSA,NEIA DE SAMANBAIA,F,17/05/1976,Válido,10
10888,671,Suplente,GILMAR PINHEIRO,GILMAR PINHEIRO,M,24/11/1969,Válido,10
10789,185,Suplente,GILCIMAR EDUARDO DO NASCIMENTO,NASCIMENTO DA IDENTIDADE,M,28/09/1970,Válido,10
10110,326,Suplente,BENILDA CRISTOVÃO PEREIRA,PROFESSORA BENILDA,F,09/03/1965,Válido,10
10000,93,Suplente,HELEN DIANE PARREIRAS TERRA,DIANE KARATEKA,F,22/04/2000,Válido,10
10100,7,Suplente,ELTON DO NASCIMENTO SANTANA,CARIOCA DA VAN,M,01/09/1976,Válido,10
10212,5,Suplente,JULIA AMÉLIA DE PAULO,JULIA AMELIA,F,21/08/1958,Válido,10
10113,120,Suplente,CLERIO FERREIRA LUIZ,CLERINHO,M,08/10/1985,Válido,10
10355,8,Suplente,JONATAN SALES NEVES,JONATAN,M,16/03/1984,Válido,10
10144,0,Suplente,ALBERTINO MOREIRA DOS SANTOS,BAIANINHO DE IGUAPE,M,27/10/1967,Válido,10
10222,57,Suplente,SIDNEY RODRIGUES,SIDNEY RODRIGUES,M,25/11/1971,Válido,10
10777,76,Suplente,FABÍOLA WALTER PEREIRA DA SILVA,FABY PELA SAÚDE,F,22/01/1983,Válido,10
10123,323,Suplente,JORGE RAMOS DE MORAIS,JORGE RAMOS,M,23/08/1965,Válido,10
10666,4,Suplente,IVANETE FERREIRA SOARES,NETE DO SALAO,F,20/04/1973,Válido,10
10812,31,Suplente,PATRÍCIA DE JESUS GALLATI,PATRICIA DO IPIRANGA,F,16/09/1972,Válido,10
10333,200,Suplente,MANOEL LAÉCIO DA SILVA,MANOEL PARAUNA,M,01/08/1969,Válido,10
10433,283,Suplente,CESAR ALMEIDA DA SILVA,IRMAO DO SALAO,M,07/01/1984,Válido,10
10111,97,Suplente,SÁVIO SANTOS DE JESUS,SAVIO SANTOS,M,24/04/1996,Válido,10
10713,8,Suplente,ANA CLAUDIA GUIMARÃES MENDES, CLAUDINHA DA VAN,F,20/03/1978,Válido,10
10555,30,Suplente,MARCIO JOSE VIEIRA GONÇALVES,MARCIO DE IGUAPE,M,20/02/1980,Válido,10
10234,58,Suplente,CHRISTIAN ALVES RAMOS,CHRISTIAN PARCERIA,M,29/03/1977,Válido,10
