numero,votos_nominais,situacao,nome,nome_urna,sexo,data_nasc,destino_voto,numero_partido
25007,162,Suplente,LEANDRO RODRIGUES DA SILVA,LÉO RODRIGUES,M,20/11/1984,Válido,25
25012,146,Suplente,WILLIAN SILVA DOS SANTOS,MARROM BOMBOM,M,12/12/1977,Válido,25
25567,254,Suplente,FLAVIANO DE MELO GOMES,FLAVIANO MELO,M,17/02/1968,Válido,25
25444,25,Suplente,MARÍLIA RODRIGUES DA SILVA,MARÍLIA,F,29/04/1994,Válido,25
25333,172,Suplente,FERNANDA MARIA DA SILVA MIGUEL,FERNANDA MIGUEL,F,24/07/1995,Válido,25
25999,484,Suplente,MÁRIO JORGE PONTES DE OLIVEIRA,MÁRIO MORAL,M,20/09/1972,Válido,25
25231,29,Suplente,SOLANGE DIAS DA SILVA,SOLANGE DIAS,F,24/09/1965,Válido,25
25777,359,Suplente,HELIANA LEIMBECK NOGUEIRA,HELIANA NOGUEIRA,F,25/08/1971,Válido,25
25789,121,Suplente,CARLOS SERGIO DE MEDEIROS MOURA,SÉRGIO MOURA,M,07/09/1971,Válido,25
25321,1781,Suplente,SILAS DE OLIVEIRA SANTOS,SILAS SANTOS,M,08/10/1986,Válido,25
25145,35,Suplente,JIVANILDA SOARES DE SOUZA,JIL SOARES,F,24/02/1988,Válido,25
25123,7549,Eleito,MARIA GABRIELLA MARTINS COELHO DA PAZ,GABY RONALSA,F,18/05/1985,Válido,25
25222,361,Suplente,EDVALDO DE LIMA FERREIRA,EDVALDO LIMA,M,25/04/1960,Válido,25
25082,130,Suplente,ANTÔNIO VESPA DA SILVA,VESPA DE MACEIÓ,M,06/09/1965,Válido,25
25055,42,Suplente,EDUARDO JOSÉ COSTA NEVES JÚNIOR,EDUARDO PAI DAS MARIAS,M,03/06/1981,Válido,25
25001,116,Suplente,CHARLES DOUGLAS DE OLIVEIRA CORREIA,CHARLES DOUGLAS,M,28/12/1990,Válido,25
25111,61,Suplente,MONIQUE KARINE BARROS DA SILVA,MONIQUE BARROS,F,21/12/1995,Válido,25
25002,37,Suplente,MARIA DO SOCORRO GOMES DE ASSIS,SOCORRO,F,21/02/1960,Válido,25
25010,114,Suplente,MARCELO RÉGIS CANTOÁRIO COSTA,MARCELO CANTOÁRIO,M,22/12/1979,Válido,25
25678,593,Suplente,RONALDO PATRIOTA COTA,RONALDO PATRIOTA,M,29/08/1954,Válido,25
25888,543,Suplente,THIAGO RODRIGO DOS SANTOS CHAVES,THIAGO CHAVES,M,04/05/1981,Válido,25
25800,199,Suplente,SÉRGIO DA SILVA VELOSO,UREIA LÁ,M,23/03/1976,Válido,25
25000,569,Suplente,LUIZ CARLOS DE OLIVEIRA SANTANA,LUIZ CARLOS SANTANA,M,03/01/1958,Válido,25
25855,70,Suplente,MIGUEL FERREIRA DA SILVA,MIGUEL DO POVO,M,13/03/1966,Válido,25
25011,93,Suplente,PEDRO PAULO BARBOSA DOS SANTOS,PEDRO PAULO,M,10/10/1961,Válido,25
25025,577,Suplente,JOSÉ GOMES DE FREITAS,ZECA ÍNDIO,M,04/01/1957,Válido,25
25555,3776,Suplente,SIMONE CACILDA COSTA DE ANDRADE,SIMONE ANDRADE,F,16/07/1966,Válido,25
23456,72,Não eleito,MANOEL MESSIAS AQUINO,MESSIAS AQUINO,M,21/03/1981,Válido,23
23444,289,Não eleito,ALISSON ROBERT DA SILVA MATIAS,ALISSON ROBERT,M,20/03/1979,Válido,23
23333,129,Não eleito,JESIMIEL FERREIRA DA SILVA,JESY,M,25/09/1962,Válido,23
23123,188,Não eleito,HÉLIA THYANA MELO DA SILVA RODRIGUES,HÉLIA RODRIGUES,F,05/03/1998,Válido,23
23222,186,Não eleito,WEVERTON MARQUES DE ALBUQUERQUE,WEVERTON ALBUQUERQUE,M,25/08/1993,Válido,23
23000,198,Não eleito,FÁTIMA CRISTINA DA RESSURREIÇÃO ROMAR,FÁTIMA ROMAR,F,13/05/1966,Válido,23
27777,397,Não eleito,ERONILDES MARTINS DOS SANTOS,ERON MARTINS,M,30/10/1965,Válido,27
70000,132,Não eleito,JOSE CLAUDIO VITAL CUSTODIO,CLAUDIO VITAL,M,25/12/1976,Válido,70
15007,23,Suplente,LUIZ GUSTAVO SANTOS SILVA,LUIZ GUSTAVO,M,25/02/1978,Válido,15
15234,22,Suplente,ANA CLEIDE PINTO FERREIRA,ANA CLEIDE,F,10/07/1970,Válido,15
15679,93,Suplente,FLAVIA ROBERTA DA SILVA VASCONCELOS,BETA VASCONCELOS,F,16/08/1971,Válido,15
15555,2599,Suplente,NERIGLEYKSON PAIVA DE MELO,NERY ALMEIDA,M,29/07/1975,Válido,15
15100,4562,Eleito,OLIVIA COIMBRA CERQUEIRA TENÓRIO,OLÍVIA TENÓRIO,F,03/06/1992,Válido,15
15789,335,Suplente,WALNERYS CRISTINA ROCHA DA SILVA,CRISTINA ROCHA,F,21/06/1974,Válido,15
15699,2474,Suplente,GIVALDO DE SÁ GOUVEIA CARIMBÃO,GIVALDO CARIMBÃO,M,14/10/1957,Válido,15
15321,1276,Suplente,MARCELA BARBOSA PINTO DOS SANTOS,MARCELA BARBOSA,F,05/05/1982,Válido,15
15999,402,Suplente,ROSIVALDO SILVA ALMEIDA,ROSIVALDO ALMEIDA,M,16/08/1975,Válido,15
15987,40,Suplente,JOSÉ BILU DA SILVA FILHO,BILU,M,04/10/1954,Válido,15
15111,7606,Eleito,FRANCISCO HOLANDA COSTA FILHO,CHICO FILHO,M,17/05/1980,Válido,15
15666,3833,Suplente,CARLOS IB FALCÃO BREDA,IB BREDA,M,11/08/1966,Válido,15
15678,4150,Suplente,MARIA PETRUCIA DIAS CAMELO,PETRUCIA CAMELO,F,08/02/1946,Válido,15
15550,78,Suplente,MARLI JESUINO DA SILVA,JESUINO,F,05/01/1971,Válido,15
15179,22,Suplente,POLIANA LIMA DE OLIVEIRA,POLIANA LIMA,F,14/10/1986,Válido,15
15333,8712,Eleito,LUCIANO MARINHO DA SILVA,LUCIANO MARINHO,M,17/11/1974,Válido,15
15005,347,Suplente,DIOGO AUGUSTO CORREIA,DIOGO CORREIA,M,30/07/1987,Válido,15
15015,67,Suplente,GUILHERME LEONCIO SOARES FONTAN,GUILHERME SOARES FILHO,M,27/03/1984,Válido,15
15123,6111,Eleito,GALBA NOVAIS DE CASTRO NETTO,GALBA NOVAES,M,14/11/1984,Válido,15
15000,6343,Eleito,FERNANDO ANTÔNIO MACEDO HOLANDA,FERNANDO HOLLANDA,M,04/08/1980,Válido,15
15147,3551,Suplente,RONALDO LUZ,RONALDO LUZ,M,16/01/1952,Válido,15
15004,222,Suplente,MARCIO TADEU MONTENEGRO CALHEIROS,MARCIO CALHEIROS,M,04/04/1978,Válido,15
15777,406,Suplente,GIVALDO SANTOS VASCONCELOS,JACOZINHO,M,02/02/1956,Válido,15
15444,2998,Suplente,ANA MARIA PEREIRA HORA,ANA HORA,F,27/09/1966,Válido,15
15014,52,Suplente,FERNANDA DA SILVA MONTEIRO,FERNANDA MONTEIRO,F,14/08/1988,Válido,15
15222,3471,Suplente,ANIVALDO LUIZ DA SILVA,LOBÃO,M,23/01/1977,Válido,15
11777,90,Suplente,GILBERLON FERREIRA DE SOUZA,GILBERLON FERREIRA,M,28/08/1961,Válido,11
11555,64,Suplente,THIAGO DOS ANJOS PEREIRA E SILVA,DOS ANJOS,M,26/09/1956,Válido,11
11111,6300,Eleito,DAVID CABRAL DAVINO,DAVI DAVINO,M,25/02/1958,Válido,11
11000,1155,Suplente,THAISE DE SOUZA GUEDES MANUCI,THAISE GUEDES,F,24/09/1987,Válido,11
11222,5386,Suplente,MARIA APARECIDA AUGUSTA DA SILVA,APARECIDA DO LUIZ PEDRO,F,04/02/1971,Válido,11
11789,5690,Suplente,MARIA DE FATIMA GALINA FORTES FERREIRA SANTIAGO,FATIMA SANTIAGO,F,01/01/1952,Válido,11
11999,95,Suplente,IONE RUFINO DE LIMA,IONE LIMA,F,24/08/1995,Válido,11
11110,265,Suplente,JOSE CARLOS TEODOSIO,NEINHA DO LANCHE,M,22/08/1972,Válido,11
11444,5741,Eleito,ALDO ROBERTO DA ROCHA LOUREIRO,ALDO LOUREIRO,M,29/07/1970,Válido,11
11211,63,Suplente,IVALDO PETRONILO DA SILVA,IVALDO SILVA,M,08/11/1968,Válido,11
11234,1073,Suplente,JOSE LEIVA ROCHA DA SILVA,LEIVA ROCHA,M,01/10/1974,Válido,11
11333,217,Suplente,ADRIANA KATIA MUNIZ NUMERIANO,ADRIANA KATIA,F,03/08/1970,Válido,11
12040,63,Não eleito,THYFANNY THALIA LESSA DE MEDEIROS,THALIA LESSA,F,21/04/1999,Válido,12
12211,89,Não eleito,MARCOS JOSÉ DA SILVA,MARCOS DEFLORENTIIS,M,24/01/1972,Válido,12
12057,116,Não eleito,AILTON CARLOS DE LIMA VILLANOVA,AILTON VILLANOVA,M,05/07/1941,Válido,12
12222,837,Não eleito,THIAGO TENORIO TOLEDO DE ALBUQUERQUE LIMA,THIAGO TOLEDO,M,05/03/1999,Válido,12
12133,68,Não eleito,JOSE CICERO DOS SANTOS,CICERO SANTANA,M,20/01/1952,Válido,12
12555,173,Não eleito,MAURICIO PADILHA BARBOSA,MAURICIO PADILHA,M,15/03/1970,Válido,12
12100,163,Não eleito,WADEILDO JOSE GOMES VASCONCELOS BEZERRA,VAL VASCONCELOS,M,25/08/1974,Válido,12
12200,93,Não eleito,AMILTON JOÃO DOS SANTOS,AMILTON SANTOS,M,11/09/1971,Válido,12
12125,56,Não eleito,ALEXANDRE JOSÉ LESSA,ALEXANDRE LESSA,M,18/07/1974,Válido,12
12020,32,Não eleito,JANIEIRI FERREIRA DE SOUZA,JANIERI,F,20/05/1966,Válido,12
12500,2419,Não eleito,JUDSON CABRAL DE SANTANA,JUDSON CABRAL,M,22/03/1955,Válido,12
12221,54,Não eleito,THIAGO ARAUJO DE ALBUQUERQUE,PROFESSOR THIAGO,M,30/05/1980,Válido,12
12888,135,Não eleito,DAVID CASSIO SIMÕES TAVARES,DAVID TAVARES,M,14/04/1989,Válido,12
12001,35,Não eleito,MARIA JOSÉ DA SILVA SOARES,ZEZA,F,05/05/1963,Válido,12
12300,126,Não eleito,JOSÉ WILSON DOS SANTOS,WILSON SANTOS,M,18/06/1961,Válido,12
12333,135,Não eleito,ANTONIO ROBERTO SENA DOS SANTOS,ROBERTO SENA,M,19/10/1965,Válido,12
12666,107,Não eleito,HELTON HERMANS BATISTA DOS SANTOS,HELTON SANTOS,M,31/08/1985,Válido,12
12123,190,Não eleito,BRUNO DOS SANTOS GUIMARÃES,BRUNO GUIMARÃES,M,16/08/1985,Válido,12
12012,40,Não eleito,SANDRA MARGARIDA DIAS DE OMENA,SANDRA OMENA,F,08/07/1971,Válido,12
12444,2142,Não eleito,KATIA BORN RIBEIRO,KATIA BORN,F,01/01/1953,Válido,12
12000,732,Não eleito,VINICIUS CAVALCANTE PALMEIRA,VINICIUS PALMEIRA,M,06/06/1961,Válido,12
12345,192,Não eleito,CRIS DE MADRID,CRIS DE MADRID,F,17/01/1961,Válido,12
12111,112,Não eleito,ETELVINA FRANCISCA DE LIMA NETA,TETEL DO POVO,F,24/01/1971,Válido,12
12400,210,Não eleito,MARIA JOSÉ RIBEIRO GALVÃO,MARIA DA ESCOLINHA,F,16/03/1977,Válido,12
28999,3879,Suplente,WARLLEN DAVID BEZERRA NASCIMENTO MESQUITA,DAVID EMPREGOS AL,M,03/11/1990,Válido,28
28899,10,Suplente,EDJANE MENEZES DE JESUS,EDJANE MENEZES,F,28/03/1982,Válido,28
28123,474,Suplente,WELLINGTON DE ALMEIDA SENA,SENA,M,13/07/1971,Válido,28
28188,1,Suplente,RAVIELLY DE OLIVEIRA ESEQUIEL,RAVIELLY,F,01/09/1994,Válido,28
28234,60,Suplente,NIVALDO FERREIRA DE MELO,NIVALDO MELO,M,10/05/1952,Válido,28
28288,197,Não eleito,PAULO NICÁCIO DA SILVA,PAULO NICÁCIO,M,22/11/1972,Anulado sub judice,28
28028,10,Suplente,CLAUDIA GUEDES DA SILVA,CLAUDIA GUEDES,F,29/12/1970,Válido,28
28900,93,Suplente,EVALDO DO NASCIMENTO OLIVEIRA,VAL MADERADA,M,05/11/1968,Válido,28
28388,39,Suplente,CRISTÓVÃO HENRIQUE DOS SANTOS,HENRIQUE TAXISTA,M,17/11/1979,Válido,28
28777,500,Suplente,EDILSON CANDIDO DOS SANTOS,EDILSON LOLÔ,M,18/06/1969,Válido,28
28000,4541,Eleito,SILVANIA BATINGA DE OLIVEIRA BARBOSA,SILVÂNIA BARBOSA,F,04/06/1969,Válido,28
28111,102,Suplente,LUCIANO COSTA NORONHA,LABA,M,18/10/1982,Válido,28
28333,20,Suplente,SIRLENE TAVARES DA SILVA,SIRLENE DO JACINTINHO,F,21/11/1965,Válido,28
28456,156,Suplente,ODIVAR AMANCIO DOS SANTOS FILHO,ODIVAR SANTOS,M,07/06/1954,Válido,28
28222,204,Suplente,JOSÉ AUDÁLIO SILVA SANTOS,AUDÁLIO NEGO DOIDO,M,14/03/1986,Válido,28
28788,2793,Suplente,DIVANI MARQUES DA SILVA,BARRIGA CHEIA,M,11/09/1966,Válido,28
28888,552,Suplente,RÔMULO LUCENA MARTINS ALVES,RÔMULO LUCENA,M,26/07/1962,Válido,28
28221,212,Não eleito,MANOEL BERNARDO GALVÃO JUNIOR,GALVÃO,F,25/09/2000,Anulado sub judice,28
28282,114,Suplente,MARCOS RODRIGUES DOS SANTOS,EMARCOS MACEIÓ,M,21/03/1972,Válido,28
28321,246,Suplente,HERMANN CALHEIROS ALVES,INHAME RODAS,M,18/08/1981,Válido,28
28300,17,Suplente,DANIELLY DA SILVA SANTOS,DANIELLY,F,13/10/1980,Válido,28
28346,56,Suplente,FRANCISCO DE ASSIS RODRIGUES MIRANDA,ASSIS CRB,M,19/11/1959,Válido,28
28700,60,Não eleito,MARIA JOANA DE SANTANA ARAUJO,JOANA DE SANTANA,M,23/06/1965,Anulado,28
28789,4065,Suplente,JOÃO LUIZ ROCHA,PASTOR JOÃO LUIZ,M,24/01/1956,Válido,28
28400,0,Suplente,WILLIELMA MARQUES DA SILVA,WILLIELMA MARQUES,F,23/12/1974,Válido,28
28001,220,Suplente,JOSÉ COSME DOS SANTOS,COSME SANTOS,M,06/07/1977,Válido,28
28122,2,Suplente,ERNANDI JOSÉ VIEIRA COSTA,NENO DA SAÚDE,M,30/01/1965,Válido,28
28555,836,Suplente,MARCIO VALERIO SANTOS SILVA,MISSIONÁRIO DO AMOR,M,31/03/1983,Válido,28
28100,59,Suplente,THAYNARA DAYANNE DA SILVA MALTA,THAYNARA FERRARI,F,20/01/1977,Válido,28
28128,168,Não eleito,FRANCISCO JOSE DA SILVA,IRMÃO CHICO DO PODER DO VOTO,M,13/11/1955,Anulado sub judice,28
21000,253,Não eleito,OSVALDO BATISTA ACIOLY MACIEL,OSVALDO MACIEL BANCADA POPULAR,M,01/11/1971,Válido,21
65123,1339,Não eleito,CLAUDIA ANICETO CAETANO PETUBA,CLAUDIA PETUBA,F,01/11/1988,Válido,65
65666,45,Não eleito,ROSANGELA DOS SANTOS SILVA,ROSA,F,03/10/1979,Válido,65
65113,1,Não eleito,THAMARA MAYANA MORAIS DE FARIAS,THAMARA MORAIS,F,26/09/1990,Válido,65
65333,62,Não eleito,JOSÉ FERNANDES DA COSTA,MAESTRO FERNANDES,M,16/03/1965,Válido,65
65444,95,Não eleito,DURVAL JOÃO DOS SANTOS NETO,DURVAL GUERREIRO,M,10/07/1982,Válido,65
65888,152,Não eleito,FRANCISMAR LINS DOS SANTOS,FRANCISMAR LINS,M,21/09/1981,Válido,65
65565,151,Não eleito,PAULO CESAR DOS SANTOS,PAULO CÉSAR,M,01/10/1978,Válido,65
65655,61,Não eleito,WELLINGTON ANTONIO PIERRE DE ALMEIDA,PROFESSOR PIERRE,M,13/04/1975,Válido,65
65002,224,Não eleito,LENILDA COSTA DOS SANTOS,LENILDA DO SURURU,F,29/02/1972,Válido,65
65200,51,Não eleito,DAIANE ARAÚJO DE LIMA,DAY LIMA,F,22/04/1989,Válido,65
65678,212,Não eleito,JACKWILDSON RAFAEL DA SILVA,PALHAÇO RICO,M,05/12/1971,Válido,65
65456,499,Não eleito,DARLAN ARGEMIRO FERREIRA CALHEIRO,DR DARLAN,M,22/03/1987,Válido,65
65111,694,Não eleito,CARLOS FERNANDO SANTOS CORREIA JUNIOR,JUNIOR SÓ REPAROS,M,05/05/1979,Válido,65
65800,378,Não eleito,DJALMA DOS SANTOS,JACO DO COLINA,M,02/11/1971,Válido,65
65006,126,Não eleito,GUILHERME DIAS BOMFIM,PROFESSOR GUILHERME BOMFIM,M,28/10/1978,Válido,65
65777,104,Não eleito,JENIVAL CORREIA ANASTÁCIO,VAL CORREIA,M,30/06/1974,Válido,65
65001,3,Não eleito,ACCACIA AGNESS DA SILVA ACIOLE,PROFESSORA ACCACIA,F,26/05/1991,Válido,65
65999,1056,Não eleito,JOSÉ WILLIAMS DA SILVA,WILLIAMS,M,01/02/1967,Válido,65
65000,115,Não eleito,AUTANILDO DE FREITAS COSTA,PROFESSOR AUTANILDO DE FREITAS,M,02/12/1961,Válido,65
65150,38,Não eleito,MANOEL MESSIAS SOARES DA SILVA,MANOEL MESSIAS,M,13/04/1990,Válido,65
65222,1044,Não eleito,JOYCE ELIZABETH ANDRADE DA SILVA,JOYCE ELIZABETH,F,12/11/1996,Válido,65
65455,85,Não eleito,JOSE ANTONIO EPANINONDAS SANTANA,DOQUINHA DO CALDINHO,M,24/01/1959,Válido,65
65400,65,Não eleito,ADEILTON MARIZ FERREIRA,ADEILTON MARIZ VIGIA,M,23/10/1976,Válido,65
65300,65,Não eleito,MARIA CELI ALVES BARBOSA DA SILVA,PROFESSORA CELI,F,23/01/1962,Válido,65
65550,120,Não eleito,JOSÉ CARLOS DA SILVA LEITE,CARLOS MOTOBOY,M,14/07/1986,Válido,65
65265,97,Não eleito,CICERO FERREIRA DA SILVA,PANGARÉ DO CHURRASQUINHO,M,05/05/1970,Válido,65
65100,328,Não eleito,JOSE LEANDRO SANTANA CANDIDO,LEO SANTANA,M,14/07/1983,Válido,65
65122,62,Não eleito,MARIA SANDRA TENORIO DE SILVA,PROFESSORA SANDRA TENORIO,F,10/10/1966,Válido,65
65555,1096,Não eleito,ROBSON DA SILVA LIMA,ROBINHO DAS GROTAS,M,06/05/1979,Válido,65
65220,56,Não eleito,JOSÉ LUIZ DA SILVA,IRMÃO SILVA,M,03/06/1953,Válido,65
65130,385,Não eleito,FRANCISCO ROCHA BATISTA JÚNIOR,FRANCISCO JÚNIOR,M,01/05/1980,Válido,65
65500,45,Não eleito,LUANA MARIA DA COSTA FERREIRA SANTOS,LUANA SANTOS,F,15/01/1982,Válido,65
90140,42,Não eleito,MARIA JOSE SAMPAIO DA SILVA,IRMÃ MARIA SAMPAIO,F,12/05/1965,Válido,90
90999,32,Não eleito,SILVIA REGINA TENORIO DE VASCONCELOS,SILVIA TENÓRIO,F,30/09/1971,Válido,90
90456,338,Não eleito,EDILSON DE LIMA SANTOS,PROFESSOR EDILSON,M,19/06/1982,Válido,90
90115,47,Não eleito,ANTONIO CARLOS MARQUES SANTOS,GAROTINHO,M,11/09/1954,Válido,90
90333,195,Não eleito,CICERO PAULINO COSTA,SARGENTO CROA,M,08/08/1968,Válido,90
90050,5,Não eleito,JANAINA DE OLIVEIRA SILVA,JANAINA OLIVEIRA,F,29/01/1986,Válido,90
90125,53,Não eleito,JOSE ALBERTO DOS SANTOS,IRMÃO ALBERTO DA SEGURANÇA,M,05/07/1969,Válido,90
90132,100,Não eleito,EDINALDO LEOPOLDINO LINS,EDINALDO LINS,M,01/12/1967,Válido,90
90234,213,Não eleito,NEDJA TAVEIROS,NEDJA TAVEIROS,F,09/01/1959,Válido,90
90214,48,Não eleito,EDILSON GOMES DA SILVA,PASTOR EDILSON,M,21/12/1973,Válido,90
90005,25,Não eleito,JAILTON CAMPOS MIRANDA,DJ THUPÁ,M,05/09/1980,Válido,90
90192,197,Não eleito,EDVALDO TORRES DE OLIVEIRA,DIVA TORRES,M,05/03/1963,Válido,90
90800,124,Não eleito,JOSE SERAFIM LUDOVICO ALMEIDA,PROFESSOR NETÃO,M,27/03/1974,Válido,90
90900,241,Não eleito,CARLOS EUGÊNIO LESSA DE AZEVEDO SAMPAIO,GG SAMPAIO,M,04/03/1983,Válido,90
90123,735,Não eleito,CLAUDIONILSON BORGES DA SILVA,CIRO BORGES,M,17/07/1971,Válido,90
90190,1020,Não eleito,WAGNER SIMAS FILHO,SARGENTO WAGNER SIMAS,M,26/07/1967,Válido,90
90273,53,Não eleito,JOSE DOS SANTOS,SANTOS SANTERO,M,24/08/1952,Válido,90
90001,3,Não eleito,TANIA MABEL ANDRADE BARRÊTO,TANIA MABEL,F,05/04/1976,Válido,90
90111,83,Não eleito,LUIZ VERÍSSIMO DA SILVA,BRAMA DO FORRO,M,09/01/1956,Válido,90
90789,224,Não eleito,ANTONIO EDUARDO DE LIMA,ANTONIO EDUARDO,M,14/07/1968,Válido,90
90134,14,Não eleito,ANA CLÁUDIA DOS SANTOS SOUZA,ANA CLAUDIA,F,29/11/1989,Válido,90
90321,28,Não eleito,CLAELTON MORAES RIOS,KEL RIOS,M,19/08/1998,Válido,90
90444,215,Não eleito,AUGUSTO TIAGO DANTAS BUARQUE DE HOLANDA,TIAGO HOLANDA,M,03/07/1979,Válido,90
90000,2083,Não eleito,EDUARDO ZENISSON DE OLIVEIRA ROSSITER CORRÊA,EDUARDO ROSSITER,M,29/11/1978,Válido,90
90070,10,Não eleito,DEUSDEMINA MARIA DA SILVA,DEUSDEMINA,F,31/05/1963,Válido,90
90344,117,Não eleito,HEMERSON LEITE DOS SANTOS,HEMERSON TAL,M,26/03/1980,Válido,90
90200,594,Não eleito,GILSON GOMES DA COSTA,GILSON DA LOTAÇÃO,M,20/01/1971,Válido,90
90222,232,Não eleito,JOSE MARIA CERQUEIRA TENORIO,ZE MARIA TENORIO,M,14/05/1953,Válido,90
90345,80,Não eleito,GEBSON DA SILVA MOREIRA,GEBSON,M,11/02/1979,Válido,90
90777,500,Não eleito,JOSÉ VALÉRIO SANTANA,VALERIO SANTANA,M,30/07/1972,Válido,90
90019,0,Não eleito,DAIZE ELIAS MIRANDA DE OLIVEIRA,DAIZE MIRANDA,F,18/08/1956,Válido,90
90009,562,Não eleito,JANIS JOPLIN SILVA DE LIMA,JANIS JOPLIN,F,03/03/1992,Válido,90
90110,39,Não eleito,JOSÉ SANTANA,JOSÉ SANTANA,M,21/07/1970,Válido,90
90221,37,Não eleito,MARIA BETANIA ESPINDOLA BARBOSA,TIA BEL,F,22/10/1964,Válido,90
90100,243,Não eleito,NAILTON VITOR DA SILVA,VITOR DO VALE,M,14/01/1964,Válido,90
90555,123,Não eleito,JOSENILDA RODRIGUES DA SILVA,TIA JÔ,F,22/04/1975,Válido,90
55180,8,Suplente,HELINA AMAZONAS DE MORAIS,HELINA,F,03/07/1975,Válido,55
55225,8,Suplente,CLAUDIANA PAULINO DOS SANTOS,CLAUDIA DO RIACHO DOCE,F,05/04/1969,Válido,55
55500,1212,Suplente,HEMERSON CASADO GAMA,HEMERSON CASADO,M,10/03/1967,Válido,55
55800,291,Suplente,JEFERSON BRUNO RIBEIRO DE MORAIS,JEFERSON MORAIS FILHO,M,22/01/1983,Válido,55
55700,83,Suplente,ENICLEIRE AZEVEDO FALCÃO,ENI FALCÃO,F,23/04/1977,Válido,55
55455,109,Suplente,MARCUS ANTONIO DE MOURA ASSUNÇÃO,MARCÃO DE EVENTOS,M,15/01/1963,Válido,55
55155,365,Suplente,EDMILSON HERMES DA SILVA,SGT HERMES,M,22/02/1967,Válido,55
55190,696,Suplente,FLAVIO LUIZ DE ALMEIDA,FLAVIO FOX,M,10/03/1971,Válido,55
55400,277,Suplente,JOSE CARLOS SANTOS DA SILVA,ZE DO BOI,M,27/07/1972,Válido,55
55888,3113,Suplente,ALAY BERGANE FERREIRA PARANHOS,ALAY PARANHOS,F,13/12/1999,Válido,55
55600,5,Suplente,MYLENA KATHELLYN DE SA DELFINO,MYLENA,F,01/04/1999,Válido,55
55777,371,Suplente,VALGETAN FERREIRA DE OLIVEIRA,VALGETAN FERREIRA,M,25/08/1967,Válido,55
55551,247,Suplente,AMELIA MENDONÇA DE SOUZA ALVES,AMELIA MENDONÇA,F,17/05/1966,Válido,55
55222,2180,Suplente,EDLÚCIO CANUTO PEREIRA DONATO,EDLUCIO,M,12/12/1980,Válido,55
55900,50,Suplente,ANGELA MARIA MARQUES SOUSA,ANGELA MARQUES,F,09/08/1962,Válido,55
55300,1582,Suplente,BARBARA ALEXANDRA GALINA FERREIRA SANTIAGO,BARBARA DO CONEXÃO,F,09/05/1976,Válido,55
55666,65,Suplente,LEONICE CARDOSO MOURA DOS SANTOS,NICE DE BEBEDOURO,F,04/11/1960,Válido,55
55120,75,Suplente,DJANETE BARBOSA SILVA,DJANETE,F,24/11/1962,Válido,55
55255,31,Suplente,WALTER ANANIAS DE BARROS FILHO,WALTER ANANIAS,M,08/02/1966,Válido,55
55123,5073,Eleito,JOSÉ MARCIO DE MEDEIROS MAIA JUNIOR,ZÉ MARCIO FILHO,M,20/03/1982,Válido,55
55000,3768,Eleito,JOÃO VICTOR LOUREIRO PESSOA CATUNDA,JOÃO CATUNDA,M,12/04/1996,Válido,55
55369,3663,Suplente,JOSE REYNALDO OLIVEIRA SIMOES DE MELO FILHO,REY COSTA,M,19/07/1990,Válido,55
55555,3777,Eleito,LEONARDO DA FONSECA DIAS,LEONARDO DIAS,M,31/12/1979,Válido,55
55789,849,Suplente,MARCELO BARBOSA DE LIMA,MARCELO LIMA,M,09/10/1978,Válido,55
55456,68,Suplente,MARCOS ANDRE OMENA DA SILVA,MARCOS ANDRÉ,M,09/11/1973,Válido,55
55111,3439,Suplente,MAURO GUEDES FARIAS JUNIOR,MAURO GUEDES,M,13/11/1980,Válido,55
55200,318,Não eleito,FÁBIO SILVA DOS SANTOS,FABIO GAGO,M,23/09/1982,Anulado,55
55444,129,Suplente,IVANOVITE MOURA TEIXEIRA FILHO,IVANOVITE,M,09/10/1995,Válido,55
55223,112,Suplente,CÍCERO BETANIO CARLOS DOS SANTOS,BETO CABELOS,M,19/02/1965,Válido,55
55999,759,Suplente,CLAUDIO DOS SANTOS NOGUEIRA,PAPA CAPIM,M,24/06/1974,Válido,55
55321,582,Suplente,DAVYSSON BARBOSA FERREIRA,DEVINHO BARBOSA,M,01/11/1996,Válido,55
55678,167,Suplente,JOSÉ CARLOS MOREIRA COSTA JÚNIOR,JUNIOR MOREIRA,M,01/09/1974,Válido,55
55055,302,Suplente,JOÃO HENRIQUE ROCHA AMORIM,JOÃO AMORIM,M,26/01/1980,Válido,55
55306,74,Suplente,MARIA DENISE ESTEVÃO DA MOTA,DENISE ESTEVÃO,F,05/06/1975,Válido,55
55333,543,Suplente,JOSÉ CICERO MELO DOS SANTOS,NEM DA FARMÁCIA,M,07/09/1965,Válido,55
55007,129,Suplente,JOSÉ IZAILDO DA SILVA,PROFESSOR IZAILDO,M,07/03/1961,Válido,55
55100,217,Suplente,DEYSE TYARA MARQUES DOS SANTOS,DEYSE TYARA,F,30/06/1982,Válido,55
20888,1308,Suplente,FÁBIO LEITE PALMEIRA,FÁBIO PALMEIRA,M,07/08/1981,Válido,20
20030,130,Suplente,FRANCISCA CARDEAL DOS SANTOS SILVA,FRANCISCA CARDEAL,F,25/08/1969,Válido,20
20020,336,Suplente,MARIA DE FATIMA RIBEIRO DE OLIVEIRA,FÁTIMA RAMOS,F,03/08/1969,Válido,20
20999,1047,Suplente,ADEILTON BIAS DOS SANTOS,BIAS DA GUARDA,M,31/03/1976,Válido,20
20212,80,Suplente,EUCENIA MARIA VIEIRA,EUCENIA VIEIRA,F,23/11/1962,Válido,20
20033,1049,Suplente,CICERO EMANUEL DA SILVA COSTA,CAPITAO EMANUEL COSTA,M,06/03/1967,Válido,20
20100,60,Suplente,EDLANE DE MELO MONTE,EDLANE MONTE,F,19/10/1976,Válido,20
20123,4890,Eleito,BRIVALDO MARQUES SILVA NETO,BRIVALDO MARQUES,M,22/01/1993,Válido,20
20192,517,Suplente,ISAAC SILVA DE LIMA,ISAAC LIMA,M,01/03/1981,Válido,20
20000,5184,Eleito,MARCELO PALMEIRA CAVALCANTE,MARCELO PALMEIRA,M,25/11/1981,Válido,20
20214,53,Suplente,LENILDA BARBOSA DOS SANTOS,LENILDA DA SAÚDE,F,25/02/1966,Válido,20
20900,877,Suplente,JOSÉ LAERSON DE LIRA,COMENDADOR DA CAUSA ANIMAL,M,29/01/1974,Válido,20
20111,1067,Suplente,ISRAEL WANDERLEY MAUX LESSA,ISRAEL LESSA,M,21/03/1974,Válido,20
20200,436,Suplente,CLEBIO JOSÉ ALVES DA SILVA,KLEBINHO SHOW,M,16/01/1990,Válido,20
20555,398,Suplente,FERNANDO CÂNDIDO DO NASCIMENTO,FERNANDO CÂNDIDO,M,10/05/1973,Válido,20
20666,2985,Suplente,ALLAN PIERRE VASCONCELOS,ALLAN PIERRE,M,25/03/1984,Válido,20
20789,1459,Suplente,JORGE ALVES DE MOURA,JORGE MOURA,M,01/02/1959,Válido,20
20121,110,Suplente,VERA LÚCIA BATISTA DO NASCIMENTO,PROFESSORA VERA LÚCIA,F,28/06/1959,Válido,20
20220,600,Suplente,JOSÉ MIGUEL GONÇALVES DA SILVA,IRMÃO MIGUEL,M,07/10/1974,Válido,20
20796,0,Suplente,FRANCISDEY FARIAS TEIXEIRA DOS SANTOS,FRANCIS,F,07/09/1960,Válido,20
20800,1449,Suplente,ARIEL FERNANDES DUARTE,ARIEL FERNANDES,M,06/07/1968,Válido,20
20132,76,Suplente,CICERA MARIA DE LIMA,DONA SÔ,F,17/11/1959,Válido,20
20444,846,Suplente,JOSÉ ADILSON FERREIRA DE SOUZA,PIABINHA,M,23/03/1964,Válido,20
20002,581,Suplente,ALESANDRO FERNANDES SILVA,ALESANDRO FERNANDES,M,15/04/1975,Válido,20
20120,130,Suplente,JOÃO ROBERTO FERNANDES MARQUES,BEL DO CSA,M,16/10/1964,Válido,20
20500,30,Suplente,LUZIA CRISTINA SILVA DE CARVALHO,CRISTINA CARVALHO,F,13/12/1966,Válido,20
20007,113,Suplente,MARIA JOSÉ DA SILVA SANTOS,MARIA SANTOS,F,16/09/1977,Válido,20
20777,4111,Eleito,CLAUDIO MOREIRA DA SILVA,CAL MOREIRA,M,13/07/1979,Válido,20
20025,271,Suplente,HÉLIO SILVA DE OLIVEIRA,IRMÃO HÉLIO SILVA,M,13/01/1950,Válido,20
20345,1083,Suplente,GEVIRSON BEZERRA DA SILVA,GEVIRSON BEZERRA,M,09/06/1980,Válido,20
20009,43,Suplente,JOSÉ JOÃO DOS SANTOS FILHO,JOSÉ JOÃO,M,20/07/1965,Válido,20
20333,2066,Suplente,JOÃO TIGRE DA SILVA,JOÃO TIGRE,M,19/06/1968,Válido,20
20222,3189,Suplente,THEO FORTES SILVEIRA CAVALCANTI,THÉO FORTES,M,23/06/1961,Válido,20
20133,1022,Suplente,MARIA DOS PRAZERES DA ROCHA BRANDÃO,SHEYLA ROCHA,F,12/03/1977,Válido,20
50123,2381,Não eleito,LUCIANE CRISTINE DOS SANTOS ARAUJO,LU ARAUJO,F,08/08/1988,Válido,50
50180,233,Não eleito,RISONILDA COSTA DA SILVA,RISO COSTA,F,18/01/1966,Válido,50
50478,61,Não eleito,JOSE CICERO VIEIRA DE OLIVEIRA,CICERO DA FAMOAL,M,10/06/1965,Válido,50
50500,10,Não eleito,IVELISE PINHEIRO DE OLIVEIRA,IVE,F,24/02/1983,Válido,50
50800,603,Não eleito,ISAC JACSON FERREIRA CAVALCANTE,IZAC DA CUT,M,18/07/1960,Válido,50
50222,68,Não eleito,RAIMUNDO SANDOVAL DE FRANÇA,DR. SANDOVAL FRANÇA,M,06/07/1939,Válido,50
50999,17,Não eleito,MARIO RODRIGUES FURTADO,PASTOR MARIO RODRIGUES,M,14/09/1963,Válido,50
50000,269,Não eleito,SIDNEY LOPES DA SILVA,SIDNEY LOPES,M,25/12/1962,Válido,50
50133,1,Não eleito,JOSE MARIANO DOS SANTOS,JOSE MARIANO,M,18/11/1977,Válido,50
50200,1672,Não eleito,JEAMERSON DOS SANTOS,JEAMERSON DA BANCADA NEGRA,M,20/12/1983,Válido,50
50178,70,Não eleito,JOSE CESAR DA SILVA,CESAR FILHO,M,25/05/1967,Válido,50
50555,13,Não eleito,ROMMEL OLIVEIRA CAVALCANTI FILHO,DR. ROMMEL CAVALCANTI,M,09/01/1993,Válido,50
50111,188,Não eleito,JACIELE ANDREIA DA SILVA,ELEN DA PERIFERIA,F,29/11/1996,Válido,50
50112,63,Não eleito,NIQUELE GOMES DE LIMA,IRMÃ KELLY,F,21/12/1987,Válido,50
50333,157,Não eleito,RICARDO JOSE DA SILVA LIRA JUNIOR,VIGILANTE RICARDO LIRA,M,03/11/1980,Válido,50
50444,62,Não eleito,REINALDO CRUZ DA SILVA,PROFESSOR REINALDO,M,13/05/1953,Válido,50
50288,59,Não eleito,MARIA JOSE SILVA DOS SANTOS,TIA MARIA,F,23/12/1940,Válido,50
17123,382,Não eleito,ALANA DA SILVA CALIXTO SURUAGY,ALANA SURUAGY,F,25/08/1982,Válido,17
17369,50,Não eleito,RODRIGO RÊGO QUINTELA,RODRIGO QUINTELA,M,10/03/1986,Válido,17
17007,249,Não eleito,ALEXANDRE ESPÍNDOLA DE MESQUITA,ALEXANDRE ESPINDOLA,M,02/10/1969,Válido,17
17789,32,Não eleito,JORGE MIGUEL DA SILVA,JORGE MIGUEL,M,11/03/1952,Válido,17
17444,67,Não eleito,MÁRCIO ANDERSON SOARES COSTA,MÁRCIO ANDERSON,M,05/10/1983,Válido,17
17775,200,Não eleito,GABRIEL TENÓRIO DA SILVA,GABRIEL TENORIO,M,27/08/1983,Válido,17
17888,97,Não eleito,IRANILDO LEITE DA SILVA,ZEBRAO,M,30/05/1968,Válido,17
17777,329,Não eleito,JOSÉ DADE DA PAZ FILHO,DA PAZ,M,24/04/1972,Válido,17
17000,3585,Não eleito,FLÁVIO ANTONIO MORENO DA SILVA,FLÁVIO MORENO,M,29/05/1975,Válido,17
17008,22,Não eleito,RUTE DOS SANTOS GODOI,RUTHE GODOY,F,20/11/1977,Válido,17
17005,166,Não eleito,KILDER COLAÇO DA SILVA,KILDER COLAÇO,M,05/01/1985,Válido,17
17557,17,Não eleito,PAULO JULIO BARBOSA VIANA,PAULINHO,M,17/09/1993,Válido,17
17222,195,Não eleito,GÊNESES ALVES DO NASCIMENTO,GÊNESIS ALVES,M,28/01/1992,Válido,17
17700,48,Não eleito,JADSON BEZERRA DE LIRA,JADSON LIRA,M,05/11/1971,Válido,17
17321,130,Não eleito,HUGO RAFAEL DE AMORIM SILVA,HUGO AMORIM,M,14/07/1985,Válido,17
17017,48,Não eleito,TEREZINHA PEIXOTO COUTINHO,TEREZINHA PEIXOTO,F,27/10/1956,Válido,17
17077,47,Não eleito,ANA CRISTINA SANTOS DA SILVA,ANNA CRISTINA,F,26/01/1982,Válido,17
17111,150,Não eleito,EMANUEL ARISTIDES NASCIMENTO TENÓRIO CAVALCANTI,PROF TENORIO,M,09/10/1966,Válido,17
17118,34,Não eleito,ELIANE LIRA SANTOS DE SENA,ELIANE LIRA,F,13/06/1980,Válido,17
17555,20,Não eleito,JOSÉ CARLOS LIMA,CARLOS LIMA,M,24/02/1960,Válido,17
17999,199,Não eleito,JADSON BRAGA DE OLIVEIRA,JADSON BRAGA,M,16/07/1976,Válido,17
17177,210,Não eleito,MARIO JORGE ANDRADE DA SILVA,MARIO ANDRADE,M,20/09/1966,Válido,17
17567,71,Não eleito,JOSÉ EDSON DOS SANTOS AMORIM,EDSON AMORIM,M,20/03/1964,Válido,17
17003,168,Não eleito,MARCONDES MACIEL BAIA,MARCONDES BAIA,M,20/03/1991,Válido,17
17001,74,Não eleito,OLÍMPIA MAIA DE BARROS CORREIA NETA,OLIMPIA CORREIA,F,01/03/1946,Válido,17
17170,27,Não eleito,WYLLE DAVIDY DE LIMA DA SILVA,WYLLE DAVIDY,M,30/05/1993,Válido,17
17217,25,Não eleito,SÉRGIO SEBASTIÃO DE ANDRADE ALVES,SERGIO ANDRADE,M,21/08/1965,Válido,17
17200,229,Não eleito,JORGE EPIFÂNIO DE JESUS,JORGE TCHU TCHU TCHU,M,22/01/1963,Válido,17
17006,205,Não eleito,ROSIETE FERREIRA DOS SANTOS,ROSE DPAULA,F,25/11/1960,Válido,17
17654,129,Não eleito,MANOEL PEDRO CARDOSO DOS SANTOS,CABO P SANTOS,M,09/09/1961,Válido,17
17456,42,Não eleito,CASSIO GOMES DA SILVA,CASSIO SILVA,M,04/08/1977,Válido,17
40123,954,Suplente,CAUÊ ALEXANDRE DE CASTRO SANTOS,CAUÊ CASTRO,M,08/11/1986,Válido,40
40222,1282,Suplente,FÁBIO ROGÉRIO DOS SANTOS TEIXEIRA,FÁBIO ROGÉRIO,M,06/09/1977,Válido,40
40999,287,Suplente,JOSÉ AIRTON DOS SANTOS SOARES,AIRTON SANTOS,M,19/06/1960,Válido,40
40122,218,Suplente,CARLOS ANDRÉ DA SILVA,CARLOS ANDRÉ,M,23/04/1979,Válido,40
40500,855,Suplente,GERALDO VASCONCELOS DE CASTRO JUNIOR,GERALDO DO SOS,M,26/05/1962,Válido,40
40321,4809,Eleito,JOSÉ SIDELANDE ARAUJO DE MENDONÇA,SIDERLANE MENDONÇA,M,05/10/1978,Válido,40
40004,186,Suplente,EDUARDO FELISBERTO DE LIMA,SGT EDUARDO LIMA,M,08/11/1978,Válido,40
40800,745,Suplente,EDUARDO TAVARES MENDES JUNIOR,EDUARDO TAVARES FILHO,M,20/02/1978,Válido,40
40444,2999,Suplente,CLEBER COSTA DE OLIVEIRA,DR. CLEBER COSTA,M,09/07/1952,Válido,40
40456,35,Suplente,SANNYE KRYSTINE DE FREITAS MENEZES PONTES,SANNY CHIQUINHA,F,15/09/1970,Válido,40
40200,20,Suplente,MICHELLY DE FREITAS PAULINO,MICHELLY FREITAS,F,17/08/1982,Válido,40
40400,296,Suplente,KRISTIANE FERREIRA DUARTE,KRISTIANE DUARTE,F,18/03/1978,Válido,40
40771,188,Suplente,RICARDO DOS SANTOS FREIRE,RICARDO FREIRE,M,14/03/1977,Válido,40
40240,888,Suplente,MÍRIAN DA SILVEIRA MONTE,MÍRIAN MONTE,F,24/09/1979,Válido,40
40111,658,Suplente,JOSEFA VIEIRA DA SILVA,PROFESSORA JOANINHA,F,30/12/1979,Válido,40
40000,6482,Eleito,FRANCISCO MARCOS SARMENTO RAMOS,FRANCISCO SALES,M,30/04/1978,Válido,40
40190,12038,Eleito,FÁBIO MICHEY COSTA DA SILVA,DELEGADO FÁBIO COSTA,M,15/10/1980,Válido,40
40007,56,Suplente,BARTOLOMEU JOSÉ RODRIGUES FILHO,BARTÔ,M,05/12/1966,Válido,40
40333,146,Suplente,BÁRBARA RAMOS ACIOLY,BÁRBARA ACIOLY,F,18/03/1993,Válido,40
40789,14,Suplente,RAFAELA SILVA DA COSTA,RAFINHA COSTA,F,06/08/1992,Válido,40
40040,549,Suplente,RADSON OLIVEIRA DA SILVA,PROFESSOR RADSON OLIVEIRA,M,11/04/1985,Válido,40
40777,1944,Suplente,RODOLFO DO NASCIMENTO BARROS,RODOLFO BARROS,M,19/10/1994,Válido,40
16000,62,Não eleito,MANOEL MOISÉS SANTOS,MANOEL MOISÉS,M,29/12/1960,Válido,16
14222,111,Não eleito,FRANCISCO HERTEZ GARRIDO,HERTEZ GARRIDO,M,15/09/1976,Válido,14
14456,303,Não eleito,CARLOS ALBERTO DA SILVA ALBUQUERQUE,CARLOS ALBUQUERQUE,M,29/04/1968,Válido,14
14125,30,Não eleito,JOSÉ LOURENÇO DA SILVA,IRMÃO LOURENÇO,M,15/01/1959,Válido,14
14147,16,Não eleito,SAMDILSON BARROS VASCONCELLOS,DR. VASCONCELLOS,M,15/05/1972,Válido,14
14123,42,Não eleito,MARILDA MONTEIRO,MARILDA CABELEIREIRA,F,29/01/1955,Válido,14
14999,66,Não eleito,HILARIO WANDEMBERG MOURA RAMALHO,HILARIO RAMALHO,M,09/07/1981,Válido,14
14321,74,Não eleito,ANA CARLA PEREIRA DA SILVA FARIAS,KARLA DA JAQUEIRA,F,02/10/1993,Válido,14
14111,118,Não eleito,EDMILSON VIEIRA DE LIMA,EDMILSON DO RELÓGIO,M,03/05/1969,Válido,14
14010,39,Não eleito,JAMESSON ARAUJO DE LIMA,PROFESSOR JAMES,M,14/03/1983,Válido,14
14369,0,Não eleito,EDUARDO MANOEL DA SILVA,DUDU SILVA,M,02/03/1998,Válido,14
14888,44,Não eleito,RICARDO GOMES LOURENÇO,RICARDO DE JESUS,M,21/12/1977,Válido,14
14700,20,Não eleito,MARIA DA CONCEIÇÃO PORFIRIO DA SILVA,MARIA DO KING,F,08/12/1948,Válido,14
14741,6,Não eleito,BELMIRA YLANA FERNANDES DA ROCHA,KATILEIA,F,24/02/1989,Válido,14
14001,78,Não eleito,VICTORIA GABRIELLY MELO CANUTO,VITORIA CANUTO,F,23/01/2000,Válido,14
14856,17,Não eleito,JOSÉ MARCOS CAETANO PEREIRA,MARCOS,M,18/07/1985,Válido,14
14500,34,Não eleito,JOYCE SUELLEN NASCIMENTO SILVA,JOYCE SUELLEN,F,13/10/1997,Válido,14
14333,51,Não eleito,MARIA VALDENICE DA SILVA,NICE DA FAVELA,F,02/09/1983,Válido,14
14443,45,Não eleito,DOUGLAS SILVA FERNANDES,DOUGLAS DO APLICATIVO,M,16/02/1984,Válido,14
14789,295,Não eleito,GIVALDO ELIAS DOS SANTOS,GIVALDO MADRUGA,M,14/04/1980,Válido,14
14444,64,Não eleito,VANESSA KARINE DOS SANTOS SILVA,VANESSA SILVA,F,06/09/1985,Válido,14
14777,68,Não eleito,DAMIÃO RODRIGUES MARTINS,DAMIÃO DO COLIBRI,M,29/05/1964,Válido,14
14014,30,Não eleito,MAURO LYRA,PASTOR MAURO,M,27/02/1950,Válido,14
14177,39,Não eleito,JAIR DE OLIVEIRA REIS,JAIR REIS BOLSONARO,M,12/08/1963,Válido,14
14000,42,Não eleito,SALILEAN LINO DAMIÃO,SALILEAN,F,30/06/1981,Válido,14
14144,429,Não eleito,JARBAS DOS SANTOS SILVA,PASTOR JARBAS,M,01/09/1969,Válido,14
14020,183,Não eleito,ROBERTO FRANCISCO DA SILVA,ROBERTO SARAPÓ,M,12/03/1958,Válido,14
14567,126,Não eleito,JOAO BENTO DE MOURA,JOÃO BENTO TAXISTA,M,31/05/1963,Válido,14
14112,66,Não eleito,JOSENILDO VIEIRA DOS SANTOS,JOSENILDO VIEIRA,M,01/06/1964,Anulado,14
45800,153,Suplente,HERIK MATTEUS DE ALBUQUERQUE DIAS,HERIK DIAS,M,17/05/1999,Válido,45
45045,2,Suplente,JULIANA CAMPOS DE SOUZA PEDROSA,JU PEDROSA,F,20/10/1987,Válido,45
45789,121,Suplente,JOSÉ MARIEDSON DA SILVA,JOSÉ MARIEDSON,M,16/08/1973,Válido,45
45444,4578,Eleito,TEREZA NELMA PORTO VIANA SOARES,TECA NELMA,F,01/02/1999,Válido,45
45008,556,Suplente,ANNE CAROLINE FIDELLIS DE LIMA,ANNE CAROLINE,F,05/08/1985,Válido,45
45333,161,Suplente,JERSONITA MARCELINO LEITE,NITA LEITE,F,11/12/1961,Válido,45
45222,426,Suplente,ROGERIO SANTOS DIAS,ROGÉRIO DIAS,M,17/01/1976,Válido,45
45456,713,Suplente,JOSÉ LOPES FEITOSA JÚNIOR,LOPES JÚNIOR,M,18/05/1976,Válido,45
45321,133,Suplente,GABRIEL DE ARAÚJO SANTIAGO,GABRIEL SANTIAGO,M,02/11/1997,Válido,45
45000,1977,Suplente,MARIA TAVARES FERRO,MARIA TAVARES,F,29/12/1980,Válido,45
45777,137,Suplente,PEDRO DA SILVA CERQUEIRA,PEDRO CERQUEIRA,M,13/07/1977,Válido,45
45555,587,Suplente,LEANDRO ALMEIDA DE JESUS,LEANDRO ALMEIDA,M,02/07/1975,Válido,45
45888,415,Suplente,ADEILSON DA SILVA ALVES,PROF ADEILSON ALVES,M,23/05/1983,Válido,45
45123,331,Suplente,ANÍSIO CARLOS DE LIMA NETO,ANÍSIO LIMA,M,06/10/1993,Válido,45
45122,105,Suplente,ROBERTO DOS SANTOS ALMEIDA,BETINHO DA CAPOEIRA,M,05/01/1976,Válido,45
45645,39,Suplente,THIAGO VIEIRA XAVIER,THIAGO XAVIER,M,10/12/1988,Válido,45
45678,582,Suplente,FLÁVIO CAVALCANTI GOMES DE BARROS,FLÁVIO GOMES DE BARROS,M,10/07/1955,Válido,45
45010,68,Suplente,MARCIO FERREIRA JAMBO SOBRINHO,MARCIO JAMBO,M,24/06/1969,Válido,45
36789,503,Suplente,TÚLIO OSTÍLIO PEIXOTO CAVALCANTE,BOMBEIRO TULIO DINIZ,M,17/11/1970,Válido,36
36777,1295,Suplente,RAIMUNDO GOMES DE MEDEIROS,RAIMUNDO MEDEIROS,M,04/07/1956,Válido,36
36000,3005,Eleito,SAMYR MALTA AMARAL,SAMYR MALTA,M,15/05/1978,Válido,36
36600,191,Suplente,EDSON LEAL ALBUQUERQUE,PROF EDSON LEAL,M,23/05/1959,Válido,36
36036,767,Suplente,MISAEL DA SILVA SANTANA,MISA,M,27/09/1974,Válido,36
36200,50,Suplente,LENILDA MARIA DOS SANTOS OLIVEIRA,PROFESSORA LENILDA,F,26/05/1952,Válido,36
36888,624,Suplente,MARIA APARECIDA DA SILVA MARTINS,CIDINHA DA TRANSFORMAÇÃO,F,07/09/1970,Válido,36
36678,571,Suplente,RODRIGO MONTEIRO DE ALCANTARA,RODRIGO MONTEIRO,M,11/09/1984,Válido,36
36555,735,Suplente,JOSÉ BATISTA DE SOUZA,SARGENTO BATISTA,M,24/06/1967,Válido,36
36333,721,Suplente,CÉLIO ANTÔNIO EMÍDIO SILVA,CÉLIO,M,04/08/1963,Válido,36
36123,393,Suplente,LUIZ PEREIRA DE MELO JUNIOR,LUIZINHO PEREIRA,M,07/06/1961,Válido,36
36007,99,Suplente,WASHINGTON TRINDADE DO NASCIMENTO,WASHINGTON TRINDADE,M,29/05/1978,Válido,36
36700,166,Suplente,AMÉLIA VIRGÍNIA LUCENA OBA,VIRGÍNIA LUCENA,F,05/01/1970,Válido,36
36444,144,Suplente,JACQUELINE NEVES DA CONCEIÇÃO,JAQUE,F,21/03/1988,Válido,36
36654,336,Suplente,JOSÉ PAULO DA CONCEIÇÃO,PAULO ADVOGADO DA COMUNIDADE,M,14/11/1990,Válido,36
36082,43,Suplente,CARMEN LÚCIA TENÓRIO DA SILVA,CARMEN TENÓRIO,F,27/03/1967,Válido,36
36202,184,Suplente,ALDO CESAR DOS SANTOS MORAIS,ALDO CESAR,M,25/10/1979,Válido,36
36999,193,Suplente,ALISSON CARDOSO DA SILVA,ALISSON CARDOSO,M,03/10/1962,Válido,36
36456,663,Suplente,CLAUDEVAN CARDOSO DA SILVA,DAI RESTAURANTE,M,19/05/1970,Válido,36
36001,186,Suplente,IRACI BATISTA DA SILVA,IRACI BATISTA,F,28/11/1942,Válido,36
36190,284,Suplente,ASTECLÍNIO FRANCISCO DE MOURA,SARGENTO MOURA,M,07/04/1965,Válido,36
36987,139,Suplente,FAGNER LUIS DE CASTRO BARROS,FAGNER BARROS,M,02/01/1980,Válido,36
36111,112,Suplente,ROSENILDA SARMENTO SANTOS SILVA,NILDA SARMENTO,F,10/01/1970,Válido,36
36400,222,Suplente,GESIEL ANTÔNIO DE OLIVEIRA,GESIEL OLIVEIRA,M,19/12/1974,Válido,36
36300,195,Suplente,MARIA EDUARDA PEREIRA DE PAULA,DUDA DE PAULA,F,22/03/2001,Válido,36
36541,61,Suplente,FRANCISCO AIRTON BASTOS SILVA FILHO,PROFESSOR AIRTON BASTOS,M,10/10/1976,Válido,36
36369,168,Suplente,NEILDO ALVES DE SIQUEIRA,NEILDO SIQUEIRA,M,19/07/1975,Válido,36
36800,114,Suplente,GILVAN DA SILVA MENEZES,GILVAN MENEZES,M,08/11/1972,Válido,36
36044,78,Suplente,MARLUCE SILVA DE SÁ,MARLUCE TIA DA COXINHA,F,24/10/1977,Válido,36
36366,12,Suplente,RAMON MULLER CARMELLINO,RAMON DO BÉM,M,23/12/1992,Válido,36
36900,90,Suplente,ELZIO MONTEIRO FEITOSA,ELZIO DO POVO,M,25/10/1973,Válido,36
36234,560,Suplente,JOSÉ SERGIO ROCHA,SERGIO ROCHA,M,25/11/1969,Válido,36
36321,388,Suplente,EMANUEL MONTEIRO CERQUEIRA,MANO MONTEIRO,M,14/07/1979,Válido,36
36666,752,Suplente,LETÍCIA CALIXTO PEREIRA DA SILVA,LETÍCIA CALIXTO,F,16/01/2002,Válido,36
36147,11,Suplente,KÁTIA REGINA DE ALMEIDA GUIMARÃES,KÁTIA ALMEIDA,F,19/08/1973,Válido,36
36100,1241,Suplente,ZERISSON DE OLIVEIRA NETO,ZERISSON,M,07/04/1986,Válido,36
36180,36,Suplente,VALDINETE DO LIVRAMENTO MARTINS,VALDINETE,F,21/08/1963,Válido,36
43777,62,Não eleito,DANIEL DE ARAUJO SOUZA,DANIEL D'ART,M,22/04/1972,Válido,43
43124,88,Não eleito,MARIA APARECIDA GERMANO DOS SANTOS,CIDA DO POVÃO,F,23/04/1965,Válido,43
43601,55,Não eleito,ALEXANDRE VERÇOSA DOS SANTOS,VERÇOSA,M,21/12/1972,Válido,43
43600,61,Não eleito,JOSE MIRANDINO PEREIRA GOMES,NANDO DO JACA,M,31/07/1986,Válido,43
43000,118,Não eleito,JOSE DO NASCIMENTO SANTOS FILHO,MACGAYVER,M,10/05/1973,Válido,43
43123,107,Não eleito,MARIA DAS DORES GOMES,DAS DORES,F,22/02/1967,Válido,43
43555,24,Não eleito,CLAUDIONOR MARTINS DE OLIVEIRA,NÔ PAPAI NOEL,M,15/08/1959,Válido,43
43222,273,Não eleito,EDINEIDE JUSTINO DA SILVA,NEIDE DO VERGEL,F,22/11/1969,Válido,43
43001,506,Não eleito,SANDRA DO CARMO DE MENEZES,SANDRA MENEZES,F,17/02/1964,Válido,43
43999,81,Não eleito,JOSE COSTA BARROS,ZE GRANDAO,M,19/03/1971,Válido,43
43333,170,Não eleito,EVERTON DOS SANTOS,EVERTON,M,09/04/1988,Válido,43
33444,63,Não eleito,JOSEFA GELINALVA TENORIO AGRA,PROFESSORA GELLI,F,19/03/1964,Válido,33
33123,31,Não eleito,HELOISA HELENA CORREIA DE FREITAS,HELOISA HELENA DO BIU,F,21/06/1958,Válido,33
33333,107,Não eleito,JAILTON LIMA DE SANTANA,JAU LIMA,M,30/05/1973,Válido,33
33555,34,Não eleito,HELIO AMORIM DE MIRANDA FILHO,HELIO MIRANDA,M,24/09/1971,Válido,33
33100,370,Não eleito,ROGERIO CAFE PEIXOTO,ROGERIO CAFE,M,08/06/1979,Válido,33
33000,26,Não eleito,JOSE SEVERINO ROSAS DE ANDRADE,JOTA ANDRADE,M,19/11/1960,Válido,33
33222,97,Não eleito,MARIA IVONE DA SILVA,IVONE SILVA,F,09/07/1953,Válido,33
33331,135,Não eleito,ALYSSON DOS SANTOS VITAL,ALYSSON VITAL,M,09/03/1981,Válido,33
33111,88,Não eleito,JOAO FLORIANO DA SILVA,JOAO DAS FRUTAS,M,24/06/1969,Anulado sub judice,33
33445,92,Não eleito,ADEMILSON DA SILVA,ADEMILSON NEGAO,M,18/11/1976,Válido,33
33616,4,Não eleito,GIVALDO FERREIRA DA SILVA,PIPA,M,24/07/1976,Válido,33
13657,128,Suplente,ROZENVAL DA SILVA SANTOS,VAL DA SAUDE,M,13/06/1957,Válido,13
13300,356,Suplente,MARCELO TADEU LEMOS DE OLIVEIRA,MARCELO TADEU,M,26/10/1962,Válido,13
13630,2,Não eleito,MARIA JOSE DE OLIVEIRA,ZITA DO POVO,F,28/12/1948,Anulado sub judice,13
13555,302,Não eleito,EDILSON CAVALCANTE DA SILVA,EDILSON CAVALCANTE,M,17/02/1994,Anulado,13
13000,1385,Suplente,JOSE ROBERTO MENDES DO AMARAL,TODOS MANDATO COLETIVO,M,15/12/1957,Válido,13
13331,848,Suplente,ABEL AURÉLIO DUARTE FILHO,ABEL DUARTE,M,26/08/1960,Válido,13
13161,100,Suplente,BARBARA NAGMAN CORREIA ROCHA,BÁRBARA NAGMAN,F,10/09/1974,Válido,13
13900,303,Suplente,PAULO ROBERTO KUCHENMEISTER DE MEMÓRIA,PAULO MEMÓRIA,M,18/07/1963,Válido,13
13613,1691,Eleito,VALMIR DE MELO GOMES,DR. VALMIR,M,17/04/1957,Válido,13
13888,66,Suplente,EDVALDO DA SILVA PRUDÊNCIO,EDVALDO,M,04/02/1968,Válido,13
13789,48,Suplente,TEOBALDO ANTONIO DA SILVA,THEOBALDO,M,09/11/1961,Válido,13
13777,94,Suplente,FRANCISCO DE ASSIS CAMILO DOS SANTOS,CHICO DOS DISCOS,M,04/08/1949,Válido,13
13333,362,Suplente,PAULO ROBERTO LIMA DA SILVA,PAULINHO LIMA,M,21/07/1994,Válido,13
13122,63,Suplente,LUANNE GOMES DE SANTANA,LUANNE GOMES,F,05/08/1990,Válido,13
13222,305,Suplente,ANTONIO SABINO DOS SANTOS,SABINO DA FAMECAL,M,20/01/1959,Válido,13
13500,473,Suplente,EDUARDO JORGE VASCONCELOS DE LIMA,EDUARDO VASCONCELOS,M,02/01/1977,Válido,13
13123,524,Suplente,GINO CESAR MENEZES PAIVA,GINO CESAR,M,19/07/1965,Válido,13
13200,189,Suplente,EDIJANE ALVES SANTOS SILVA,JANE,F,02/09/1970,Válido,13
13213,888,Suplente,ANA MARIA PEREIRA,ÉPELAVIDADASMULHERES,F,14/11/1973,Válido,13
13013,225,Suplente,ANTÔNIO ROCHA DOS SANTOS FILHO,IGBONAN ROCHA,M,30/05/1960,Válido,13
13999,516,Suplente,JOSE ANTONIO SALES,TENÓRIO DA PADARIA,M,30/09/1972,Válido,13
13100,121,Suplente,MILTON ARAÚJO SILVA,SARGENTO MILTON,M,24/10/1966,Válido,13
13665,480,Suplente,JOAQUIM NOBERTO DA SILVA NETO,JOCA DO CLIMA BOM,M,29/09/1959,Válido,13
13800,95,Suplente,MARIA DE LOURDES BARBOZA ALVES,LOURDES ALVES,F,02/08/1950,Válido,13
13111,38,Suplente,MICHELLE CRISTINE GODOY,MICHELLE GODOY,F,04/06/1986,Válido,13
13456,662,Suplente,SANDRA LUCIA DOS SANTOS LIRA,SANDRA LIRA,F,27/09/1963,Válido,13
13033,124,Suplente,MARIA JOSÉ CASTRO D'ALMEIDA LINS,MARIA LINS,F,20/01/1950,Válido,13
13113,814,Suplente,SANDRO REGES DE OLIVEIRA,SANDRO REGES,M,04/07/1968,Válido,13
13801,36,Suplente,LUIZA CLAUDIA OMENA BEZERRA,LUIZA BEZERRA,F,19/06/1984,Válido,13
13131,36,Suplente,GIVALDO ALVES DA SILVA,CORONÉ VOLTA SECA,M,07/06/1962,Válido,13
13250,87,Suplente,JOSIVALDO DOS SANTOS,VAL DO LENITA,M,26/09/1970,Válido,13
19654,45,Suplente,MARIA ELIEDJA DA SILVA,EDJA CONSELHEIRA,F,09/06/1971,Válido,19
19190,148,Suplente,JOSE PINTO DE LUNA,PINTO DE LUNA,M,05/03/1965,Válido,19
19321,309,Suplente,JAMISON RODRIGUES DA SILVA,JAMINHO,M,27/09/1980,Válido,19
19444,429,Suplente,LUCAS COSTA MOREIRA CESAR BARBOSA,LUCAS COSTTA,M,07/06/1989,Válido,19
19123,1507,Suplente,GEOBERTO OMENA DE OLIVEIRA,BETO DA FARMÁCIA,M,11/11/1962,Válido,19
19678,163,Suplente,ROBSON COSTA NOGUEIRA,ROBSON NOGUEIRA,M,30/04/1965,Válido,19
19014,76,Suplente,ROSILENE MARIA DE LIMA SILVA,ROSE GUAXUMA,F,15/11/1982,Válido,19
19114,325,Suplente,JOSE ROBERTO RAMOS DOS SANTOS,ROBERTO RAMOS,M,25/05/1971,Válido,19
19991,197,Suplente,JULIANA MARIA TEOBALDO DE ALMEIDA,JULIANA TEOBALDO,F,20/08/1981,Válido,19
19158,761,Suplente,ADEMIR FERREIRA DA SILVA,ADEMIR DO ABC,M,18/10/1959,Válido,19
19577,61,Suplente,FRANCISCO DE ASSIS PEREIRA,CORONEL ASSIS,M,03/12/1957,Válido,19
19134,62,Suplente,MARIA DAS GRAÇAS RAMALHO LOPES,DONA GRACINHA,F,15/02/1958,Válido,19
19777,2784,Suplente,ALAN HELTON DE OMENA BALBINO,ALAN BALBINO,M,07/01/1965,Válido,19
19999,3642,Eleito,JOAO GABRIEL COSTA LINS,JOÃOZINHO,M,24/06/1989,Válido,19
19345,92,Suplente,MARIA JOSE DA SILVA,PROFESSORA MARIA JOSÉ,F,04/05/1962,Válido,19
19500,1151,Suplente,AMARO ELIAS DOS SANTOS,MÁRIO FAROFA,M,28/08/1966,Válido,19
19137,190,Suplente,ANTONIO LUIZ DA SILVA JUNIOR,JÚNIOR DO SURUAGY,M,02/11/1973,Válido,19
19333,4687,Eleito,JOSE EDUARDO ACCIOLY CANUTO,EDUARDO CANUTO,M,27/05/1962,Válido,19
19888,1663,Suplente,ALEX ANSELMO DA SILVA,ALEX ANSELMO,M,26/05/1977,Válido,19
19000,8522,Eleito,KELMANN VIEIRA DE OLIVEIRA,KELMANN,M,18/03/1975,Válido,19
19789,295,Suplente,LENIRA CALDAS LESSA NASCIMENTO,LENIRA LESSA,F,12/05/1979,Válido,19
19666,528,Suplente,JORGE VI LAMENHA LINS,JORGE VI,M,20/07/1961,Válido,19
19456,745,Suplente,EWERTON ALVES DE FARIAS,EWERTON PITA,M,14/11/1992,Válido,19
19133,308,Suplente,CAMILA DA SILVA MELO,CAMILA MELO,F,19/12/1988,Válido,19
19369,280,Suplente,GIVALDO MONTEIRO DA SILVA,GIVALDO TITIO,M,04/09/1982,Válido,19
19147,846,Suplente,JOSE CLAUDIO DO NASCIMENTO,CORONEL J CLAUDIO,M,01/12/1968,Válido,19
19900,424,Suplente,ALCIRA BEZERRA DA SILVA CAVALCANTE,ALCIRA CAVALCANTE,F,07/02/1981,Válido,19
19111,136,Suplente,YASMIN BATISTA DE ALENCAR SILVEIRA,YASMIN SILVEIRA,F,04/12/1999,Válido,19
19222,481,Suplente,JOSE FERREIRA DE MACEDO,MACEDO,M,22/11/1957,Válido,19
19234,245,Suplente,ADIMILSA MARIA DA SILVA,NENÉM DO REGINALDO,F,01/02/1959,Válido,19
19567,195,Suplente,VALQUIRIA ALVES DOS SANTOS,VALQUIRIA BEBEDOURO,F,18/09/1975,Válido,19
19019,276,Suplente,ADABEL SILVA DA COSTA,ADABEL COSTA,M,12/04/1987,Válido,19
19555,594,Suplente,TEREZA CRISTINA VIDAL DE NEGREIROS MOURA TENORIO,TEREZA CRISTINA,F,13/04/1974,Válido,19
10500,539,Suplente,CICERO CASTELO BRANCO DA SILVA,CASTELO BRANCO,M,16/01/1974,Válido,10
10222,743,Suplente,PEDRO HENRIQUE DA SILVA SANTOS,PEDOCA,M,29/08/1990,Válido,10
10999,445,Suplente,CÉLIO HERCULANO DA SILVA,MAMULENGO DAS ALAGOAS,M,19/12/1970,Válido,10
10318,22,Suplente,MICHELA NUBIA LIMA RODRIGUES,MICHELA COUTO,F,28/01/1969,Válido,10
10699,1476,Suplente,CARLOS JORDAN ALVES AMORIM,JORDAN AMORIM,M,29/11/1990,Válido,10
10400,152,Suplente,ALISON RANGEL AMORIM DA SILVA,ALISON RANGEL,M,01/04/1978,Válido,10
10281,18,Suplente,MARIA ORGENY DE PINHO BORGES DELFINO,ORGENY,F,28/01/1965,Válido,10
10190,45,Suplente,DAVID FERREIRA DE ARAUJO,DAVI ELEGANCIA,M,29/01/1982,Válido,10
10123,191,Suplente,THIAGO DE OLIVEIRA RECALDE,THIAGO RECALDE,M,29/09/1986,Válido,10
10111,5152,Eleito,JOSÉ NILTON LIMA DE OLIVEIRA,OLIVEIRA LIMA,M,08/05/1978,Válido,10
10133,838,Suplente,MAILSON FRANKLIN DE ABREU ROCHA,MENINO MAILSON,M,17/12/1988,Válido,10
10777,2183,Suplente,JULIANO DA SILVA OLIVEIRA,JULIANO OLIVEIRA,M,14/10/1974,Válido,10
10333,137,Suplente,DAMARIS GUEDES DE LIMA ARAUJO,DAMARIS GUEDES,F,15/10/1973,Válido,10
10344,29,Suplente,CRISTIANE MARCELA DOS SANTOS BARROS,CRIS COMUNIDADE,F,08/01/1986,Válido,10
10010,11,Suplente,VALERIA SANTOS BARBOSA,VALERIA BARBOSA,F,23/04/1971,Válido,10
10888,49,Suplente,YHASMIN JACKELINE DE SOUZA GOMES,JACKE MODELO,F,29/12/1996,Válido,10
10100,42,Suplente,MARILUCE NICOLAU DE SÁ,MARI DA NATURA,F,18/01/1975,Válido,10
10444,160,Suplente,MARCIO DOS SANTOS MIRANDA,MARCIO MIRANDA,M,20/09/1977,Válido,10
10789,81,Suplente,MARIA DE LOURDES SANTOS ROCHA,SGT LOURDES,F,28/01/1968,Válido,10
10000,364,Suplente,IVON BERTO TIBÚRCIO DE LIMA,CORONEL IVON,M,07/12/1967,Válido,10
10200,19,Suplente,ADILSON LOPES DE SOUZA,ADILSON LOPES,M,15/10/1955,Válido,10
10555,856,Suplente,JOÃO ANIZIO ARAUJO DOS SANTOS NETO,JOAO NETO,M,28/03/1991,Válido,10
51444,134,Não eleito,ADELMO FERREIRA DOS SANTOS,ADELMO CABELOS,M,06/03/1971,Válido,51
51051,100,Não eleito,KAMILLA ROSS DE OLIVEIRA MELLO,KAMILLA ROSS,F,31/08/1988,Válido,51
51555,110,Não eleito,MARIA TEREZA D'ÁVILA DE ALBUQUERQUE,TEREZA D'ÁVILA,F,15/10/1969,Válido,51
51700,256,Não eleito,CLAUDIA MARIA PEREIRA DE MELO,CLAUDIA MELO,F,06/04/1963,Válido,51
51123,216,Não eleito,JOSÉ MARIA ALENCAR,ENG JUCA,M,12/10/1968,Válido,51
51777,282,Não eleito,VICENTE PAULO ALVES LOPES,LOPES,M,17/09/1960,Válido,51
51000,343,Não eleito,ADEMILTON TENÓRIO CAVALCANTE,ADEMILTON TENÓRIO,M,25/01/1967,Válido,51
51900,225,Não eleito,VALDEMIR IZIDORO DA SILVA,VAL HORTIFRUTI,M,23/04/1973,Válido,51
51111,401,Não eleito,LUCIANO FIRMIANO DOS SANTOS,SUBTENENTE FIRMIANO,M,23/11/1977,Válido,51
80555,351,Não eleito,ÉRICA MARIA GONZAGA SANTOS,ÉRICA DO ELAS SIM,F,10/07/1988,Válido,80
80123,521,Não eleito,MAGNO FRANCISCO DA SILVA,MAGNO FRANCISCO,M,13/12/1985,Válido,80
80222,46,Não eleito,WESLEY CHRISTIAN MEDEIROS DE ANDRADE,CHRISTIAN MEDEIROS,M,22/09/1997,Válido,80
18888,154,Não eleito,LUCELI PEREIRA MERGULHAO DE BRITO,LUCELI MERGULHAO,F,19/02/1958,Válido,18
18618,120,Não eleito,LUCIANA DE LEMOS CASADO BESERRA,LUA BESERRA,F,27/06/1974,Válido,18
18123,5267,Não eleito,HELOÍSA HELENA LIMA DE MORAES CARVALHO,HELOÍSA HELENA ,F,06/06/1962,Válido,18
18001,287,Não eleito,ANTONIO PEREIRA CHICUTA NETO,TONY CHICUTA,M,20/03/1979,Válido,18
18777,48,Não eleito,CARLOS ALBERTO FERREIRA DA SILVA,CARLOS RODOVIÁRIO,M,06/03/1984,Válido,18
18000,570,Não eleito,VALBERTSON DE BRITO LYRA SANTOS,COLETIVO AL,M,07/05/1978,Válido,18
18321,92,Não eleito,JOAO GONCALVES TORRES FILHO,JOAO TORRES,M,10/05/1986,Válido,18
