numero,votos_nominais,situacao,nome,nome_urna,sexo,data_nasc,destino_voto,numero_partido
23100,222,Suplente,VALDECIR MERLO,VALDECIR MERLO,M,01/05/1970,Válido,23
23600,23,Suplente,PAULO FERNANDES DOS SANTOS,PAULINHO DA VIOLA,M,08/03/1968,Válido,23
23700,26,Suplente,WAGNER DOS SANTOS,WAGUINHO DO SÃO ROQUE,M,03/01/1978,Válido,23
23011,203,Suplente,FLORENTINO LAQUINI,CHICO LAQUINI,M,11/12/1953,Válido,23
23500,323,Eleito,JEAN FABIO COSTALONGA,PROFESSOR JEAN,M,19/10/1980,Válido,23
23123,76,Suplente,CHARLES FERREIRA FADIGA,CHARLES FADIGA,M,10/01/1973,Válido,23
23000,195,Suplente,CLAUDIO SANTOS GOMES,DUNGA,M,25/07/1975,Válido,23
23300,30,Suplente,IVANETE ROCHA,IVANETE ROCHA,F,16/08/1950,Válido,23
23456,536,Eleito,VALDEMAR PAIVA SAMPAIO,PROFESSOR TININHA,M,14/07/1973,Válido,23
23789,181,Suplente,LUCIMAR AUGUSTA GASPARINI,MAMÁ GASPARINI,F,20/02/1966,Válido,23
23666,10,Suplente,LARITA LARA BACKER,LARITA BACKER,F,27/12/1995,Válido,23
23323,103,Suplente,VALMIR CESAR CRISTO,VALMIR DA ÁGUA E DO FRETE,M,22/03/1964,Válido,23
23630,462,Eleito,EDSON SEBASTIÃO SOPRANI,TIÃO SOPRANI,M,09/01/1951,Válido,23
23780,197,Suplente,MARIA APARECIDA BRONZONI JUNCA,APARECIDA JUNCA,F,23/05/1948,Válido,23
23023,51,Suplente,THAÍZI BACKER WANDERMUREM,THAÍZI BACKER,F,28/12/1990,Válido,23
23200,58,Suplente,MARCIO ELIO LIMA SANTOS,MARCIO LIMA,M,08/08/1979,Válido,23
25456,470,Eleito,PAULO JOSÉ ZANELATO,PAULO ZANELATO,M,10/09/1974,Válido,25
25111,15,Suplente,LUIZ LIDIO DE JESUS ROCHA,LIDIO ROCHA,M,29/06/1978,Válido,25
25800,455,Suplente,LUIZ CARMO DONDONI,CARMIM DONDONI,M,01/09/1965,Válido,25
25345,64,Suplente,BRINI PESSIN BASSETTI,BRINI BASSETTI,F,20/03/1991,Válido,25
25678,130,Suplente,JORDÃ DONDONI TONINI,JORDÃ,M,17/10/1994,Válido,25
25125,104,Suplente,RITA DE CASSIA SANCHE,RITA SANCHE,F,02/07/1993,Válido,25
25555,49,Suplente,MAIKELI DO NASCIMENTO ARAUJO,MAIKELI,F,25/11/1992,Válido,25
25025,76,Suplente,LEANDRO ROCHA,ROCHINHA,M,18/02/1986,Válido,25
25100,54,Suplente,LAIANE DE CASTRO RAMOS,LAIANE DO POSTINHO,F,26/04/1994,Válido,25
25123,542,Eleito,PENHA GROBERIO BETTIM,PENHA BETTIM,F,17/07/1958,Válido,25
25777,6,Suplente,JOSÉ CARLOS CORREIA,ZÉ CARLOS BOA VISTA,M,22/05/1956,Válido,25
25789,45,Suplente,ALCIDES DALVI,PIO,M,04/04/1963,Válido,25
25000,14,Suplente,CARLOS GIOVANI MARQUES,GIOVANI DE FATIMA,M,05/10/1985,Válido,25
25330,15,Suplente,JERLIS CALMON,JERLIS DO PRONTO SOCORRO,M,17/11/1988,Válido,25
25650,125,Suplente,CASSIANO MARTINS,CASSIANO MARTINS,M,28/10/1969,Válido,25
25235,16,Suplente,JOZIEL DA SILVA PINHEIRO,ZIEL DO BOA VISTA,M,08/09/1988,Válido,25
25056,5,Suplente,NOEMIA HUPP AGUIAR,NOEMIA HUPP,F,23/01/1945,Válido,25
11333,1,Suplente,GRAZIELE ANGELIM DE SOUZA,GRAZIELE ANGELIM,F,19/06/1989,Válido,11
11011,204,Suplente,JOSE ROBERTO LAUREANO BARCELOS,ROBERTINHO BARCELO,M,19/06/1971,Válido,11
11789,18,Suplente,RAFAELA DA SILVA PEREIRA,RAFAELA,F,28/09/1993,Válido,11
11678,76,Suplente,BENEDITO MARTINS JUNIOR,COXINHA,M,18/04/1961,Válido,11
11012,344,Suplente,MARINEIDE RODRIGUES LIMA,NEIDE,F,21/06/1985,Válido,11
11123,594,Eleito,RICARDO COSTA BARROS,RICARDO BARROS,M,20/06/1980,Válido,11
11190,70,Suplente,MARLILTO DE OLIVEIRA,SARGENTO MARLILTO,M,06/06/1967,Válido,11
11234,424,Eleito,EDMILSON NUNES DE QUEIROZ,PRETO QUEIROZ,M,21/03/1963,Válido,11
11111,152,Suplente,MILTON NOBRE,MILTON NOBRE,M,10/01/1959,Válido,11
11777,28,Suplente,ELIZABETE MORELO,BETE MORELO,F,10/04/1959,Válido,11
11487,0,Suplente,SUZANA DE OLIVEIRA BRAGA,SUZANA,F,26/11/1963,Válido,11
11800,285,Suplente,ROMERITO SANTOS CAMILO,ROMERITO,M,21/10/1985,Válido,11
11000,206,Suplente,ALEXSANDRO RIBEIRO DA COSTA,ALEX DA IRRIGAÇÃO,M,12/07/1983,Válido,11
11489,51,Suplente,EDIMAR DOS SANTOS,TIÇÃO,M,01/12/1970,Válido,11
11456,126,Suplente,CHERLE FUGULIM,CHERLE FUGULIM,M,12/03/1984,Válido,11
11444,354,Suplente,VALDECIR DA SILVA,VALDECIR,M,16/01/1964,Válido,11
20222,16,Não eleito,CLAUDIA DE OLIVEIRA MATOS PINHEIRO,CLÁUDIA MATOS,F,01/02/1981,Válido,20
20888,90,Não eleito,CASSIANO DOS SANTOS OLIVEIRA,CASSIANO OLIVEIRA,M,08/11/1983,Válido,20
20777,22,Não eleito,WALDEMIR NAPOLEÃO ROSA,NAPOLEÃO,M,17/11/1967,Válido,20
20020,115,Não eleito,MANOEL MESSIAS JUNIOR,JÚNIOR DA SERRALHERIA,M,01/06/1986,Válido,20
20456,11,Não eleito,REGINALDO SOUZA SANTOS DE JESUS,REGINALDO DA ACAMARGES,M,14/04/1960,Válido,20
20999,13,Não eleito,ANTONILTON ALVES RIBEIRO,ANTONILTON,M,16/09/1980,Válido,20
20111,22,Não eleito,CREDIANE CORREIA SUERA,CLEIDY CORREIA,F,29/09/1977,Válido,20
20115,13,Não eleito,MAURICIO PEREIRA DO NASCIMENTO,MAURÍCIO PEREIRA,M,01/10/1962,Válido,20
20555,8,Não eleito,SANDRA APARECIDA CÔCO CUNHA DE SOUZA,SANDRA CÔCO,F,13/12/1969,Válido,20
20121,8,Não eleito,JOELMA CHAVES SOUSA,JOELMA CHAVES,F,17/09/1984,Válido,20
20000,163,Não eleito,ELIAS JESUS VIANA,ELIAS DO GÁS,M,17/02/1976,Válido,20
20123,11,Não eleito,SERGIO MAGNAGO,SERGINHO,M,25/04/1968,Válido,20
40555,22,Suplente,SOLINEIA FACO,NEGA DO HOSPITAL,F,13/03/1973,Válido,40
40055,1,Suplente,WERCULES MOURA DE OLIVEIRA,WERCULES,M,09/04/1984,Válido,40
40000,765,Eleito,ELIZEU RIBEIRO DE SOUZA,ELIZEU RIBEIRO,M,22/11/1977,Válido,40
40007,103,Suplente,REGIS LAQUINI FERNANDES,REGIS PEZÃO,M,10/02/1989,Válido,40
40100,71,Suplente,JACKELINE DOS PASSOS SOARES,JACKELINE PASSOS,F,06/09/1994,Válido,40
40334,11,Suplente,NELZIRA DE LOUREDO NEVES,NENEGA,F,02/05/1976,Válido,40
40123,647,Eleito,JAIR SANDRINI,JAIR SANDRINI,M,15/12/1967,Válido,40
40456,34,Suplente,CAROLINA MONTEIRO,CAROLINA MONTEIRO,F,26/05/1985,Válido,40
40333,90,Suplente,MARLEUZA AMARAL DA SILVA,MARLEUZA AMARAL,F,14/06/1962,Válido,40
40088,5,Suplente,ORMELIA CERUTTI ALTOE,ORMELIA CERUTTI,F,01/01/1948,Válido,40
40850,532,Suplente,DEJAIR DE SIQUEIRA,FIO SIQUEIRA,M,18/01/1979,Válido,40
40777,4,Suplente,BETRAN FERNANDES DE LOREDO,BETRAN FERNANDES,M,12/05/1989,Válido,40
40615,298,Suplente,GILMAR GUSSÃO,GILMAR GUSSÃO,M,11/01/1965,Válido,40
43846,52,Suplente,ADELSON CHAVES SILVA,ADELSON CHAVES,M,14/04/1982,Válido,43
43789,218,Suplente,SORIELDO ENGELHARDT,SORIELDO,M,26/06/1987,Válido,43
43430,10,Suplente,CEDIENE LAUS DIAS,CEDIENE,F,08/09/1978,Válido,43
43300,52,Suplente,DULCINEIA GOMES VIEIRA,DULCE DO TRAILER,F,26/08/1977,Válido,43
43223,64,Suplente,ADRIANA DE JESUS,ADRIANA DE JESUS,F,22/11/1970,Válido,43
43333,135,Suplente,ANTONIO RIBEIRO DE SOUSA,ANTONIO DO BAR,M,20/10/1972,Válido,43
43443,453,Eleito,ADEUTER TADEU GABRIEL,TADEU DA FARMÁCIA,M,10/07/1964,Válido,43
43222,36,Suplente,ELIAS GOMES DOMINGOS,ELIAS GOMES DOMINGOS,M,10/09/1976,Válido,43
43456,121,Suplente,IZAÍAS SANGALLI ZUQUETO,IZAÍAS,M,10/01/1956,Válido,43
43567,300,Suplente,JOSÉ CARVALHO,FOINHA,M,25/10/1963,Válido,43
43000,140,Suplente,ANA AVANY DALVI DOS SANTOS,AVANY,F,03/01/1969,Válido,43
43123,418,Suplente,FÁBIO SILVÉRIO UCELI,FABINHO DO SINDICATO,M,03/12/1983,Válido,43
19222,52,Suplente,MILENE NASCIMENTO MACHADO,MILENE,F,26/12/1993,Válido,19
19143,26,Suplente,ANA PAULA NINZ DE SOUZA,PAULINHA NINZ,F,26/10/1981,Válido,19
19123,112,Suplente,ROBSON GROBÉRIO,BILIM GROBÉRIO,M,28/05/1974,Válido,19
19019,203,Suplente,MARCELO COSTA DA SILVA,MARCELÃO,M,28/02/1983,Válido,19
19333,26,Suplente,JOAILSON PAULO LEMOS,PAULO LEMOS,M,01/05/1951,Válido,19
19666,151,Suplente,ALCY MARINHO DE BACKER,CHICO BACKER,M,06/10/1956,Válido,19
19234,48,Suplente,DÉBORA MORETO,DÉBORA MORETO,F,24/10/1987,Válido,19
19121,20,Suplente,MARLENE DA CONCEIÇÃO MOTTA,MARLENE MOTTA,F,06/05/1956,Válido,19
19000,422,Eleito,JOSE CARLOS ALVES JUNIOR,JÚNIOR ALVES,M,01/04/1985,Válido,19
19999,118,Suplente,PEDRO AZEVEDO DA CRUZ,PEDRÃO DA IRRIGANORTE,M,07/08/1965,Válido,19
19500,146,Suplente,ROBÉRIO DA SILVA PAULINO,ROBÉRIO DAS PANELAS,M,25/10/1974,Válido,19
19380,68,Suplente,KARLAN PITA LAGASSI,KARLAN PITA,M,04/07/1981,Válido,19
19111,171,Suplente,LUAN MIRANDA DE SOUSA,LUAN MIRANDA,M,21/05/1990,Válido,19
19789,121,Suplente,CLAUDIOMIR CYPRIANO,DIDI,M,22/12/1969,Válido,19
19777,76,Suplente,FABIO LIMA OLIVEIRA,FABIO LIMA,M,04/02/1989,Válido,19
19456,79,Suplente,SANDRA STOFEL SILVA,SANDRA MODAS,F,08/01/1975,Válido,19
51190,20,Não eleito,FLAVIO FELIPE,FLAVIO FELIPE,M,03/07/1970,Válido,51
51100,0,Não eleito,NEUZENI VIEIRA DE SOUZA,NEUZENI SOUZA,F,02/12/1986,Válido,51
51222,10,Não eleito,MARCELO DE AGUIAR LOURENCINI,MARCELO AGUIAR,M,29/03/1969,Válido,51
51123,37,Não eleito,WILLIAN OLIVEIRA DE SOUZA,PASTOR WILLIAN,M,29/08/1988,Válido,51
51800,0,Não eleito,LUCILENE DE JESUS,LUCILENE DE JESUS,F,27/02/1977,Válido,51
10010,7,Não eleito,JOÃO PEDRO VIEIRA,JOAO PEDRO DO TAXI,M,11/05/1959,Válido,10
10600,33,Não eleito,ALDAIR JOSÉ ZANIBONI,ALDAIR DA SORVETERIA,M,29/04/1974,Válido,10
10222,24,Não eleito,LUCIANO SANTOS DA SILVA,LUCIANO CARRETEIRO,M,20/11/1983,Válido,10
10789,32,Não eleito,JOSÉ APARECIDO PARNHOS CORDEIRO,ZÉ PARANHOS,M,01/01/1975,Válido,10
10555,1,Não eleito,PAULO SERGIO GOMES,PAULO SERGIO,M,31/05/1969,Válido,10
10100,41,Não eleito,RUTE CRISTINA DA SILVA,CRISTINA HUPP,F,05/10/1987,Válido,10
10900,3,Não eleito,MARCIO DE SOUZA LIMA,MARCIO NOÍNO,M,05/03/1989,Válido,10
10550,4,Não eleito,RAFAELA DE JESUS SOUZA,RAFAELA SOUZA,F,22/09/1991,Válido,10
10300,12,Não eleito,MARIA APARECIDA LEANDRO BISSARO,CIDA LEANDRO BISSARO,F,04/02/1966,Válido,10
10400,190,Não eleito,EUDIMARCOS GOMES RIBEIRO,KRÂNIO EUDIMARCOS,M,28/01/1996,Válido,10
10000,134,Não eleito,FLORDIZIO SASSO FILHO,DIZO SASSO,M,29/08/1964,Válido,10
10800,17,Não eleito,PAULO DE JESUS SOUZA,PAULO SOUZA,M,05/09/1977,Válido,10
10200,46,Não eleito,ROSIMERI GONÇALVES DA COSTA SIMÕES,IRMÃ ROSIMERI,F,04/04/1982,Válido,10
10456,138,Não eleito,ANA RITA PERIM,ANA RITA,F,31/01/1961,Válido,10
10500,25,Não eleito,ISAQUE LIMA DOS SANTOS,ISAQUE LIMA DOS SANTOS,M,19/07/1993,Válido,10
10700,21,Não eleito,ALEXANDRE BONOMO,XANDÃO BONOMO,M,22/10/1991,Válido,10
10123,118,Não eleito,PAULA DOS SANTOS DE OLIVEIRA,PAULA OLIVEIRA,F,29/06/1982,Anulado,10
18333,18,Não eleito,ANTONIO MARQUES PEREIRA,ANTONIO MARQUES ALEMÃO,M,10/03/1978,Válido,18
18150,0,Não eleito,BETANIA MARIA SANTIAGO GENGESQUI,BETANIA MARIA,F,09/07/1967,Válido,18
18000,57,Não eleito,VALDEMIRO CLAUDINO PEREIRA,VALDEMIRO CLAUDINO PEREIRA,M,20/02/1975,Válido,18
18111,0,Não eleito,ISRAEL DOS SANTOS,ISRAEL,M,28/03/1975,Válido,18
18123,36,Não eleito,LEILIANE NEZIO PIRES,LEILIANE NEZIO PIRES,F,27/10/1991,Válido,18
18303,1,Não eleito,ALEONE DE SOUZA,ALEONE DE SOUZA,M,30/03/1982,Válido,18
