numero,votos_nominais,situacao,nome,nome_urna,sexo,data_nasc,destino_voto,numero_partido
70777,83,Suplente,VALCENIR JOSE MENEGHEL,XEXEU MENEGHEL,M,05/10/1968,Válido,70
70111,29,Suplente,VERA LUCIA NEUMAM,VERA NEUMAM,F,10/06/1976,Válido,70
70000,25,Suplente,SERGIO FERNANDES DE SOUZA,SERGIO DO AÇAÍ,M,26/06/1976,Válido,70
70701,28,Suplente,MARCELO FLEGLER,MARCELO FLEGLER DA VERDURA,M,07/10/1978,Válido,70
70321,154,Eleito,MARIO KUSTER,MARIO KUSTER,M,28/06/1961,Válido,70
70123,10,Suplente,EUCILENA BLANCK,SILENE BLANCK,F,29/12/1984,Válido,70
70222,106,Suplente,SANDRA MARA COAN CHIABAI,SANDRA COAN CHIABAI,F,22/01/1979,Válido,70
70007,17,Suplente,GUILHERME KRAUSE DA SILVA,GUILHERME KRAUSE,M,11/06/1985,Válido,70
70897,56,Suplente,JOELMA EDUARDO DE BARROS,JOELMA EDUARDO,F,08/09/1987,Válido,70
70302,80,Suplente,JACKSON MENEGHEL,JACKSON MENEGHEL,M,30/12/1993,Válido,70
40000,21,Suplente,VANDERLEI TIMOTEO DA FONSECA,VANDERLEI,M,11/03/1974,Válido,40
40777,26,Suplente,JOSE VALDIR VIGANO,VALDIR VIGANO,M,30/09/1958,Válido,40
40123,84,Suplente,CARINA RAMOS FERREIRA GUIDOTE,PROFESSORA CARINA,F,07/02/1987,Válido,40
40555,167,Suplente,ANANIAS DELBONI,ANANIAS DELBONI,M,07/04/1969,Válido,40
40222,176,Eleito,ODAIR DOMINGOS PINTO DOS SANTOS,ODAIR DA PEDRA ALEGRE,M,13/03/1966,Válido,40
40333,107,Suplente,DAVID TIMM,PROFESSOR DAVID TIMM,M,22/09/1971,Válido,40
40444,24,Suplente,SERGIO HILARIO TONIATO,SERGIO TONIATO,M,27/12/1946,Válido,40
40111,20,Suplente,MARIA DA PENHA FEHLBERG,PENHA DA RÁDIO,F,04/03/1956,Válido,40
40789,41,Suplente,WANESSA FERREIRA COAN,WANESSA COAN,F,07/06/1992,Válido,40
14567,139,Suplente,JOAO BATISTA BALDOTTO,BATISTA BALDOTTO,M,01/04/1962,Válido,14
14444,82,Suplente,ANTONIO CARLOS LOSS,ANTONIO LOSS,M,01/08/1954,Válido,14
14777,14,Suplente,TANIA MARA VALCHER KUTZ,TANIA KUTZ,F,11/10/1978,Válido,14
14123,181,Suplente,SIMONE BRAUM HAKBART,SIMONE BRAUM,F,01/09/1987,Válido,14
14500,398,Eleito,ILZA JASTROW ARNHOLZ,ILZA JASTROW,F,05/02/1971,Válido,14
14386,12,Suplente,GILMARA BARBOSA,TIA GIL,F,07/04/1979,Válido,14
14789,208,Suplente,GOUTIERRE JASTROW GRINEWALD,GOUTI DO SINDICATO,M,30/11/1987,Válido,14
14666,235,Eleito,WARLEY JUNIOR SOBREIRO KRAUZE,WARLEY KRAUZE,M,27/12/1990,Válido,14
33444,46,Suplente,ROSALINA DE SOUZA LORIATO,ROSA DO DAVI,F,26/08/1946,Válido,33
33789,4,Suplente,VALDOMIRO RAMOS DE SOUSA,FORMIGA,M,02/11/1980,Válido,33
33999,65,Suplente,TADEU SANTOS RIBEIRO,TADEU,M,25/03/1991,Válido,33
33777,229,Eleito,CARLOS ROBERTO AGNER,CARLOS AGNER,M,11/01/1968,Válido,33
33555,19,Suplente,ADENILDE DE SOUZA,NINI DE SOUZA,M,08/03/1959,Válido,33
33456,470,Eleito,EDVAN PIOROTTI DE QUEIROZ,EDVAN QUEIROZ,M,06/11/1973,Válido,33
33969,3,Suplente,SÉRGIO PEREIRA LIMA,CAMARGO,M,14/09/1975,Válido,33
33123,336,Eleito,BRAZ SIMÃO BALDOTTO FILHO,BRAIZINHO ENFERMEIRO,M,02/04/1989,Válido,33
33888,49,Suplente,AMALIA REGINA ADAMI TELES,AMALIA TELES,F,02/07/1970,Válido,33
33222,198,Suplente,LUSIA TIBURCIO DA SILVA,LUSIA TIBURCIO,F,12/11/1964,Válido,33
33666,151,Suplente,JOSE FELIX CORDEIRO,ZE DO CAPITÃO,M,07/12/1959,Válido,33
33111,60,Suplente,ROMILDO BERGER,ROMILDO BERGER,M,19/09/1962,Válido,33
33333,130,Suplente,VANDA GAIDE KRAUSE,VANDA GAIDE,F,18/03/1969,Válido,33
33000,6,Suplente,NEIDEMAR CRISTOFARI,NEIDE BERGER,F,25/01/1960,Válido,33
45678,43,Suplente,EZEQUIEL HERZOG,EZEQUIEL HERZOG,M,11/09/1975,Válido,45
45000,47,Suplente,AGNALDO XAVIER,NEGO XAVIER,M,09/07/1971,Válido,45
45007,131,Suplente,DIOGO FRANCISCO DA SILVA,DIOGO ROMANOV,M,06/10/1979,Válido,45
45500,42,Suplente,DORACI BALDOTTO,DORACI BALDOTTO,M,23/11/1975,Válido,45
45300,172,Eleito,BRUNELLA COLOMBO SANTOS,BRUNELLA,F,19/02/1988,Válido,45
45234,54,Suplente,ALVINO LELES DOS ANJOS,ALVINO LELES,M,05/10/1948,Válido,45
45555,118,Suplente,CLERIO CABRAL,CLERIO CABRAL,M,17/02/1974,Válido,45
45900,7,Suplente,MARIA DAS DORES ALVES CORDEIRO JACOB,MARIA JACOB,F,20/08/1980,Válido,45
45123,44,Suplente,OTOMAR KUSTER,LICA,M,17/02/1967,Válido,45
45255,25,Suplente,JOSE GERALDO FLEGLER,GERALDINHO FLEGLER,M,31/01/1967,Válido,45
45222,3,Suplente,SONIA MARIA MEDEIROS,SONINHA MEDEIROS,F,25/01/1979,Válido,45
45789,10,Suplente,SUELI DE SOUSA,SUELI DE SOUSA,F,25/10/1981,Válido,45
45700,109,Suplente,JOSE ANTONIO DELAI,ZEZÉ DELAI,M,27/11/1957,Válido,45
13335,18,Não eleito,ANTONIO LAFAIETE LEITE,TOIM DO CHURRASQUINHO,M,02/03/1971,Válido,13
13000,11,Não eleito,IZAAC REINHOLZ DOS SANTOS,IZAAC DE SANTA TEREZINHA,M,06/12/1991,Válido,13
13234,33,Não eleito,JOSE LINO LORIATO,ZÉ LINO,M,19/12/1963,Válido,13
13333,15,Não eleito,NILZA MARIA EGGERTH,NILZA DO SALÃO,F,27/11/1966,Válido,13
13123,64,Não eleito,JOSE MARIA CAETANO DE SOUZA,JOSE MARIA CAETANO,M,12/08/1956,Válido,13
13456,25,Não eleito,MARIA DA PENHA DA SILVA,PENHA DO AMADO,F,03/03/1968,Válido,13
10444,54,Suplente,JADILSON GERING,JADILSON 'DILSON' GERING,M,21/05/1974,Válido,10
10222,15,Suplente,ANTONIO RODRIGUES DA SILVA,ANTONIO RODRIGUES,M,15/06/1970,Válido,10
10789,220,Suplente,LINDOMAR FERRARI,LINDOMAR RIZZI FERRARI,M,12/05/1967,Válido,10
10190,20,Suplente,ROMARIO COAN,ROMARIO COAN,M,26/05/1990,Válido,10
10456,6,Suplente,ERLINDA HAASE GERING,ERLINDA HAASE,F,20/09/1976,Válido,10
10000,492,Eleito,FRANCISCO MARTINELLI BERGAMASCHI,CHIQUINHO BERGAMASCHI,M,16/11/1986,Válido,10
10033,26,Suplente,SILVANA COIMBRA DE OLIVEIRA GOMES,SILVANA COIMBRA,F,06/01/1972,Válido,10
10123,97,Suplente,INACIO GRAUNKE,INACIO GRAUNKE,M,21/12/1986,Válido,10
10100,10,Suplente,FATIMA BRANDT,FATIMA BRANDT,F,28/04/1982,Válido,10
10111,50,Suplente,MATHIAS PAULA FILHO,MATHIAS PAULA FILHO,M,26/05/1963,Válido,10
10234,158,Suplente,ACENARIO JOSE MARQUEZ,CENARIO DA MAQUINA,M,18/10/1949,Válido,10
10300,29,Suplente,EDNA GARBRECHT POSSIMOSER,EDNA GARBRECHT,F,29/04/1976,Válido,10
12333,20,Não eleito,KARINA VENTURINI,KARINA VENTURINI,F,04/01/1983,Válido,12
12123,107,Não eleito,DIRCEU COVRE,DEDEU,M,17/06/1965,Válido,12
12000,31,Não eleito,JOAO LUIZ FERNANDES,JOAO FERNANDES,M,06/05/1960,Válido,12
12222,22,Não eleito,LUZIA FERREIRA DOURADO,LUIZA,F,18/01/1984,Válido,12
12012,32,Não eleito,BELMIRO ZITLOW,BELMIRO ZITLOW,M,13/04/1967,Válido,12
12111,100,Não eleito,JOAO BENTO DE AQUINO E SOUZA NETO,JOAO DO ERASTO,M,10/05/1959,Válido,12
