numero,votos_nominais,situacao,nome,nome_urna,sexo,data_nasc,destino_voto,numero_partido
27444,8,Suplente,GLAUCIANA SANTOS CHAVES,ABENÇOADA,F,12/03/1977,Válido,27
27456,16,Suplente,ELIZEU TRESSMANN,ELIZEU TRESSMANN,M,02/12/1976,Válido,27
27777,49,Suplente,EUDES MARIANO,COCA,M,24/01/1978,Válido,27
27123,134,Eleito,VAGNO BENTO FELICIO,VAGNO BENTO,M,19/04/1983,Válido,27
27888,8,Suplente,WAGMAR RODRIGUES DE OLIVEIRA,ZEZINHO PEDREIRO,M,08/11/1984,Válido,27
27608,52,Suplente,CLEBER GERALDO THON,CLEBER THON,M,03/09/1978,Válido,27
27100,15,Suplente,LAUDICEIA REPCKE DA SILVA,LAUDICEIA REPCKE,F,30/10/1980,Válido,27
27000,19,Suplente,JOÃO CORREIA DE SOUZA,JOÃO CORREIA,M,16/04/1961,Válido,27
27500,17,Suplente,NELCI VERNECKE AZEVEDO,NELCI AZEVEDO,F,21/01/1994,Válido,27
27220,31,Suplente,CLAUDIO GABERT,CLAUDIO DO RESTAURANTE,M,02/10/1973,Válido,27
27222,10,Suplente,TATIANE HERCULANO DE FREITAS,TATIANE FREITAS,F,20/01/1996,Válido,27
27333,68,Suplente,ERVINO CARLOS KLOSS,KLOSS DA SAÚDE,M,14/07/1947,Válido,27
27999,35,Suplente,NILSON LINHAUS,CALANGO,M,18/11/1975,Válido,27
23369,18,Suplente,SANDRA XAVIER MOREIRA,SANDRA XAVIER MOREIRA,F,01/10/1971,Válido,23
23789,96,Eleito,MARCOS ANTONIO DA SILVA,MARQUIM DA CAÇAMBA,M,07/08/1977,Válido,23
23123,92,Suplente,ELPIDIO MOREIRA,MOÇO MOREIRA,M,17/06/1951,Válido,23
23013,57,Suplente,ARLINDO KLANZ,ARLINDO KLANZ,M,13/11/1968,Válido,23
23456,78,Suplente,CARLINHO CAMPANA,CARLINHO CAMPANA,M,29/08/1955,Válido,23
23690,5,Suplente,JAIR WUTKE,JAIR WUTKE,M,25/02/1962,Válido,23
23000,14,Suplente,MARIA APARECIDA FERREIRA SOBREIRA,APARECIDA,F,04/05/1964,Válido,23
23999,57,Suplente,EMILIO DE CASTRO BETZEL,EMILIO DE CASTRO BETZEL,M,28/05/1984,Válido,23
23444,69,Suplente,ARISTEU JANN TESCH,ARISTEU JANN TESCH,M,19/01/1968,Válido,23
23190,9,Suplente,LUCIENE CORREIA DE SOUZA,LUCIENE CORREIA,F,08/09/1979,Válido,23
23222,6,Suplente,CLAUDINEIA GRAUNKE,CLAUDIA GRAUNKE,F,24/07/1985,Válido,23
23777,12,Suplente,VANESSA GRACIELLI VESPER PLASTER,VANESSA PLASTER,F,28/05/1987,Válido,23
23147,28,Suplente,JOSEMAR DE SOUZA,COWBOY,M,22/08/1981,Válido,23
23333,38,Suplente,ADEMAR TESCH,ADEMAR TESCH,M,11/10/1958,Válido,23
25888,10,Suplente,ELIANE MARIA DE SOUZA,ELIANA SOUZA,F,03/05/1979,Válido,25
25555,14,Suplente,EDIMILSON VIEIRA DE JESUS,TIKIM DO SALAO,M,10/02/1977,Válido,25
25324,29,Suplente,JOERSON PIONTKOWSKE,JOERSON PIONT CARNEIRO,M,29/09/1973,Válido,25
25580,238,Eleito,ARISTEU REETZ,ARISTEU REETZ,M,18/09/1967,Válido,25
25321,3,Suplente,HILBIA PEREIRA QUINTINO ALVES,HILBIA QUINTINO,F,06/05/1985,Válido,25
25000,157,Suplente,VALTEMIR ALVES DAMACENO,TEMA,M,26/01/1968,Válido,25
25111,24,Suplente,ANA CELIA NEPEL DE SOUZA ALVES,ANA CELIA,F,23/11/1979,Válido,25
25123,226,Suplente,VALDEZ FERRARI,VALDEZ FERRARI,M,19/09/1964,Válido,25
25567,47,Suplente,RENATO ARTUR KRUGER,RENATO KRUGER,M,12/11/1961,Válido,25
12777,4,Não eleito,ADONIAS SANTOS REIS,DONI BOMBEIRO,M,01/06/1966,Válido,12
12111,42,Não eleito,ANTONIO CARLOS PEREIRA DOS SANTOS,CHIQUIM,M,18/04/1977,Válido,12
12600,17,Não eleito,ERIVELTON KNAAKE,ERIVELTON KNAAKE,M,24/09/1986,Válido,12
12999,162,Não eleito,ALESSANDRO FRANCISCO GONÇALVES,SANDRINHO,M,19/06/1988,Válido,12
12789,12,Não eleito,DENIZE DIAS DA SILVA,DENIZE DO ONIBUS,F,02/12/1991,Válido,12
12444,13,Não eleito,MIRIAN SILVA HAMMER,MIRIAN HAMMER,F,14/12/1983,Válido,12
12300,69,Não eleito,MARCOS ANTONIO PRATISSOLI,MARCOS PRATISSOLI,M,03/06/1971,Válido,12
12345,26,Não eleito,ALEXANDER WUTKE DA COSTA,NEGAO DA AMBULANCIA,M,06/03/1975,Válido,12
12000,16,Não eleito,LUCILENE DE MELO,LUCINHA,F,06/09/1982,Válido,12
12100,14,Não eleito,JOSE ROBERTO MORAES,ZE CORINGA,M,06/08/1971,Válido,12
12500,18,Não eleito,MARCELA DA CONCEIÇÃO DOS SANTOS,MARCELA SANTOS,F,09/09/1995,Válido,12
90555,45,Suplente,OSMIRO LICK,PRETINHO,M,19/06/1978,Válido,90
90456,18,Suplente,LUCIANO ALVES RENOCK,LUCIANO RENOCK,M,30/05/1992,Válido,90
90444,43,Suplente,GILBERTO BINOW,GILBERTO BINOW,M,07/09/1980,Válido,90
90333,162,Eleito,JADISMAR ALVES DE MACEDO,JADISMAR,M,07/10/1963,Válido,90
90111,69,Suplente,LUIZ CARLOS TEIXEIRA DE FREITAS,LUIZAO DO RODEIO,M,28/11/1965,Válido,90
90125,7,Suplente,WALDECIR PACANHÃ FIRMINO,WALDECIR FIRMINO,M,30/01/1972,Válido,90
90135,8,Suplente,CELENI SANTOS PEREIRA KRAUSER,CELENI,F,25/06/1987,Válido,90
90147,8,Suplente,RAQUEL SCHULTZ,RAQUEL SCHULTZ,F,08/01/1985,Válido,90
90888,5,Suplente,MARIA DAS GRAÇAS WOTTIKOSKI DOS SANTOS,MARIA DAS GRAÇAS,F,13/01/1965,Válido,90
90222,25,Suplente,SIUNEY DO SANTISSIMO JULIO,BOLINHA DO XODÓ,M,20/10/1987,Válido,90
90090,9,Suplente,WALQUIRIA PAIXAO LOPES,WALQUIRIA,F,18/09/1971,Válido,90
90234,40,Suplente,PAULO CESAR ONORIO,PAULO BALA,M,17/11/1975,Válido,90
90777,61,Suplente,ANDRESSA GAMA DA SILVA,ANDRESSA SILVA,F,11/10/1983,Válido,90
55678,69,Suplente,ELIZEU BENING,ELIZEU BENING,M,07/05/1967,Válido,55
55222,26,Suplente,LUIZ SERAFIM DE SOUZA,LUIZ DE SOUZA,M,10/09/1986,Válido,55
55666,49,Suplente,ELIANE RODRIGUES DE OLIVEIRA,NANY DO HOT DOG,F,31/01/1986,Válido,55
55123,162,Eleito,FRANCISCO DE ASSIS CAMPOS,FRANCISCO DE ASSIS,M,04/10/1964,Válido,55
55789,61,Suplente,ANA ERICA BOLDRINE VAZ DELEVEDOVE,ERICA BOLDRINE,F,20/12/1975,Válido,55
55234,101,Suplente,ELIEZIO ONEZORGE HOFFMANN,ELIEZIO HOFFMANN,M,06/02/1996,Válido,55
55444,62,Suplente,EVALDINO TONES,EVALDINO TONES,M,07/04/1955,Válido,55
55777,43,Suplente,OLINDA MARIA VIEIRA MIELKE,OLINDA MIELKE,F,02/04/1969,Válido,55
55147,83,Suplente,ARNALDO GRUNIVALD,ARNALDO GRUNIVALD,M,04/09/1966,Válido,55
55000,9,Suplente,ANITA QUEIROZ DOS SANTOS,NITA,F,26/03/1977,Válido,55
55111,117,Suplente,JOSE CARLOS BIRAL,ZECA BIRAL,M,06/08/1968,Válido,55
55555,129,Eleito,MARIA TEREZA ROSSIM FARIAS LAUER,MARIA TEREZA,F,14/02/1989,Válido,55
55608,95,Suplente,INEZ REBLIN,INEZ REBLIN,M,21/03/1955,Válido,55
55015,98,Suplente,JOAREZ RODRIGUES FILHO,SANTIM,M,02/10/1971,Válido,55
40444,17,Suplente,REGIANE SOARES DA CRUZ,REGIANE SOARES,F,18/06/1977,Válido,40
40124,118,Suplente,GECIMAR RODRIGUES,GECIMAR RODRIGUES,M,24/06/1960,Válido,40
40012,31,Suplente,EDSON RODRIGUES DE MELO,EDSON CABEÇÃO,M,03/10/1980,Válido,40
40999,51,Suplente,MARIA APARECIDA SOARES,MARIA FLOR,F,12/11/1969,Válido,40
40888,3,Suplente,LEDIVANIA PINHEIRO,LEDIVANIA PINHEIRO,F,04/10/1982,Válido,40
40230,130,Suplente,ERCILIO DA FONSECA,CILIN,M,25/03/1953,Válido,40
40777,2,Suplente,LUSIA NASCIMENTO ROSSIM,LUSIA NASCIMENTO ROSSIM,F,11/03/1965,Válido,40
40111,12,Suplente,CHEXTER CARLOS NOGUEIRA,CHEXTER CARLOS NOGUEIRA,M,05/04/1978,Válido,40
40023,22,Suplente,ADAVIR WELMER,ADAVIR WELMER,M,26/03/1968,Válido,40
40123,180,Eleito,JUVENAL MEDICI FERREIRA,JUVENAL CARA LEGAL,M,30/09/1969,Válido,40
40000,167,Eleito,JOÃO TRANCOSO,JOÃO TRANCOSO,M,10/05/1970,Válido,40
40015,12,Suplente,EGILDO BRAZ DE ALMEIDA,GIL DO TRATOR,M,29/12/1967,Válido,40
40222,14,Suplente,ROSALINA VENTAL BRAUN,ROSALINA VENTAL BRAUN,F,08/07/1969,Válido,40
40154,44,Suplente,JONAS SCHULZ,JONAS SCHULZ,M,16/12/1971,Válido,40
10222,28,Suplente,FLORISVALDO HOFFMANN,FLOR HOFFMANN,M,20/07/1961,Válido,10
10321,75,Suplente,RAFAEL LIMA QUIUQUI,RAFAEL QUIUQUI,M,03/11/1989,Válido,10
10123,101,Suplente,MARCOS LOURENÇO KLOSS,MARQUIM KLOSS,M,06/01/1986,Válido,10
10000,16,Suplente,JACO JOSE MARQUES PEREIRA,JACÓ PEREIRA,M,08/04/1957,Válido,10
10111,62,Suplente,CRENILDA DAUM MOREIRA WUTKE,CRENILDA MOREIRA,F,20/07/1977,Válido,10
10107,7,Suplente,PEDRO HENRIQUE BOECKER SAICK NETO,PEDRO SAICK,M,15/10/1995,Válido,10
10110,31,Suplente,ADEVANDRO BENING,ADEVANDRO BENING,M,19/10/1973,Válido,10
10555,138,Eleito,NEUSDETE ROSSINI MOREIRA,NEUSDETE ROSSINI,F,13/09/1979,Válido,10
10234,50,Suplente,VALDECI BUGE,VALDECI BUGE,M,04/04/1969,Válido,10
10789,29,Suplente,AILTO TAVARES RENES,AILTIM TAVARES,M,04/05/1976,Válido,10
10125,12,Suplente,IRANI DE LIMA SCHULZ,IRANI DE LIMA SCHULTZ,F,04/05/1966,Válido,10
10456,127,Suplente,IZAIAS TRESSMANN,IZAIAS TRESSMANN,M,09/12/1959,Válido,10
10010,16,Suplente,ELZIRA OHNEZORG RAMLOW,ALZIRA OHNEZORG RAMLOW,F,13/02/1963,Válido,10
77555,95,Não eleito,MARCELIA DA SILVA FERREIRA SOUZA,PROFESSORA MARCELIA,F,28/09/1976,Válido,77
77000,55,Não eleito,HUGO BRUNO WUTKE,HUGO WUTKE,M,16/12/1995,Válido,77
77123,14,Não eleito,JONACI BONING,JONAS BONING,M,25/04/1975,Válido,77
77777,31,Não eleito,IRIVAN BUGE,VANZIM DA AMBULÂNCIA,M,21/12/1983,Válido,77
77111,32,Não eleito,MANOEL LOPES SOARES,MANOEL LAGOSTA,M,04/04/1965,Válido,77
77321,33,Não eleito,RAIMUNDA DE BARROS FREISLEBER,DINHA FREISLEBER,F,16/01/1974,Válido,77
77222,23,Não eleito,PHAENDRA BENING DE OLIVEIRA,PHAENDRA BENING,F,28/01/1999,Válido,77
77333,45,Não eleito,CLÉDIO REETZ,CLÉDIO REETZ,M,16/09/1974,Válido,77
77771,7,Não eleito,VALDEMIR RATZKE,VALMIR SEMBLEIA,M,28/03/1968,Válido,77
77177,29,Não eleito,JANINE MOREIRA OLIVEIRA,JANINE,F,23/12/1977,Válido,77
