numero,votos_nominais,situacao,nome,nome_urna,sexo,data_nasc,destino_voto,numero_partido
70888,53,Não eleito,CARLOS ALBERTO AMARO BRUM,CARLOS BRUM,M,22/08/1952,Válido,70
70999,271,Não eleito,GELSON LUIS PEREIRA SANTANA,GELSON SANTANA,M,16/09/1982,Válido,70
70666,152,Não eleito,DENISE CRISTINA MATTOS CARDOSO,DENISE CARDOSO,F,19/01/1980,Válido,70
70123,466,Não eleito,RENAN SILVA DOS SANTOS,RENAN SANTOS,M,25/01/1998,Válido,70
70311,8,Não eleito,ROSANE ANACLETO SCHRAMM,ROSANE SCHRAMM,F,22/06/1968,Válido,70
70171,123,Não eleito,JOAO LUIZ CAMPOS STAMM JUNIOR,STAMM JUNIOR,M,07/06/1971,Válido,70
70188,125,Não eleito,MARCIA LIMA CANDIDO,MARCIA CANDIDO,F,14/05/1976,Válido,70
70470,141,Não eleito,MARISE DE OLIVEIRA GOMES,MARISE GUTIERRES,F,21/09/1958,Válido,70
70013,57,Não eleito,MAURICIO GOMES DE MOURA,MAURÍCIO GOMES,M,13/08/1981,Válido,70
70007,156,Não eleito,LUIS AMÉRICO DE MATTOS RODRIGUES,AMÉRICO MATTOS,M,24/05/1975,Válido,70
70111,52,Não eleito,LUÍS FERNANDO BOTELHO SOARES,FERNANDO BOTELHO,M,20/04/1961,Válido,70
70100,126,Não eleito,ANDERSON DE PAULA FERREIRA,ANDERSON MIGÃO,M,20/03/1986,Válido,70
70234,4,Não eleito,JORGE CRISTIANO OLIVEIRA DE OLIVEIRA,JUKINHA OLIVEIRA,M,03/04/1975,Válido,70
70070,53,Não eleito,ANTONIO AUGUSTO DE OLIVEIRA E SILVA,ANTONIO AUGUSTO DE OLIVEIRA,M,27/08/1961,Válido,70
23800,197,Suplente,PAULO ROBERTO KENDZERSKI JUNIOR,PAULO JUNIOR,M,29/05/1983,Válido,23
23500,1255,Suplente,ALESSANDRO AVILA,ALESSANDRO BONECA,M,17/04/1976,Válido,23
23008,252,Suplente,ELSA MARIA DE ANDRADE,ELSA ANDRADE,F,18/07/1951,Válido,23
23130,35,Suplente,KLAUS FELINTO DE OLIVEIRA,AUDITOR KLAUS,M,20/12/1970,Válido,23
23423,65,Suplente,MARCIA JOSIANE OLIVEIRA DE LIMA,MARCIA LIMA,F,26/02/1974,Válido,23
23777,341,Suplente,FELIPE FERRAZ MERINO,PROFESSOR MERINO,M,29/11/1973,Válido,23
23321,400,Suplente,GIOVANE MARTINS VAZ DOS SANTOS,GIOVANE VAZ,M,29/07/1994,Válido,23
23555,159,Suplente,VAGNER GARCEZ SOARES,PROFESSOR GARCEZ,M,16/06/1983,Válido,23
23023,203,Suplente,JOÃO ALBERTO MORSCH,JOÃO MORSCH,M,04/11/1964,Válido,23
23210,427,Suplente,EVERSON CARLOS NASCIMENTO SA,EVERSON SA,M,31/01/1973,Válido,23
23323,188,Suplente,LUCAS DE BORBA FERREIRA,LUCAS BORBA,M,15/02/1998,Válido,23
23190,248,Suplente,PAULO ROBERTO NAISINGER DE OLIVEIRA,PAULÃO PAQUETA,M,07/10/1970,Válido,23
23000,1446,Suplente,MARCOS FELIPI HADDAD DE MENEZES GARCIA,MARCOS,M,30/10/1992,Válido,23
23303,218,Suplente,CAMILA PEREIRA RODRIGUES,CAMILA RODRIGUES,F,03/05/1980,Válido,23
23600,103,Suplente,ESTER DA SILVA GARCIA,ESTER GARCIA,F,29/10/1954,Válido,23
23117,91,Suplente,HEBERTI REGIS PAMPLONA DE ABREU,HEBERTI O PROFESSOR,M,18/02/1979,Válido,23
23201,597,Suplente,LUCIANE SOARES XAVIER,LUCIANE XAVIER,F,21/11/1976,Válido,23
23099,75,Suplente,CRISTIAN MARQUES ALMEIDA,ALEMÃO DO APP,M,25/07/1981,Válido,23
23575,85,Suplente,DALVA DE MOURA VARGAS,DALVA VARGAS,F,09/01/1947,Válido,23
23001,1197,Suplente,CHEILA MARIA SCHROER,CHEILA SCHROER,F,18/11/1965,Válido,23
23300,1035,Suplente,VINICIUS GEIGER,VINI GEIGER,M,27/12/1982,Válido,23
23100,255,Suplente,PAULO CESAR BOMBASSARO,PAULINHO TCHE BARBARIDADE,M,01/05/1959,Válido,23
23400,158,Suplente,MONIQUE RAUPP SILVA,MONIQUE RAUPP,F,30/09/1985,Válido,23
23007,205,Suplente,JOEL SOUZA DE OLIVEIRA,DELEGADO JOEL,M,28/02/1953,Válido,23
23456,1011,Suplente,LUIZ JACOMINI RIGHI FILHO,LUIZ JACOMINI,M,26/10/1986,Válido,23
23111,1166,Suplente,ARTHUR CAUDURO,PROFESSOR CAUDURO,M,11/01/1961,Válido,23
23033,352,Suplente,RAFAEL OLIVEIRA DE BAIRROS,RAFA BAIRROS,M,06/02/1988,Válido,23
23333,1700,Suplente,ANA ALICE LOPES BOA NOVA,ANINHA DO IAPI,F,15/11/1965,Válido,23
23320,123,Suplente,PAULA RENATA CORREA WEBER PAIM,PAULA PAIM,F,30/06/1985,Válido,23
23723,201,Suplente,CESAR RODRIGO GONZALES,RODRIGO MEZENGA,M,04/08/1978,Válido,23
23233,104,Suplente,ROSELAINE OLIVEIRA DA SILVA,ROSE OLIVEIRA,F,19/06/1967,Válido,23
23197,1195,Suplente,LUIS ERNESTO ZOTTIS,COMISSÁRIO ZOTTIS,M,10/05/1972,Válido,23
23123,907,Suplente,LEANDRO DA SILVA E SILVA,LEO SILVA,M,05/12/1981,Válido,23
23200,3814,Eleito,JESSE SANGALLI DE MELLO,JESSE SANGALLI,M,01/10/1987,Válido,23
23490,213,Suplente,PIERRE CARDOSO,PIERRE CARDOSO,M,27/03/1969,Válido,23
23003,1255,Suplente,FABIO LUIZ BRITZ,FABIO BRITZ,M,19/09/1976,Válido,23
23237,65,Suplente,SIMONE MARIA VASCONCELLOS BITTENCOURT,SIMONE BITTENCOURT,F,12/06/1967,Válido,23
23470,137,Suplente,CARLOS ALEXANDRE SILVEIRA DE ANDRADES,XANDI NEGÃO,M,28/03/1966,Válido,23
23556,246,Suplente,LAURO GIOVANI ALVES DO VAL,LAURO GIOVANI,M,14/10/1968,Válido,23
23077,143,Suplente,ALINE PERES DA SILVA BERNARDES,ALINE BERNARDES,F,22/09/1974,Válido,23
23230,273,Suplente,DELANO LIMA,DELANO LIMA,M,16/01/1981,Válido,23
15800,2522,Eleito,MARIA DE LOURDES DOS SANTOS SPRENGER,LOURDES SPRENGER,F,11/02/1952,Válido,15
15177,275,Suplente,ALEXSANDRO ORQUIZ ALVES,ORQUIZ,M,16/11/1977,Válido,15
15910,153,Suplente,ALDEMIR FOGAÇA ANTUNES,ALDEMIR FOGAÇA FOGACINHA,M,09/03/1961,Válido,15
15015,461,Suplente,OTALÍCIO JÚNIOR DA ROSA NUNES,OTALÍCIO NUNES,M,11/04/1972,Válido,15
15715,1171,Suplente,LUCIANO NUNES,SUCI DO NOVA GERAÇÃO,M,11/07/1976,Válido,15
15150,436,Suplente,ANGELO LARGER CARNEIRO,ANGELO CARNEIRO,M,07/06/1975,Válido,15
15151,161,Suplente,SÉRGIO PANASUK,SÉRGIO PANASUK,M,23/02/1947,Válido,15
15008,1081,Suplente,DEJALMA MATEUS MORANDIN,DEJALMA MORANDIN,M,04/03/1975,Válido,15
15003,615,Suplente,RODRIGO DE ANTONI LUZARDO,RODRIGO LUZARDO,M,10/03/1976,Válido,15
15144,292,Suplente,CINCINATO FERNANDES NETO,CORONEL DOUTOR CINCINATO,M,20/06/1959,Válido,15
15000,1404,Suplente,LEONARDO CRAVO BERLESE,LEO BERLESE,M,21/07/1974,Válido,15
15022,78,Suplente,NATACHIA RODRIGUES MARTINS,NATACHIA MARTINS,F,27/07/1977,Válido,15
15312,208,Suplente,LEANDRO GONÇALVES DOS SANTOS OLIVEIRA,LEANDRÃO RUBILAR,M,08/02/1976,Válido,15
15128,120,Suplente,ANTONIO CARLOS MORAES DUARTE,TINO MORAES,M,05/02/1962,Válido,15
15615,235,Suplente,JOSÉ ADAIR SILVA DA SILVEIRA,CAFÉ,M,24/06/1964,Válido,15
15400,148,Suplente,ADRIANA DA ROCHA LEITE,ADRIANA LEITE,F,06/10/1963,Válido,15
15222,1907,Suplente,VITORINO BASEGGIO,PROFESSOR VITORINO,M,29/11/1967,Válido,15
15300,353,Suplente,MARIA ODETE BENTO,MARIA ODETE,F,16/12/1959,Válido,15
15115,816,Suplente,LUCIANE BEIRÓ GONÇALVES,ENFERMEIRA LU BEIRÓ,F,06/03/1971,Válido,15
15777,181,Suplente,VERA LÚCIA DA SILVA,VERINHA,F,26/09/1953,Válido,15
15001,135,Suplente,CLEISON LUNARDELLI SESSEGOLO,CLEISON LUNARDELLI SESSEGOLO,M,26/01/1978,Válido,15
15020,526,Suplente,NERCI HASSE,NERCI HASSE,M,09/03/1960,Válido,15
15650,63,Suplente,JURDES ROSA DA SILVA,JURDES DA SILVA,M,01/05/1978,Válido,15
15915,1380,Suplente,PAULO MARQUES DOS REIS,PAULO MARQUES,M,16/04/1964,Válido,15
15118,796,Suplente,ALCEU OLIVEIRA DA ROSA,ALCEU BRASINHA,M,17/07/1962,Válido,15
15242,127,Suplente,LEONARDO DA ROSA,LEONARDO ROSA,M,16/06/1973,Válido,15
15038,2114,Suplente,CAMILA XAVIER MESQUITA NUNES,CAMILA NUNES,F,03/01/1994,Válido,15
15999,652,Suplente,RODRIGO GERMANO ULZEFER,RODRIGO GERMANO ULZEFER,M,12/07/1975,Válido,15
15333,186,Suplente,MÔNICA FABIANA SOARES RISPOLI,MÔNICA RÍSPOLI,F,08/03/1970,Válido,15
15686,2413,Suplente,PABLO SEBASTIAN ANDRADE DE MELO,PABLO MELO,M,14/07/1981,Válido,15
15515,288,Suplente,LUCIANO FRITSCH PEIXOTO,LUCIANO PEIXOTO,M,19/01/1971,Válido,15
15123,467,Suplente,VILSON DANIEL LOPES DA SILVA WILGES,VILSON WILGES,M,18/07/1963,Válido,15
15007,185,Suplente,JOHN FERNANDO DE FARIAS WURDIG,JOHN WURDIG,M,07/06/1984,Válido,15
15678,1547,Suplente,JOSÉ VENDRUSCOLLO,JOSÉ VENDRUSCOLLO,M,19/03/1963,Válido,15
15345,126,Suplente,GLADIS TEREZINHA SANTOS DIAS,GLADIS DIAS,F,26/03/1952,Válido,15
15555,426,Suplente,LUCIANE MANFRO,LUCIANE MANFRO,F,02/03/1968,Válido,15
15188,127,Suplente,LISIANE FREITAS DA SILVA,LISIANE FREITAS,F,16/06/1982,Válido,15
15200,3484,Eleito,CEZAR AUGUSTO SCHIRMER,CEZAR SCHIRMER,M,23/02/1952,Válido,15
15234,912,Suplente,NELSON BERON CARVALHO FILHO,NELSINHO BERON,M,23/11/1979,Válido,15
15073,158,Suplente,TÂNIA MARIA RIBEIRO MACHADO,TÂNIA MACHADO,F,28/12/1950,Válido,15
15500,3110,Eleito,IDENIR JOÃO CECCHIM,IDENIR CECCHIM,M,05/02/1954,Válido,15
15006,94,Suplente,PAULO RENATO DAS NEVES PEREIRA,SUPER TINGA,M,27/07/1968,Válido,15
15190,1416,Suplente,OTO EDUARDO ROSA AMORIM,CORONEL AMORIM,M,27/04/1968,Válido,15
15140,1224,Suplente,THIAGO ROCHA MOYSES,THIAGO ROCHA MOYSES,M,04/06/1983,Válido,15
15100,534,Suplente,FERNANDA LIMA NUNEZ MENDES RIBEIRO,FERNANDA MENDES RIBEIRO,F,14/07/1971,Válido,15
15111,387,Suplente,VITOR BLEY DE MORAES,VITOR BLEY,M,05/12/1957,Válido,15
15272,122,Suplente,LARA CRISTIANA MEDEIROS DA SILVA,LARA SILVA,F,11/03/1972,Válido,15
15267,491,Suplente,MATEUS LUAN DA SILVA MAGALHÃES,MATEUS MAGALHÃES,M,10/09/1998,Válido,15
15199,190,Suplente,MÁRCIO ALEX MARQUES CARDOSO,MÁRCIO CARDOSO,M,10/07/1967,Válido,15
15700,505,Suplente,DÉLCIO PINHEIRO,MANO DÉLCIO,M,30/04/1961,Válido,15
15369,140,Suplente,CALI CRISTINA BARBOSA NUNES,CALI CRISTINA,F,30/06/1966,Válido,15
15373,38,Suplente,LENARA MAIA DA SILVA,LENARA MAIA,F,31/03/1973,Válido,15
15888,88,Suplente,THIAGO DE QUADROS,THIAGO QUADROS,M,08/01/1983,Válido,15
25250,444,Suplente,AILTON SOARES MORAES,AILTON MORAES,M,20/10/1976,Válido,25
25511,362,Suplente,VALTENCIR OLIVEIRA DA CRUZ,VALTENCIR CRUZ VITRINE,M,11/11/1967,Válido,25
25800,104,Suplente,VICENTE DOS SANTOS,VICENTE SEMPRE PRESENTE,M,22/01/1943,Válido,25
25525,1080,Suplente,JACOB LEONARDO LUNARDI BAUMGARTNER,JACOB LUNARDI,M,09/10/1967,Válido,25
25014,309,Suplente,ANGELA MEDEIROS DOS SANTOS NUNES,ANGELA NUNES,F,10/11/1967,Válido,25
25777,261,Suplente,YOLANDA SIRINO DA SILVA,YOLANDA SIRINO,F,25/01/1986,Válido,25
25005,87,Suplente,RODRIGO ALVES SCARSI,RODRIGO SCARSI,M,11/08/1981,Válido,25
25666,20,Suplente,OLAVO SOARES RIBEIRO FILHO,OLAVO S R FILHO,M,17/04/1962,Válido,25
25117,783,Suplente,PAULO EDUARDO NUNES MEIRA,PAULO MEIRA,M,31/08/1963,Válido,25
25625,3190,Suplente,REGINALDO DA LUZ PUJOL,PUJOL,M,01/10/1939,Válido,25
25100,403,Suplente,MARIANA DIVERIO KRUSE,MARIANA KRUSE,F,31/08/1980,Válido,25
25555,357,Suplente,MARCOS ANTÔNIO MARTINS PINTO,MARCOS PINTO,M,19/06/1963,Válido,25
25000,2756,Suplente,PABLO FRAGA MENDES RIBEIRO,MENDES RIBEIRO,M,22/01/1980,Válido,25
25255,39,Suplente,LUIS FERNANDO DE ANDRADE,FERNANDO ANDRADE,M,17/04/1965,Válido,25
25025,242,Suplente,LESIANE DOS SANTOS MORATO,LESI MORATO,F,31/03/1987,Válido,25
25650,299,Suplente,SANDRO AURELIO DOS SANTOS WINK,SANDRO WINK,M,07/04/1964,Válido,25
25015,467,Suplente,DIONÊS GABANA DE SOUZA,TENENTE DIONES,F,24/08/1966,Válido,25
25190,11172,Eleito,NADIA RODRIGUES SILVEIRA GERHARD,COMANDANTE NADIA,F,26/05/1968,Válido,25
25123,954,Suplente,NELCIR REIMUNDO TESSARO,TESSARO,M,15/01/1953,Válido,25
25222,289,Suplente,ELENICE SOUZA MAIOCCHI,ELENICE MAIOCCHI,F,19/10/1978,Válido,25
25444,84,Suplente,NELSON DA SILVA,NELSON SILVA,M,17/02/1959,Válido,25
25500,605,Suplente,GUILHERME BENEDETTO TODESCHINI,PROFESSOR GUILHERME TODESCHINI,M,09/05/1986,Válido,25
65184,186,Suplente,CASSIELLI PORTAL DE OLIVEIRA,CASSIELLI PORTAL,F,18/04/1996,Válido,65
65333,29,Suplente,ELISÂNGELA JARDIM RIGER,ELISÂNGELA RIGER,F,06/07/1982,Válido,65
65432,1621,Suplente,JÚLIO CORRÊA RITTA FILHO,JULIO RITTA,M,14/01/1984,Válido,65
65999,513,Suplente,NELCIR ANDRE VARNIER,NELCIR ANDRE,M,21/07/1969,Válido,65
65420,77,Suplente,JORGE GUILHERME NACUL MOOJEN FILHO,GUILHERME MOOJEN,M,15/05/1979,Válido,65
65065,128,Suplente,MARCUS VINÍCIUS DA SILVA VIANNA,MARCUS VIANNA,M,19/01/1971,Válido,65
65056,96,Suplente,MARCO ANTONIO DARKIEWICZ,MARCO ANTONIO,M,12/06/1953,Válido,65
65600,113,Suplente,RODRIGO HEHN,RODRIGO HEHNS,M,28/12/1977,Válido,65
65651,5366,Eleito,BRUNA LIEGE DA SILVA RODRIGUES,BRUNA RODRIGUES,F,23/08/1987,Válido,65
65165,3028,Suplente,LUCIANE PEREIRA DA SILVA,CUCA CONGO,F,15/10/1969,Válido,65
65413,32,Suplente,JOSÉ LUIZ MENDES MEDEIROS,ZEKA MEDEIROS,M,16/06/1959,Válido,65
65006,503,Suplente,ROSANGELA APARECIDA PIRES MACHADO,RÔ DO T SEIS,F,22/11/1971,Válido,65
65020,3715,Eleito,DAIANA SILVA DOS SANTOS,DAIANA SANTOS,F,29/01/1982,Válido,65
65652,219,Suplente,ROBERTO SCHNEIDER SEITENFUS,ROBERTO BANCADA ATIVISTA,M,01/03/1980,Válido,65
65013,523,Suplente,MORENO BRASIL BARRIOS,MORENO BRASIL,M,08/04/1990,Válido,65
65112,83,Suplente,MARIA INÊS RODRIGUES DOS SANTOS,MARIA INÊS RODRIGUES,F,24/08/1967,Válido,65
65888,203,Suplente,CHRISTIAN OZORIO KLOPPEMBURG,CHRISTIAN DO MEIO AMBIENTE,M,03/07/1975,Válido,65
65300,475,Suplente,FLÁVIO BRECHER MÜLLER,PROF FLÁVIO MÜLLER GUERREIRO,M,28/09/1970,Válido,65
65200,28,Suplente,NILO AGOSTINHO MARTINS,NILO MARTINS,M,15/10/1959,Válido,65
65656,3691,Suplente,GIOVANI CULAU OLIVEIRA,GIOVANI E MOVIMENTO COLETIVO,M,19/03/1994,Válido,65
65444,2543,Suplente,ERICK DÊNIL MACHADO PIMENTEL,ERICK DÊNIL,M,23/05/1994,Válido,65
65662,749,Suplente,JEAN FELIPE ALMEIDA DE ANDRADE,JEAN ANDRADE,M,02/02/1983,Válido,65
65555,1651,Suplente,VITÓRIA DA SILVA CABREIRA,VITÓRIA CABREIRA,F,13/07/2000,Válido,65
65692,103,Suplente,RICARDO DE OLIVEIRA VIEIRA,PROFESSOR RICARDO VIEIRA,M,29/09/1969,Válido,65
65321,200,Suplente,LUCIANA DOS SANTOS FREITAS DA SILVA,LUCIANA DOS SANTOS,F,26/06/1975,Válido,65
65123,3399,Suplente,DILCE ABGAIL RODRIGUES PEREIRA,ABIGAIL PEREIRA,F,30/07/1960,Válido,65
65010,436,Suplente,CANDIDO IVAN RIBEIRO ACOSTA,CANDIDO ACOSTA,M,18/05/1960,Válido,65
65653,540,Suplente,RAMIRO SANTANA MORENO LOPEZ,RAMIRO LOPEZ,M,09/05/1965,Válido,65
65100,774,Suplente,JOSE FRANCISCO ESPIRITO SANTO,ESPIRITO SANTO,M,11/07/1963,Válido,65
65625,24,Suplente,SUELI MARILENE DIHEL ERMEL,SUELI,F,16/12/1941,Válido,65
65069,111,Suplente,PAULO HENRIQUE SOUZA DA SILVA,PAULO HENRIQUE DA SILVA,M,30/01/1976,Válido,65
65666,291,Suplente,JOSE ANTONIO DA SILVA BITENCOURT,CHIMIA BITENCOURT,M,18/10/1966,Válido,65
65865,134,Suplente,GIOVANA BECKER MORAIS,GIOVANA PYTTON,F,31/08/1983,Válido,65
65227,78,Suplente,HELIO FRANCISCO BARREY GRIGOLO,HELINHO GRIGOLO,M,16/06/1957,Válido,65
65180,72,Suplente,PAXUCA BARCELLOS SANCHEZ,PAXUCA SANCHEZ,F,14/01/1981,Válido,65
65456,184,Suplente,HELIO CORBELLINI,HELIO CORBELLINI,M,27/02/1942,Válido,65
12106,238,Suplente,RUGGERO CAVALLARI ROSSI,RUGGERO CAVALLARI ROSSI,M,20/10/1992,Válido,12
12111,396,Suplente,MARGARETE NARA DA SILVA,PROFESSORA MARGARETE,F,16/12/1971,Válido,12
12245,250,Suplente,PAULO SILVEIRA CASTRO,PACHEQUINHO DA BONJA,M,15/06/1952,Válido,12
12248,19,Suplente,JORGE LUIS ROMEU SOARES,JORGE SOARES,M,14/05/1985,Válido,12
12999,646,Suplente,FELIPE CHAGAS JULIO,FELIPE CHAGAS,M,16/05/1988,Válido,12
12369,275,Suplente,LUIZ CARLOS GOIS DE MORAIS,LUIZ CARLOS PASSO FUNDO,M,18/06/1960,Válido,12
12888,465,Suplente,LORENZO BITTENCOURT NICOLETTI,LORENZO NICOLETTI,M,12/08/1998,Válido,12
12108,61,Suplente,PAULO ROBERTO FERNANDES,PAULINHO DA CASEMIRO,M,31/03/1952,Válido,12
12051,414,Suplente,CAROLINA MULLER KLUG DE ASSIS MOREIRA,CAROLINA MOREIRA,F,04/08/1995,Válido,12
12000,747,Suplente,LUCIANO BARROS ZINI,ENGENHEIRO ZINI,M,09/01/1989,Válido,12
12122,243,Suplente,MARIA HELENA ALVES GOMES,INDIA,F,28/06/1974,Válido,12
12345,4002,Eleito,MARCIO FERREIRA BINS ELY,MARCIO BINS ELY,M,10/04/1975,Válido,12
12456,201,Suplente,UBIRAJARA ALVES MEIRELES,BIRA MEIRELES,M,26/04/1965,Válido,12
12021,480,Suplente,WILTON PINTO DE ARAÚJO,WILTON ARAÚJO,M,16/05/1953,Válido,12
12001,286,Suplente,JENIFER DOMINGUES DE CASTRO,JENIFER CASTRO,F,31/03/1987,Válido,12
12200,324,Suplente,BEN HUR RODRIGUES RAVA,BEN HUR RAVA,M,06/04/1967,Válido,12
12180,5520,Eleito,MAURO CESAR ZACHER,MAURO ZACHER,M,15/02/1976,Válido,12
12600,916,Suplente,FELIPE SOUZA GASPAR SILVA,FELIPE GASPAR,M,24/09/1987,Válido,12
12022,291,Suplente,MARIA ELISABETE DE OLIVEIRA,BETINHA PDT,F,07/07/1954,Válido,12
12612,324,Suplente,PAULO ROBERTO SILVA,PAULINHO DA BONJA,M,10/11/1955,Válido,12
12666,355,Suplente,CARLOS VINÍCIUS AZAMBUJA PEREIRA,VINICIUS PEREIRA,M,20/02/1983,Válido,12
12002,147,Suplente,RICARDO FIGUEIRA BIDONE,RICARDO BIDONE,M,17/10/1981,Válido,12
12023,88,Suplente,VINICIUS GENTIL DOS SANTOS CAURIO,VINI CAURIO,M,23/06/1968,Válido,12
12035,2588,Suplente,CLEITON SILVESTRE MUNHOZ DE FREITAS,DELEGADO CLEITON,M,29/08/1961,Válido,12
12095,164,Suplente,ADRIANA GUEDES PAZ,SORA ADRIANA,F,28/01/1970,Válido,12
12190,390,Suplente,ALVONI DUTRA,SARGENTO DUTRA,M,25/06/1961,Válido,12
12629,340,Suplente,LUCIANO FALAVENA MACHADO,LUCIANO FALLAVENA,M,20/03/1973,Válido,12
12012,875,Suplente,DIEGO BAIERLE BURALDE,DIEGO BURALDE,M,21/07/1979,Válido,12
12027,44,Não eleito,ROSANE TEREZINHA DOS SANTOS,ROSANE DOS SANTOS,F,27/07/1962,Anulado,12
12704,201,Suplente,MELISANDRA BESSA DOS REIS,MEL BESSA,F,16/02/1971,Válido,12
12028,876,Suplente,ATENA BEAUVOIR ROVEDA,ATENA,F,20/04/1991,Válido,12
12700,324,Suplente,ALEXANDRE DA ROSA PEREIRA,PROFESSOR ALEXANDRE CHOCO,M,12/04/1978,Válido,12
12777,279,Suplente,MARCO AURELIO DOS SANTOS PEREIRA,MARCO AURÉLIO NECO,M,02/03/1969,Válido,12
12321,327,Suplente,GABRIEL GOLDANI ANDRIOLI,GABRIEL CIANETO,M,27/06/1989,Válido,12
12357,170,Suplente,LUIS CARLOS ALEGRE DA ROCHA,ROCHA DO SARANDI,M,12/08/1947,Válido,12
12112,106,Não eleito,SUELMI PINTO OLIVEIRA DA ROSA,SUELMI PINTO,F,10/08/1944,Anulado sub judice,12
12412,246,Suplente,ADÃO FERREIRA DA SILVA,ADÃO ROMARINHO,M,08/07/1962,Válido,12
12252,132,Suplente,RAQUEL PINHEIRO LESSA,RAQUEL LESSA,F,25/03/1983,Válido,12
12016,58,Suplente,MARA REGINA FIGUEIREDO,MARA FIGUEIREDO,F,16/03/1956,Válido,12
12230,101,Suplente,SILVANA GOMES BARRETO,BILA,F,30/01/1970,Válido,12
12123,3279,Suplente,JOÃO BOSCO GRANATO VAZ,JOÃO BOSCO VAZ,M,16/07/1955,Válido,12
12800,374,Suplente,RODRIGO CHAGAS SILVEIRA,CHAGAS,M,05/05/1983,Válido,12
12007,324,Suplente,MARCELO SILVEIRA DE ALMEIDA,MARCELO ALMEIDA,M,07/08/1970,Válido,12
12663,67,Suplente,ENI VEIGA CANARIM,ENI CANARIM,F,31/05/1940,Válido,12
12009,1001,Suplente,PEDRO FELICE CLADERA,PROFESSOR PEDRO FELICE,M,09/08/1993,Válido,12
12121,921,Suplente,LUIGGI GIOVANE DE MORAES BERTACO,LUIGGI BERTACO,M,06/12/1994,Válido,12
12246,21,Suplente,RUBEM DE CASTRO,RUBEM DE CASTRO,M,11/02/1949,Válido,12
12410,195,Suplente,RENATA GABERT DE SOUZA,RENATA GABERT DE SOUZA,F,22/04/1960,Válido,12
12333,182,Suplente,CARLA SINARA RODRIGUES DO NASCIMENTO,CARLINHA DA RESENHA,F,02/07/1975,Válido,12
12512,197,Suplente,JADERSON ORESTES SILVA SOARES,JADERSON SOARES,M,28/01/1976,Válido,12
12912,137,Suplente,RENATO YASUO MATSUMURA NAKAHARA,RENATO NAKAHARA,M,09/01/1974,Válido,12
12126,244,Suplente,IRIS ALVES ANDRADE,PROFESSOR IRIS,M,13/05/1950,Válido,12
12368,179,Suplente,JOSE JAIR SOARES DOS SANTOS,RAMBO DA BORRACHARIA,M,10/12/1963,Válido,12
12789,1300,Suplente,ANGÉLICA KAFROUNI,PROFESSORA ANGÉLICA KAFROUNI,F,26/07/1960,Válido,12
22777,471,Suplente,LUIS VANDERLUB DE AVILA MIRANDA,VANDER,M,21/08/1970,Válido,22
22333,96,Suplente,WOLMIR VIANNA DA ROSA,WOLMIR ROSA,M,27/12/1943,Válido,22
22023,965,Suplente,VOLNEI DA SILVA ALVES,MISSIONÁRIO VOLNEI,M,24/04/1974,Válido,22
22244,580,Suplente,ADONIRO RODRIGUES LEAL,MIRO LEAL,M,15/09/1956,Válido,22
22099,363,Suplente,JOSÉ VALDEMAR DOS SANTOS MARTHA,ZEZINHO,M,29/10/1961,Válido,22
22336,1372,Suplente,SORAIA MARIA ROSSO SALOUM,TIA CARMEN - MULHERES LIVRES,F,05/02/1962,Válido,22
22125,353,Suplente,ALESSANDRA RASSIER BARBACHAN,ALESSANDRA BARBACHAN,F,01/09/1983,Válido,22
22190,185,Suplente,JOSÉ ROBERTO DA SILVA LOPES,COMISSARIO ZECA LOPES,M,24/03/1965,Válido,22
22044,68,Suplente,MARCOS JAMES CAPPA BRAVO,MARCOS JAMES BRAVO,M,22/11/1974,Válido,22
22122,189,Suplente,EVANDRO LEONAN BATISTA,WOLVERINE BATISTA,M,05/05/1971,Válido,22
22345,157,Suplente,JOÃO PEDRO DIAS DE VARGAS,JOÃO DO SANGUE,M,03/01/1960,Válido,22
22022,94,Suplente,JORGE ANTÔNIO MELLO PINHEIRO,JORGE PINHEIRO,M,30/08/1972,Válido,22
22222,1527,Suplente,NEREU D'AVILA,NEREU D'AVILA,M,28/10/1941,Válido,22
22191,166,Suplente,JULIANA VERGUTZ,JULIANA VERGUTZ,F,25/11/1971,Válido,22
22066,151,Suplente,DÉBORA MONTEIRO MORALES,DÉBORA MORALLES,F,13/10/1978,Válido,22
22111,524,Suplente,MARCO ANTÔNIO DE LIMA,MARCO LIMA,M,20/05/1972,Válido,22
22789,213,Suplente,LUIZ GOLIN,LUIZ GOLIN,M,24/11/1956,Válido,22
22155,58,Suplente,REGINA MARIA DE CARVALHO RIOS,REGINA RIOS,F,07/07/1954,Válido,22
22007,4947,Eleito,MAURO ROBERTO PINHEIRO,MAURO PINHEIRO,M,05/05/1966,Válido,22
22160,39,Suplente,ANA MARIA CARDOSO SOARES,ANA SOARES,F,07/12/1969,Válido,22
22038,109,Suplente,PAULO ROGERIO DA FONSECA,PAULO FONSECA,M,27/03/1967,Válido,22
22444,164,Suplente,CARMELINDA DOS SANTOS,CARMELINDA DOS SANTOS,F,09/08/1967,Válido,22
22123,814,Suplente,CELSO ANTÔNIO CIRINO,CELSO CIRINO,M,26/10/1962,Válido,22
11999,361,Suplente,ALEX PIPKIN,ALEX PIPKIN,M,09/12/1965,Válido,11
11133,200,Suplente,ÉRLON JACQUES DE OLIVEIRA,ÉRLON JACQUES ELOJAC,M,16/07/1972,Válido,11
11456,197,Suplente,MAXIMILIANO DA SILVA GASPAR,MAX GASPAR,M,23/06/1986,Válido,11
11633,1411,Suplente,JOSÉ ANTONIO CELIA,JOSÉ ANTONIO CELIA,M,18/01/1951,Válido,11
11400,392,Suplente,ANDERSON ALVES DA SILVA,DJ CATA,M,21/05/1975,Válido,11
11700,207,Suplente,EMERSON CHAVES DOS SANTOS,MOTINHA,M,06/06/1979,Válido,11
11611,79,Suplente,ALEXANDER CHARLES MULLER,ALEXANDRE CHARLES MULLER,M,24/04/1975,Válido,11
11177,60,Suplente,MARIA GELCI ELISIA DE MEDEIROS,MARIA ELISIA,F,17/10/1940,Válido,11
11007,30,Suplente,RUI DA SILVA SOARES,RUI SOARES,M,12/01/1950,Válido,11
11116,66,Suplente,FÁBIO HENRIQUE RIEFFEL SCHORNES,FÁBIO SCHORNES,M,16/01/1974,Válido,11
11229,693,Suplente,RENI TELES POITEVIN,RENI POITEVIN,M,03/09/1976,Válido,11
11555,317,Suplente,LÚCIA OLIVEIRA MARTINS CASTÊNCIO,LÚCIA CASTÊNCIO,F,30/10/1966,Válido,11
11800,41,Suplente,PABLO DE OLIVEIRA IGARSABA,PABLO IGARSABA,M,20/05/1994,Válido,11
11033,239,Suplente,ANA LUCIA SANTOS DA MOTTA,ANA MOTTA,F,26/07/1971,Válido,11
11190,476,Suplente,LUIS AUGUSTO SILVA DE SOUZA,TENENTE AUGUSTO SOUZA,M,18/09/1965,Válido,11
11311,92,Suplente,CRISTIANE DA ROSA FÉLIX,LULU FÉLIX,F,25/06/1974,Válido,11
11077,3492,Eleito,JORGE ANTÔNIO DORNELLES CARPES,CASSIÁ CARPES,M,14/06/1953,Válido,11
11001,305,Suplente,LUIS ANTÔNIO STEGLICH COSTA,LUÍS STEGLICH,M,25/06/1960,Válido,11
11511,105,Suplente,RONALDO HOFFMANN GONÇALVES,RONALDO GONÇALVES PRODUTOR,M,22/02/1967,Válido,11
11888,333,Suplente,ADRIANA CAUDURO,ADRIANA CAUDURO,F,04/03/1959,Válido,11
11955,125,Suplente,RICARDO PANTALIÃO,RICARDO PANTALIÃO,M,12/03/1983,Válido,11
11900,322,Suplente,NADIA SIMONI,PROFESSORA NADIA SIMONI,F,04/08/1965,Válido,11
11151,176,Suplente,JÚLIO CÉZAR CRAMER NUNES,PSICÓLOGO JULIO CEZAR,M,05/09/1985,Válido,11
11122,16,Suplente,GILNEI PEDRO MILNIKEL GONÇALVES,PEDRO MILNIKEL,M,19/12/1996,Válido,11
11444,301,Suplente,PAULO RICARDO SANTIAGO NIVINSKI,PAULO NIVINSKI,M,17/10/1958,Válido,11
11111,3218,Suplente,ANDRÉ LUIZ DE MELLO MACHADO,JORNALISTA ANDRÉ MACHADO,M,03/12/1966,Válido,11
11411,111,Suplente,LUCIANE CARDOSO THOMÉ FRANCISCO,LU THOMÉ,F,14/04/1972,Válido,11
11666,340,Suplente,ADELAR ROGÉRIO DE LIMA MARQUES,NEGO VÉIO,M,06/04/1971,Válido,11
11777,364,Suplente,JULIANO BRAGATTO ABADIE,JULIANO BRAGATTO,M,26/10/1980,Válido,11
11022,430,Suplente,RENAN CAMBOIM PEREIRA,RENAN CAMBOIM,M,30/04/1997,Válido,11
11222,254,Suplente,DIEGO BANDEIRA MACHADO,DIEGO MACHADO,M,22/04/1980,Válido,11
11515,65,Não eleito,RAQUEL FRAGA FERREIRA,RAQUEL FRAGA,F,04/09/1975,Anulado,11
11811,196,Suplente,JONATHAS DA SILVA GOMES,LIGEIRINHO,M,08/11/1977,Válido,11
11011,1906,Suplente,VITOR HUGO DE ALCÂNTARA FILHO,VITINHO ALCÂNTARA,M,08/09/1986,Válido,11
11550,561,Suplente,ENILSON SCHEPFF GAMBARRA DA SILVA,TOCO DA GLÓRIA,M,10/07/1959,Válido,11
11200,61,Suplente,SUZANA IZOLINA CARNEIRO BASTOS,SU BASTOS,F,08/08/1965,Válido,11
11277,69,Suplente,MARIA ANDRESA BIZARRO,ANDRESA BIZARRO,F,13/03/1961,Válido,11
11100,64,Suplente,CARLO RAMIRO PEREIRA DUTRA,MANO DUTRA,M,18/05/1966,Válido,11
11388,101,Suplente,DIMITRIUS MELLO AZAMBUJA,DIMITRIUS MELLO,M,22/05/1989,Válido,11
11500,3068,Suplente,MATHEUS CRUZ AYRES,MATHEUS AYRES,M,30/04/1985,Válido,11
11377,152,Suplente,LUCILDA THOMAZ DOS SANTOS,NEGRINHA,F,22/08/1961,Válido,11
11333,552,Suplente,ANTÔNIO MARCELO PACHECO DE SOUZA,PROF ANTÔNIO MARCELO PACHECO,M,06/01/1965,Válido,11
11678,176,Suplente,PAOLA VIEIRA EXTRAMAR MACHADO,PAOLA VIEIRA,F,23/07/1992,Válido,11
11655,177,Suplente,JÚLIO CÉSAR DA SILVA FELIPE,JÚLIO FELIPE,M,05/07/1956,Válido,11
11366,159,Suplente,CLARICE JULIETA ILARIA RAMOS,CLARICE RAMOS,F,20/10/1962,Válido,11
11711,330,Suplente,MARCO ANTÔNIO DA SILVA MARTINS,MARCO MARTINS MARCÃO,M,10/07/1965,Válido,11
11789,242,Suplente,DULCIMAR PORTELLA DE SOUZA,PORTELLA,M,28/11/1959,Válido,11
11123,4140,Eleito,MÔNICA LEAL MARKUSONS,MÔNICA LEAL,F,01/09/1956,Válido,11
11330,52,Suplente,HERTON JESUZ PEREIRA,HULK,M,03/03/1952,Válido,11
11945,47,Suplente,PAULO ÁVILA JOST DOS SANTOS,PAULO JOST,M,08/03/1975,Válido,11
11300,164,Suplente,REGINA MARQUES CRUZ,REGINA MARQUES,F,19/09/1969,Válido,11
11822,38,Suplente,MARIA DE FÁTIMA MARTINS BARRETO,FÁTIMA BARRETO,F,17/10/1960,Válido,11
11000,981,Suplente,MARCOS DIAS FERREIRA,DR MARCOS FERREIRA,M,27/06/1969,Válido,11
11833,19,Suplente,LANE HELENA TOSCA TOLDO,HELLENA TOLDO,F,05/04/1951,Válido,11
30333,524,Suplente,ELISA MARIA GIANLUPI,ELISA GIANLUPI,F,04/03/1972,Válido,30
30456,3145,Suplente,TIAGO JOSÉ ALBRECHT,TJ ALBRECHT,M,15/04/1985,Válido,30
30330,308,Suplente,VICTOR SALGUEIRO DIAS BRAGA,VICTOR BRAGA,M,24/03/1997,Válido,30
30230,1456,Suplente,ANA LUCIA COUTO CORONEL,DRA ANA CORONEL,F,26/07/1967,Válido,30
30130,863,Suplente,ELIDA VIVIANE OSCAR MENGARDA,VIVIANE MENGARDA,F,13/10/1973,Válido,30
30000,1424,Suplente,BERNARDO HENRIQUE GAZZONI DEGRAZIA HOWES,BERNARDO DEGRAZIA HOWES,M,11/01/1989,Válido,30
30730,2251,Suplente,SÂMILA PEREIRA MONTEIRO,SÂMILA MONTEIRO,F,05/12/1995,Válido,30
30700,365,Suplente,FÁBIO GUSTAVO FIGUEIRA DE DEUS,FÁBIO DE DEUS,M,20/07/1975,Válido,30
30100,496,Suplente,GRÉGOR MOURA DE CARVALHO,ENGENHEIRO GRÉGOR CARVALHO,M,17/02/1988,Válido,30
30030,3637,Eleito,MARIANA HENNIG PIMENTEL,MARIANA PIMENTEL,F,18/04/1986,Válido,30
30300,2907,Suplente,JUAN CESAR BUHLER SAVEDRA,JUAN SAVEDRA,M,19/01/1988,Válido,30
30500,14279,Eleito,FELIPE ZORTEA CAMOZZATO,FELIPE CAMOZZATO,M,09/01/1988,Válido,30
30123,1262,Suplente,GREG BAPTISTA SCHNEIDER,GREG SCHNEIDER,M,23/04/1988,Válido,30
30111,1164,Suplente,CLOALDO AMARAL FILHO,PROFESSOR AMARAL,M,13/04/1959,Válido,30
21321,127,Não eleito,GABRIELLI CIASCA VELOSO,GABRIELLI VELOSO,F,15/01/1991,Válido,21
21021,53,Não eleito,CARLOS MESSALLA LIMA DA ROSA,CAMARADA MESSALLA,M,10/04/1976,Válido,21
21212,276,Não eleito,FELIPE AMARO FREITAS FERREIRA,FELIPE AMARO,M,16/10/1994,Válido,21
21111,129,Não eleito,CLEBER BARCELOS SOARES,CLEBER SOARES,M,24/09/1973,Válido,21
21000,172,Não eleito,TIRZA GABRIELA DRUMOND FERREIRA,TIRZA DRUMOND,F,29/03/1999,Válido,21
28111,99,Suplente,GLADIS DE SOUZA COUTO,GLADIS DE SOUZA COUTO,F,31/08/1956,Válido,28
28555,414,Suplente,ROBERTO DIAS TORRES,ROBERTO DIAS TORRES,M,20/08/1948,Válido,28
28028,4909,Eleito,FERNANDA DA CUNHA BARTH,FERNANDA BARTH,F,16/03/1972,Válido,28
28202,16,Suplente,GISELDA REGINA FARIAS DE CASTRO,PROFESSORA GISA,F,10/01/1957,Válido,28
28017,170,Suplente,JURANDIR WANLAR TEIXEIRA,PROFESSOR JURANDIR TEIXEIRA,M,18/06/1967,Válido,28
28058,478,Suplente,GILMAR DRAGO,GILMAR DRAGO,M,09/12/1958,Válido,28
28222,154,Suplente,BEATRIZ WILLHELM DOCKHORN,BIA BRASIL,F,31/07/1954,Válido,28
28123,226,Suplente,UBIRAJARA CABELLEIRA DA SILVA,BIRA DOS EMPREGOS,M,10/10/1960,Válido,28
28280,394,Suplente,LUIZ ARMANDO SILVA DE OLIVEIRA,LUIZ ARMANDO DE OLIVEIRA,M,19/07/1962,Válido,28
28288,367,Suplente,LUCIANA MENDINA DE SOUZA MARTINEZ,LUCIANA MENDINA,F,17/10/1971,Válido,28
28999,43,Suplente,CARLOS AUGUSTO DOS SANTOS GUESSI,CARLOS GUESSI,M,23/01/1963,Válido,28
28009,46,Suplente,MIGUEL DA CUNHA VARGAS FILHO,MIGUEL VARGAS,M,01/02/1945,Válido,28
28500,138,Suplente,FABIO DE MELLO VIEGAS,FABIO DE MELLO,M,13/08/1975,Válido,28
28100,865,Suplente,MARCELO ROCHA MARQUES,SARGENTO MARCELO MARQUES,M,20/01/1971,Válido,28
28346,452,Suplente,JORGE LUIZ CAMARGO RANGEL,RANGEL,M,06/01/1954,Válido,28
28040,3303,Suplente,MARIANA DOERNTE LESCANO,POLICIAL MARIANA LESCANO,F,04/07/1987,Válido,28
28888,451,Suplente,CARLA BEATRIZ LOPES BRUM,CARLA BRUM,F,08/01/1975,Válido,28
28000,184,Suplente,ALOISIO DIAS,SARGENTO ALOISIO,M,27/06/1971,Válido,28
28018,221,Suplente,EVERALDO FRANCO LEITE,SOLDADO EVERALDO FRANCO,M,14/12/1971,Válido,28
28281,345,Suplente,LUCIANO CARLOS BIAZETTO,LUCIANO BIAZETTO,M,15/07/1970,Válido,28
28190,4160,Suplente,MARIO YUKIO IKEDA,CORONEL IKEDA,M,19/02/1966,Válido,28
28200,715,Suplente,ROBERTO HEBERLE DA SILVEIRA,MIUDINHO,M,11/06/1967,Válido,28
28007,230,Suplente,FRANCISCO CARLOS BRAGANÇA DE SOUZA,PROFESSOR FRANCISCO BRAGANÇA,M,01/04/1955,Válido,28
28234,368,Suplente,FLAVIO GILBERTO DO NASCIMENTO,SGT NASCIMENTO,M,24/10/1962,Válido,28
28777,76,Suplente,HELEN CELIA MOTA GONÇALVES,HELEN DE OYÁ,F,10/05/1976,Válido,28
28078,0,Suplente,HULSE MENDES,HULSE MENDES,M,05/11/1959,Válido,28
28001,41,Suplente,FABIANA DE AZEVEDO SCHOSSLER,FABI SCHOSSLER,F,03/08/1971,Válido,28
28133,637,Suplente,FERNANDO PALMEIRO,FERNANDO PALMEIRO,M,01/11/1968,Válido,28
20100,248,Não eleito,CASSIANA DEBIASI PINTO,CASSIANA DEBIASI,F,04/06/1978,Válido,20
20222,1207,Não eleito,PAULO FIGUEIRO SOBRINHO,PAULO FIGUEIRO SOBRINHO,M,21/01/1980,Válido,20
20529,109,Não eleito,ALVARO JOSE PADILHA FAGUNDES,ALVARO FAGUNDES,M,07/08/1963,Válido,20
20126,55,Não eleito,SANDY DA CONCEIÇÃO PEREIRA,SANDY MORAES,F,16/07/1992,Válido,20
20000,955,Não eleito,CARMEN ZOLEIKE FLORES INACIO,CARMEN FLORES,F,14/03/1953,Válido,20
20038,58,Não eleito,RAFAEL QUEIROZ DA SILVA,RAFAEL QUEIROZ,M,26/12/1977,Válido,20
20377,89,Não eleito,MARIA ZULMA PEREIRA DOS SANTOS,ZULMA SANTOS CAPELÃ,F,22/01/1964,Válido,20
20200,158,Não eleito,DAVI CATARINO SANTANA,DAVI SANTANA,M,02/04/1986,Válido,20
20120,128,Não eleito,FELIPE DA MAIA BORGES,FELIPE BORGES,M,11/03/1980,Válido,20
20190,142,Não eleito,JOSEANE RIBEIRO ALVES,JOSI RAMOS,F,08/09/1978,Válido,20
20241,150,Não eleito,MAGDA LOREDO GARIM,MAGDA LOREDO,F,28/04/1961,Válido,20
20500,290,Não eleito,RODRIGO DI MARTINO,RODRIGO DI MARTINO,M,23/02/1973,Válido,20
20798,225,Não eleito,JULIANO DA SILVA CORREA,JULIANO CORREA,M,16/12/1979,Válido,20
20015,82,Não eleito,REGINA MARIA DOS SANTOS DE SOUZA,PROF REGINA SOUZA,F,06/01/1961,Válido,20
20987,49,Não eleito,DENISE MEDEIROS TAVARES,DENISE TAVARES,F,15/12/1966,Válido,20
20678,160,Não eleito,TADEU NUNES DA SILVA,TECNÓLOGO TADEU,M,12/06/1957,Válido,20
20342,22,Não eleito,ROGERIO MARC,ROGERIO MARC,M,24/03/1960,Válido,20
20020,208,Não eleito,JOSE ODIL LOPES DOS SANTOS,JOSE ODIL UBER,M,04/01/1971,Válido,20
20777,141,Não eleito,FABIANO SALOMONI FRAGA,FABIANO FAFÁ,M,29/05/1974,Válido,20
20219,158,Não eleito,DENER FERREIRA DAMACENO,DENER DAMACENO,M,23/06/1981,Válido,20
20555,223,Não eleito,HENRIQUE VALMIR DA CONCEIÇÃO,CHINA DO GRÊMIO,M,13/09/1959,Válido,20
20101,33,Não eleito,REGINALDO ANDRADES LIMA,O VIGILANTE REGINALDO LIMA,M,10/01/1958,Válido,20
20789,114,Não eleito,BERGSON BRUNO MARQUES DE SA,GAUCHO DA SAUDE,M,28/12/1990,Válido,20
20300,434,Não eleito,GEORGE ANDRE CUNHA MAIA,ANDRE MAIA,M,27/06/1974,Válido,20
20757,201,Não eleito,LUIZ FABIANO PEDROSO LOPES,LUIZ FABIANO,M,12/01/1976,Válido,20
20111,142,Não eleito,CLEONICE DELGADO PENHA,PROFESSORA CLEONICE,F,12/06/1948,Válido,20
20007,84,Não eleito,LUIS CARLOS RIBEIRO DA SILVA,LUCA RISI,M,07/10/1953,Válido,20
20428,58,Não eleito,RAQUEL SILVA DA SILVA,RAQUEL ALMEIDA,F,16/08/1982,Válido,20
20017,30,Não eleito,BENTA ZILMA FAGUNDES ANTUNES,ZILMA FAGUNDES,F,21/06/1965,Válido,20
55156,94,Suplente,RICARDO CAMILO LAUER CUNHA,CAMILO,M,09/11/1975,Válido,55
55557,199,Suplente,ALESSANDRA RODRIGUES CAMARGO POSTAL,ALESSANDRA COLORADA,F,08/06/1986,Válido,55
55444,472,Suplente,MÁRCIA ROSANE JUPPEN FOGAÇA,PROFESSORA MÁRCIA FOGAÇA,F,14/09/1974,Válido,55
55153,510,Suplente,DANIEL RODRIGUES DA SILVA,DITONEL,M,31/05/1968,Válido,55
55055,536,Suplente,ROBERTO MARRONE,MARRONE,M,09/01/1965,Válido,55
55001,245,Suplente,EVERTON MARTINS RIBEIRO,EVERTON RIBEIRO,M,31/10/1968,Válido,55
55655,95,Suplente,DANIEL NERI DOS SANTOS PERRONE,DANIEL PERRONE KMURÇA,M,16/01/1976,Válido,55
55520,21,Suplente,BENOREM PENTEADO FILHO,BRUNA ESTILISTA,F,09/05/1965,Válido,55
55678,58,Suplente,ROSA MARIA DE ARRUDA,ROSA ARRUDA,F,28/07/1968,Válido,55
55700,202,Não eleito,LUIZ ALBERTO NEGRINHO DE OLIVEIRA JÚNIOR,JR BELO,M,03/10/1986,Anulado,55
55915,14,Suplente,LUCIANA DE SOUZA NUNES,LUCIANA NUNES,F,24/02/1978,Válido,55
55111,566,Suplente,MICHEL HEPP RIBEIRO SANCHEZ,MICHEL SANCHEZ,M,08/08/1991,Válido,55
55155,138,Suplente,PAULO RICARDO CARVALHO IBANES,PAULO IBANES,M,01/10/1961,Válido,55
55510,569,Suplente,RONALDO UBIRAJARA BITENCOURT GONÇALVES,RONALDINHO DO PARTENON,M,10/11/1976,Válido,55
55000,1444,Suplente,MARCELO FRANCISCO CHIODO,MARCELO CHIODO,M,27/03/1968,Válido,55
55999,133,Suplente,ALAN PITTER MATOS NEPOMUCENO,ALAN MATOS,M,20/09/1994,Válido,55
55888,103,Suplente,JÚLIO ROBERTO MASLINKIEWICZ NEVES,JÚLIO NEVES,M,18/01/1976,Válido,55
55018,190,Suplente,GISELE GOMES FLORES,GISELE FLORES DO TRÂNSITO,F,28/12/1966,Válido,55
55421,145,Suplente,DANIELA COUSANDIER SANTAROSA,DANI SANTAROSA,F,04/09/1976,Válido,55
55538,71,Suplente,TATIANA RHEINGANTZ ARMOS,TATIANA ARMOS,F,27/04/1978,Válido,55
55333,141,Suplente,CARLOS ALBERTO RODRIGO BONEBERG MALMANN,CARLOS BONEBERG,M,18/10/1975,Válido,55
55855,93,Suplente,VOLNEI PEREIRA,VOLNEI CEGUINHO,M,01/02/1972,Válido,55
55100,279,Suplente,MARCELO BRAGA,MARCELO BRAGA,M,02/05/1973,Válido,55
55533,356,Suplente,VICTOR MATEUS TEIXEIRA FILHO,TEIXEIRINHA FILHO,M,14/02/1953,Válido,55
55511,1097,Suplente,CARLOS ALBERTO FAGUNDES DE OLIVEIRA,CARLINHOS DA VILA,M,01/06/1970,Válido,55
55178,16,Suplente,ULISSES RODRIGUES DE MATOS JÚNIOR,ULISSES JÚNIOR POETA DO AMOR,M,17/08/1957,Válido,55
55777,4071,Eleito,CLÁUDIA VIEIRA DE ARAÚJO,CLÁUDIA ARAÚJO,F,28/10/1967,Válido,55
55555,1364,Suplente,BRUNO ORTIZ PORTO,BRUNO ORTIZ,M,02/09/1985,Válido,55
55123,286,Suplente,ANA CLÁUDIA BITENCOURT CLAUDINO,ANA CLÁUDIA,F,05/04/1971,Válido,55
55455,231,Suplente,MOYSES SILVA PELEGRINI,MOYSES PELEGRINI,M,12/01/1972,Válido,55
55432,336,Suplente,ADALCIR BRUBACHER,ADALCIR BRUBACHER,M,06/10/1958,Válido,55
55180,483,Suplente,PAULO CÉSAR KLEIN,PROCURADOR PAULO KLEIN,M,10/08/1971,Válido,55
55755,74,Suplente,IDO LUIZ FRANCO DE SOUZA,IDO LUIZ SOUZA,M,01/10/1960,Válido,55
55321,54,Suplente,KATIA MARIA LUISA SZTUDENT MENDOZA,KATIA SZTUDENT,F,01/02/1966,Válido,55
55007,403,Suplente,JOEL VICENTE DA SILVA,JOEL VICENTE PEIXE DA VARZEA,M,16/07/1972,Válido,55
55222,451,Suplente,ALDORI SEVERO DANELI,DANELI,M,12/04/1972,Válido,55
17307,159,Suplente,CESAR ANDRÉ PEREIRA MARTINS,CÉSAR BARBEIRO,M,16/08/1987,Válido,17
17133,170,Suplente,LEILA DE ALMEIDA DE SOUSA,LEILA SOUSA,F,29/03/1980,Válido,17
17111,190,Suplente,SANDRA MARA RODRIGUES,SANDRA RODRIGUES,F,05/04/1979,Válido,17
17631,54,Suplente,SADY SEVERO MARTINS,PASTOR SADY,M,14/12/1949,Válido,17
17999,70,Suplente,JOSÉ ANTÔNIO SANTOS DA SILVA,JOSÉ ANTÔNIO,M,26/08/1979,Válido,17
17137,485,Suplente,MARCOS CARVALHO FERREIRA,MARQUINHOS,M,17/10/1975,Válido,17
17888,148,Suplente,ALEXSANDRO ROSA VIDAL,ALEX VIDAL,M,12/02/1980,Válido,17
17000,4703,Eleito,ALEXANDRE WAGNER DA SILVA BOBADRA,ALEXANDRE BOBADRA,M,08/06/1979,Válido,17
17192,105,Suplente,MARCIA MARIA SILVA DA ROCHA,MARCIA ROCHA,F,24/07/1971,Válido,17
17777,1907,Suplente,SIMONE ALMEIDA DA COSTA PAGANINI,SIMONE PAGANINI,F,13/12/1976,Válido,17
17577,90,Suplente,MARCELO MORAES DE CARVALHO,CELO DJ,M,21/03/1970,Válido,17
17711,730,Suplente,IVANIR MACIEL PORTO,TIO NIRO,M,09/02/1976,Válido,17
17717,426,Suplente,CRISTIANO CRUZ E SILVA,TIANO CRUZ,M,10/12/1978,Válido,17
17217,74,Suplente,DOMINGOS DA ROSA LEITE,DOMINGOS,M,22/05/1979,Válido,17
17517,386,Suplente,CRISTIANO MAIA SOARES,MAYA,M,18/06/1976,Válido,17
17063,167,Suplente,VINICIUS MONTAG LUZ,COMISSÁRIO VINÍCIUS,M,07/07/1963,Válido,17
17211,45,Suplente,DANIEL DE OLIVEIRA CRUZ,BISPO DANIEL,M,21/03/1966,Válido,17
17566,231,Suplente,MARA ELAINE PINTO AMARAL,MARA AMARAL,F,17/06/1959,Válido,17
17700,268,Suplente,LUIZ AIRTON DA SILVA,LUIZ AIRTON,M,25/07/1972,Válido,17
17200,138,Suplente,CÉSAR AUGUSTO QUEIROZ VIANA,CÉSAR VIANA,M,08/02/1975,Válido,17
17210,105,Suplente,JACKSON QUADROS DA SILVA,NEGO JÁ,M,31/01/1977,Válido,17
17877,243,Suplente,FERNANDA MISSEL FERRARI,FERNANDA FERRARI,F,28/02/1991,Válido,17
17677,4331,Suplente,JOSÉ CLÁUDIO FREITAS CONCEIÇÃO,CLÁUDIO CONCEIÇÃO,M,03/10/1968,Válido,17
17073,258,Suplente,JOSÉ CEDENIR DA SILVA PEREIRA,JOSÉ CEDENIR,M,04/03/1973,Válido,17
17800,61,Suplente,JULCINEA MARIA TAUIL,NEA TAUIL,F,18/03/1963,Válido,17
17057,193,Suplente,FÁBIO GAYA DA ROCHA,FÁBIO ROCHA,M,08/09/1963,Válido,17
17234,269,Suplente,DORIS MARIA FOGAÇA TEIXEIRA,DORIS FOGAÇA,F,06/02/1949,Válido,17
17456,33,Suplente,NOELI BEATRIZ ROCHA BORGES,NONO,F,04/03/1968,Válido,17
17500,223,Suplente,MAURO ERNANI AGUIRRE,MAURO AGUIRRE,M,18/07/1955,Válido,17
17900,491,Suplente,LUÍZ ALBERTO NEGRINHO DE OLIVEIRA,LUIZ NEGRINHO,M,20/02/1957,Válido,17
17022,58,Suplente,ORION CARVALHO GOULART,ORION,M,10/02/1952,Válido,17
17123,711,Suplente,MARIO LUIS DOS SANTOS,MARIO MAISSE,M,10/11/1973,Válido,17
17333,281,Suplente,ADELMO ANTONIO DE SOUZA,ADELMO SOUZA,M,02/09/1963,Válido,17
17617,107,Suplente,CHARLES AUGUSTO FRANCO DE OLIVEIRA,CHARLES FRANCO,M,10/12/1978,Válido,17
17666,276,Suplente,FABIANO DA SILVA LEMES,FABIANO LEMES,M,26/01/1975,Válido,17
17345,198,Suplente,NELSON OLIVEIRA DA SILVA,ENFERMEIRO NELSON,M,08/07/1984,Válido,17
17019,539,Suplente,CARLOS ALEXANDRE TANSKI,PROFESSOR TANSKI,M,19/01/1972,Válido,17
17567,238,Suplente,MARA SUZANA ANDRADE DE SOUZA,MARA SOUZA,F,21/02/1963,Válido,17
17117,65,Suplente,PRISCILA DEBOM FASSEL,PRISCILA DEBOM,F,23/05/1996,Válido,17
17444,843,Suplente,GILBERTO SALLON DIAS,BETO SALVA CÃO,M,08/01/1956,Válido,17
17177,580,Suplente,LUIS LUCIANO BUENO DA SILVA,LUCIANO SILVA,M,09/05/1970,Válido,17
17222,316,Suplente,TAMARA SCHÜLER CAMPELLO,TAMARA CAMPELLO,F,09/01/1976,Válido,17
17007,550,Suplente,ANGELICA CELINA SCHLOTTFELDT,ANGELICA CIA DO TÁXI,F,21/09/1965,Válido,17
17336,5,Suplente,GELSA DA SILVA MOLINA,CHELSE MOLINA,F,20/07/1965,Válido,17
17017,210,Suplente,FABIANE KREPS FERREIRA MARTINS,FABIANE MARTINS,F,07/09/1983,Válido,17
17317,247,Suplente,REGIS ALESSANDRO ROSA DOS SANTOS,PASTOR REGIS,M,13/07/1978,Válido,17
17038,80,Suplente,MARCOS ANTONIO SANTOS DE OLIVEIRA,POETA,M,16/09/1988,Válido,17
17358,378,Suplente,FERNANDO RODRIGUES CANTES,MESTRE PELÉ,M,19/01/1969,Válido,17
17789,147,Suplente,MAURÍCIO DE OLIVEIRA ANASTÁCIO,MAURÍCIO CAMPEÃO,M,29/09/1962,Válido,17
17300,138,Suplente,FLAVIO DOUGLAS PELLICCIOLI,PROF FLAVIO PELLICCIOLI,M,11/06/1974,Válido,17
90001,48,Não eleito,MARIA ANGÉLICA QUEIROZ RODRIGUES,MARIA ANGÉLICA,F,14/04/1965,Válido,90
90111,240,Não eleito,ORLANDO VIEIRA FURTADO FILHO,PROFESSOR ORLANDO,M,10/01/1970,Válido,90
90222,146,Não eleito,RICARDO BRISTOT FRANCISCO,RICARDO BRISTOT,M,22/05/1982,Válido,90
90666,51,Não eleito,ELISÂNGELA VARGAS DOS SANTOS,PITY VARGAS,F,18/12/1978,Válido,90
90999,269,Não eleito,LUZIANE EILERT DE VASCONCELOS,LU VASCONCELOS,F,16/01/1970,Válido,90
90777,21,Não eleito,MARGARET JAUQUIN ROTTMANN,MARGOTH,F,07/11/1951,Válido,90
90190,438,Não eleito,NEREU LOPES DA ROSA,TENENTE NEREU LOPES,M,16/09/1960,Válido,90
90080,178,Não eleito,JOSÉ LUÍS CARVALHO BARRETO,ZÉ BARRETO,M,30/05/1959,Válido,90
90090,52,Não eleito,WILLIAM MARTINEZ KOSBY,PROFESSOR WILLIAM,M,03/08/1973,Válido,90
90590,258,Não eleito,ALEXANDRE DE SOUZA FERNANDES,ALÊ FERNANDES,M,22/10/1986,Válido,90
50069,124,Suplente,SONIA MARIA FERREIRA BASTOS,SÔNIA DO IN SÔNIA BAR,F,19/11/1958,Válido,50
50300,422,Suplente,MAXIMILIANO FROMMING DA ROCHA,MAXX RODOVIARIO,M,04/03/1988,Válido,50
50500,14478,Eleito,PEDRO LUIZ FAGUNDES RUAS,PEDRO RUAS,M,03/01/1956,Válido,50
50777,270,Suplente,HAMILTON GARCIA LEITE,HAMILTON LEITE,M,28/09/1968,Válido,50
50246,44,Suplente,JOSE CARLOS SILVA DE ALMEIDA,ZECA DO ARAGUAIA,M,25/10/1957,Válido,50
50505,217,Suplente,ANA PAULA SANDER FICK,ANA PAULA SANDER,F,14/11/1973,Válido,50
50001,426,Suplente,TIAGO FERMINO DOS SANTOS,MANDATO COLETIVO TIAGO SANTOS,M,13/08/1987,Válido,50
50199,74,Suplente,ERNANI GLORIO MARCHIORETTO,NANI DO TUTTI,M,28/07/1965,Válido,50
50070,65,Suplente,MARCILON ALBUQUERQUE RIOS,SILON LAVADOR,M,09/09/1974,Válido,50
50057,261,Suplente,ELIANE CARMANIM LIMA,ELIANE CARMANIM LIMA,F,09/01/1958,Válido,50
50010,158,Suplente,VILMAR FRANCISCO DA SILVA,VILMAR O GARI,M,03/07/1968,Válido,50
50050,2011,Suplente,ANDERSON NARCISO FERREIRA,NATASHA FERREIRA,F,26/04/1988,Válido,50
50005,3530,Suplente,ALEXSANDER FRAGA DA SILVA,PROF ALEX FRAGA,M,26/09/1976,Válido,50
50400,278,Suplente,VALERIA BEATRIZ MULLER ROCHA,VALÉRIA MULLER,F,31/05/1992,Válido,50
50200,1996,Suplente,LAÍS MAGBEL CAMISOLÃO BORBA,NÓS MANDATO COLETIVO LAÍS,F,16/02/1960,Válido,50
50088,230,Suplente,JOÃO HERMINIO MARQUES DE CARVALHO E SILVA,JOÃO HERMINIO,M,08/08/1988,Válido,50
50020,1634,Suplente,ALINE DE OLIVEIRA KERBER,ALINE KERBER,F,01/09/1984,Válido,50
50555,15702,Eleito,KAREN MORAIS DOS SANTOS,KAREN SANTOS,F,13/11/1988,Válido,50
50000,5105,Eleito,CARLOS ROBERTO DE SOUZA ROBAINA,ROBERTO ROBAINA,M,29/09/1967,Válido,50
50345,301,Suplente,ADRIANO RODRIGUES DA SILVA,DANO D'RUA,M,23/08/1980,Válido,50
50123,9869,Eleito,MATHEUS PEREIRA GOMES,MATHEUS GOMES,M,02/09/1991,Válido,50
50888,319,Suplente,RUDIARMIM STRANBUSKI CALDEIRA,RUDI CALDEIRA,M,17/08/1972,Válido,50
50789,93,Suplente,WILSON LUIZ SCHMITZ DE ALMEIDA,PAI WILSON DE OXALÁ,M,07/04/1979,Válido,50
50012,351,Suplente,ADRIANA MEDEIROS COLLARES,ADRIANA COLLARES,F,11/06/1969,Válido,50
50111,754,Suplente,LÚCIA HELENA DA LUZ,LUCIA HELENA DA LUZ,F,17/04/1982,Válido,50
50180,2194,Suplente,FRANCIÉLE RODRIGUES DA SILVA,FRAN RODRIGUES,F,13/05/1999,Válido,50
50550,511,Suplente,JAQUELINE DE CASTRO,JAQUE DA TINGA,F,22/07/1982,Válido,50
50007,80,Suplente,DANIEL BENDER LUDWIG,DANIEL BENDER,M,11/03/1966,Válido,50
50950,134,Suplente,RODRIGO DIAS PEREIRA,PROF RODRIGO DIAS,M,07/10/1976,Válido,50
50889,562,Suplente,CARLOS ALEXSANDRO BITENCOURT DA SILVA,CARLOS BITENCOURT,M,06/04/1982,Válido,50
14112,2143,Suplente,LUCIANO BRASILIENSE MARCANTONIO,LUCIANO MARCANTONIO,M,16/04/1973,Válido,14
14000,2183,Suplente,FILIPE RODENBUSCH TISBIEREK,FILIPE TISBIEREK,M,22/11/1975,Válido,14
14003,1205,Suplente,DEBORA RIOS GARCIA,PROFESSORA DEBORA GARCIA,F,12/04/1977,Válido,14
14500,358,Suplente,JORGE DOS SANTOS BAGESTEIRO,JORGE PIU PIU,M,12/06/1976,Válido,14
14007,121,Suplente,CLAUDIA FERNANDA LAUTERT FROES,CLAUDIA FROES,F,06/06/1964,Válido,14
14666,221,Suplente,SIMONE DIAS GULARTE,SIMONE DIAS,F,29/05/1972,Válido,14
14123,1002,Suplente,MARILIA ALVES FIDELL,MARILIA FIDELL,F,12/03/1955,Válido,14
14888,288,Suplente,DANIEL PANIZZI,DANIEL MOTORISTA DE APP,M,22/10/1977,Válido,14
14348,255,Suplente,TAIRO PEREIRA COSTA,TAIRO QG,M,27/07/1982,Válido,14
14261,58,Suplente,CINTIA NAIR OLIVEIRA JARDIM,CINTIA JARDIM,F,01/08/1975,Válido,14
14115,259,Suplente,ALLAN WILLIAM COUTO MACHADO,ALLAN MACHADO,M,27/06/1992,Válido,14
14714,927,Suplente,SILVIO ROBERTO STREIT JUNIOR,GUGU STREIT JUNIOR,M,30/01/1992,Válido,14
14200,3299,Eleito,HAMILTON SOSSMEIER,HAMILTON SOSSMEIER,M,11/08/1962,Válido,14
14222,204,Suplente,JOSE BATISTA BRERO,BATISTA BOMBOCADO,M,04/03/1959,Válido,14
14892,64,Suplente,BRUNO TELESCHKIN MENDES,BRUNO TELESCHKIN,M,08/04/1992,Válido,14
14555,2576,Suplente,RAFAEL BERNARDO DE OLIVEIRA,RAFÃO OLIVEIRA,M,18/05/1971,Válido,14
14041,273,Suplente,SANDRO ALEX MACHADO DOS SANTOS,SANDRO ALEX,M,23/12/1967,Válido,14
14321,28,Suplente,DIENARA DOS SANTOS MENENDEZ,DIENARA MENENDEZ,F,16/05/1984,Válido,14
14700,35,Suplente,FLOSCULO ANTONIO CARVALHO,ANTONIO CARVALHO,M,07/02/1947,Válido,14
14414,524,Suplente,OSCAR JAMES SEGAL,DR OSCAR,M,30/03/1961,Válido,14
14214,28,Suplente,ISABEL CRISTINA ATAIDE DE OLIVEIRA,CRISTINA OLIVEIRA,F,22/09/1965,Válido,14
14777,5205,Eleito,TANISE AMALIA PAZZIM,PSICÓLOGA TANISE SABINO,F,03/06/1980,Válido,14
14497,3440,Eleito,GIOVANE LUIZ DE LIMA JUNIOR,GIOVANE BYL,M,21/01/1989,Válido,14
14051,793,Suplente,ALEXSANDER DA CUNHA BARBOZA,ALEX BARBOZA,M,23/02/1991,Válido,14
14001,893,Suplente,LEANDRO JOSE DE ALMEIDA BENINI,PROF LEANDRO BENINI ,M,07/08/1970,Válido,14
14567,227,Suplente,LARISSA MAGNUS KLASSMANN,LARISSA MAGNUS KLASSMANN,F,13/11/1980,Válido,14
14600,643,Suplente,ELTON PINTO DE FRAGA,ELTON FRAGA,M,02/02/1959,Válido,14
14979,1589,Suplente,CIRILO JOÃO FAE,CIRILO FAE,M,01/05/1965,Válido,14
14014,1280,Suplente,SIMONE BEATRIZ SERAFIM BALSAMO,SIMONINHA MAIS COMUNIDADE,F,18/07/1966,Válido,14
14580,2884,Suplente,CINTIA REGINA FREITAS ROCKENBACH,CINTIA ROCKENBACH,F,31/07/1966,Válido,14
14999,425,Suplente,ELOI FRANCISCO PEDROSO GUIMARAES,ELOI GUIMARAES,M,17/05/1940,Válido,14
14444,674,Suplente,MARIO ANTONIO MANFRO,MARIO MANFRO,M,28/04/1953,Válido,14
14049,17,Suplente,JOSE VILSON PINTO DE TOLEDO,ZE VILSON,M,01/04/1949,Válido,14
14077,143,Suplente,RAUL MARTINS DA SILVA,RAUL DA FEIRA,M,09/12/1974,Válido,14
14085,366,Suplente,FABRICIO NEVES CORREA,FABRICIO NEVES CORREA,M,08/05/1974,Válido,14
14114,195,Suplente,LUCIANA PETERS DOS ANJOS,LUCIANA PETERS,F,08/09/1978,Válido,14
14711,38,Suplente,JOAO CARLOS DA SILVA LEONARDO,JOAO CARLOS MORDOMO,M,11/11/1955,Válido,14
14156,760,Suplente,MAURICIO CAETANO MELO DE AGUIAR,MAURICIO MELO,M,24/12/1974,Válido,14
14111,113,Suplente,SILCE ISOLETE RODRIGUES GARCIA, SILCE GARCIA,F,02/02/1966,Válido,14
14211,607,Suplente,ANDRE AZEVEDO ERVALHO,ANDRE TUIM,M,05/04/1980,Válido,14
14787,25,Suplente,FATENIZ MARIA DOS SANTOS,FATENIZ SANTOS,F,22/11/1949,Válido,14
14678,727,Suplente,ANTONIO LUIZ BRAZ,LUIZ BRAZ,M,01/12/1946,Válido,14
14072,64,Suplente,SILVANA ROCHA FALCAO,SILVANA FALCAO,F,16/04/1977,Válido,14
14199,90,Suplente,JORGE ALEXANDRE COUTO GOMES,XANDI COUTO,M,30/01/1975,Válido,14
14122,2843,Suplente,PAULO CESAR DOS SANTOS BRUM,PAULO BRUM,M,08/05/1958,Válido,14
14333,663,Suplente,ROGERIO DOS SANTOS MACHADO,ROGERINHO MACHADO,M,19/04/1975,Válido,14
14400,2312,Suplente,WAMBERT GOMES DI LORENZO,PROFESSOR WAMBERT DI LORENZO,M,27/01/1969,Válido,14
14234,1260,Suplente,JOSE CARLOS SERPA PINGO VILAR,PINGO VILAR,M,11/02/1953,Válido,14
40140,1795,Suplente,JOSÉ CLAUDIO ALVES MARTINS,CLÁUDIO MARTINS,M,22/11/1965,Válido,40
40555,113,Suplente,ALTAMIR JOSÉ BRAZEIRO,MIRO BRAZEIRO,M,06/07/1963,Válido,40
40700,284,Suplente,FABIO LUCIANO DE MELO ABREU,FABINHO DA AGOSTINHO,M,07/11/1967,Válido,40
40288,345,Suplente,CELSO DA SILVA PROCÓPIO,CELSO PROCÓPIO,M,21/09/1978,Válido,40
40800,354,Suplente,JUNIO ALBERTO FONTOURA DOS SANTOS,PRESIDENTE DA PAZ,M,09/03/1974,Válido,40
40333,128,Suplente,CRISTIAN TADEU SOUZA DE LIMA,CRIS LIMA,M,18/11/1976,Válido,40
40888,342,Suplente,FABIO GOULART,PROFESSOR E FILÓSOFO FABIO GOU,M,11/12/1987,Válido,40
40004,330,Suplente,JOSE PAULO DE OLIVEIRA BARROS,BARROS,M,08/08/1956,Válido,40
40123,344,Suplente,COPINARÉ ACOSTA,COPINARE ACOSTA,M,05/01/1948,Válido,40
40407,117,Suplente,MARIA REGINA DE MORAES CASTANHO,MARIA REGINA,F,24/09/1973,Válido,40
40007,58,Suplente,JÉSSICA REJANE MACHADO CARDOSO,JÉSSICA CARDOSO,F,07/10/1983,Válido,40
40321,47,Suplente,MAURO ASSIS DA SILVA RODRIGUES,MAURO BARRA,M,07/12/1960,Válido,40
40005,144,Suplente,EDUARDO PEREIRA MARQUES NETO,EDUARDO CABELLO,M,10/09/1971,Válido,40
40999,175,Suplente,CLAYTON GREGIS MOCH,PROF CLAYTON,M,18/05/1977,Válido,40
40456,247,Suplente,LUCIO RENATO DE FRAGA BRUSCH,PROFESSOR LÚCIO BRUSCH,M,20/03/1955,Válido,40
40122,306,Suplente,RODRIGO NUNES ZANINI,RODRIGO ZANINI,M,31/12/1976,Válido,40
40244,493,Suplente,CLEBER MORAES DA SILVA,CLEBER MORAES,M,27/01/1985,Válido,40
40202,310,Suplente,RENATO DE OLIVEIRA,RENATO DE OLIVEIRA,M,08/01/1954,Válido,40
40401,35,Suplente,MOISES HERMETO AMBIEDA DORNELLES,PROF MOISES,M,12/09/1964,Válido,40
40940,42,Suplente,RITA CASSIANE RODRIGUES BARROS HOFFMANN,CHEF RITA RODRIGUES,F,03/03/1976,Válido,40
40043,332,Suplente,FLÁVIO VALENTE DE OLIVEIRA,FLÁVIO VALENTE,M,03/05/1964,Válido,40
40540,3684,Eleito,AIRTO JOAO FERRONATO,FERRONATO,M,03/09/1952,Válido,40
40770,313,Suplente,LIVIA TEIXEIRA DA SILVA,LÍVIA TEIXEIRA,F,20/03/1990,Válido,40
40840,37,Suplente,DEBORALIS SILVA DE OLIVEIRA MOLINO,DEBORALIS MOLINO,F,10/07/1965,Válido,40
40222,144,Suplente,MILENA CRISTINA SILVA FRAGA,MILENA FRAGA,F,20/04/2000,Válido,40
40440,87,Suplente,JOSE LUIS RODRIGUES DA SILVA,LUIS POALL,M,20/08/1992,Válido,40
40150,135,Suplente,IRIS RAQUEL SCHONEWALD PEREIRA,PRA RAQUEL PEREIRA,F,15/11/1975,Válido,40
40111,788,Suplente,ANTÔNIO ELISANDRO DE OLIVEIRA,ANTÔNIO ELISANDRO DE OLIVEIRA,M,13/05/1978,Válido,40
40777,106,Suplente,IZA TEREZINHA FERREIRA DA SILVA,IZAMEL FERREIRA,F,27/08/1980,Válido,40
40500,46,Suplente,NARA REJANE SCHMITT PAHIM,NARA PAHIM,F,16/05/1965,Válido,40
40740,129,Suplente,TADEU DE FREITAS PARAGUASSU,TADEU PARAGUASSU,M,06/12/1966,Válido,40
40040,500,Suplente,JOSE PAULO GIACOMONI,PROF ZECA GIACOMONI,M,22/03/1952,Válido,40
40775,20,Suplente,MARA LUCIA DA SILVA ESCOBAR,MARA ESCOBAR,F,19/04/1968,Válido,40
40000,2971,Suplente,PAULO SÉRGIO ALVES DOS SANTOS,PAULINHO MOTORISTA,M,08/10/1963,Válido,40
40400,87,Suplente,RODRIGO MACIEL DA SILVA,RODRIGO MACIEL,M,06/09/1981,Válido,40
40080,155,Suplente,FLORENCE RIBEIRO DIAS,FLORENCE RIBEIRO,F,29/11/1988,Válido,40
40627,75,Suplente,EDUARDO CESAR DA SILVA GASS,EDUARDO CESAR GASS,M,01/03/1960,Válido,40
40444,3262,Suplente,ENIO ROBERTO KAUFMANN,PROFESSOR ENIO KAUFMANN,M,04/02/1948,Válido,40
40377,522,Suplente,MAGLIANE BREVES BACEDONI BRASIL LOCATELLI,MAGLI,F,09/08/1983,Válido,40
40240,309,Suplente,MARCO AURELIO MACHADO DA ROSA,MARCO DA ROSA,M,06/05/1956,Válido,40
16123,157,Não eleito,NIKAYA MARTINS VIDOR MOURA,NIKAYA VIDOR,F,27/07/1995,Válido,16
16161,69,Não eleito,JOÃO AUGUSTO DE MORAES GOMES,JOÃO AUGUSTO,M,24/06/1969,Válido,16
43113,37,Não eleito,JORGE DOMINGOS DA SILVA,JORGE DO TAXI,M,17/08/1957,Válido,43
43777,154,Não eleito,JOSÉ CESLAVO SANTOS BARTOCHAK,CESLAVO BARTOCHAK,M,15/03/1967,Válido,43
43333,790,Não eleito,ANA FLÁVIA DA SILVA CASTRO,ANINHA CASTRO DA COMUNIDADE,F,25/02/1979,Válido,43
43043,85,Não eleito,HENRIQUE JERONIMO ARUSIEWICZ,HENRIQUE POLACO,M,31/01/1955,Válido,43
43888,89,Não eleito,INDÁIA TERESINHA FRAGA,DÁIA FRAGA,F,20/11/1963,Válido,43
43303,53,Não eleito,GISELE DE CASSIA FLECK,GISELE FLECK,F,10/07/1963,Válido,43
43233,77,Não eleito,JUSCELINO VIEIRA MARQUES,JUSCELINO MARQUES,M,15/01/1957,Válido,43
43999,283,Não eleito,GILDO CABRAL LEMOS,GILDO LEMOS,M,21/10/1979,Válido,43
43190,232,Não eleito,LAURO BARRETO DOS SANTOS,TENENTE LAURO SANTOS,M,28/08/1962,Válido,43
43110,105,Não eleito,MARILIA DE OLIVEIRA BARRETO,MARILIA BARRETO,F,28/04/1963,Válido,43
43500,86,Não eleito,MARCIO SOUZA DA SILVA,MARCIO SOUZA,M,30/11/1969,Válido,43
43100,187,Não eleito,MARLISE MARIA BIRCK,MARLISE BIRCK,F,12/07/1976,Válido,43
43016,196,Não eleito,JORGE LUIZ VIEIRA FOQUES,JORGE FOQUES,M,16/04/1964,Válido,43
43666,211,Não eleito,JOSÉ DONATO FONTES OLIVEIRA JUNIOR,DONATO OLIVEIRA,M,26/05/1981,Válido,43
43077,40,Não eleito,JERÔNIMO DA SILVA BENCK,JEJE BENCK,M,06/04/1963,Válido,43
51102,10,Não eleito,MARILENE GAULE JORGE,MARILENE GAULE,F,23/03/1960,Válido,51
51282,1055,Não eleito,JOÃO PAULO TOGNI CHAVES,PEPÍ,M,24/06/1982,Válido,51
51151,329,Não eleito,PEDRO MENDES DA SILVA FILHO,PEDRINHO,M,20/08/1948,Válido,51
51777,136,Não eleito,ARXIBAUER RODRIGUES MONCORVO,AXI MONCORVO,M,22/07/1968,Válido,51
51197,33,Não eleito,REJANE MARIA CAMPOS DE OLIVEIRA,REJANE,F,20/11/1961,Válido,51
51133,312,Não eleito,JORGE IZAR COSTA FONTELA,CAPITÃO FONTELA,M,22/04/1968,Válido,51
51054,190,Não eleito,HUMBERTO OLIVIO LICONTI MACHADO,HUMBERTO MACHADO,M,10/01/1966,Válido,51
51111,176,Não eleito,IONARA BACHI,IONARA BACHI,F,21/02/1979,Válido,51
51190,1568,Não eleito,WAGNER TAVARES,WAGNER TAVARES,M,22/11/1978,Válido,51
51345,207,Não eleito,MARIA JOSÉ SILVA DA SILVA,MARIA DO BAIRRO ,F,16/07/1967,Válido,51
51555,867,Não eleito,RAFAEL SILVA DE BARCELLOS,RAFAEL BARCELLOS,M,30/01/1987,Válido,51
51909,161,Não eleito,ALLAN CHEMALE YURGEL,DR. ALLAN YURGEL,M,26/09/1973,Válido,51
51511,1374,Não eleito,GUILHERME THOMÉ KREUTZ,DR GUILHERME KREUTZ,M,25/05/1970,Válido,51
51100,65,Não eleito,FÁBIO MEDEIROS GODOY,DR FÁBIO GODOY,M,06/08/1976,Válido,51
51351,14,Não eleito,TIAGO TEIXEIRA ESPINDOLA,DJ TIAGO ESPINDOLA,M,07/02/1987,Válido,51
51222,129,Não eleito,ADECIR BERLE,ADECIR BERLE,M,24/04/1972,Válido,51
51493,49,Não eleito,HÉLIO CUSTÓDIO COSTA DA SILVA,HÉLIO CARRERO,M,08/12/1946,Válido,51
51888,331,Não eleito,LEANDRO GONÇALVES VIEIRA,SARGENTO LEANDRO,M,05/05/1971,Válido,51
51000,304,Não eleito,FRANCISCO DE ASSIS BERNARDES FRAGA,DJ CHIQUINHO,M,25/05/1976,Válido,51
51999,142,Não eleito,RAFAEL EDUARDO BREDA DE BEM VEIGA,RAFAEL BREDA,M,13/06/1977,Válido,51
51668,168,Não eleito,PAULO HENRIQUE RODRIGUES,PAULO HENRIQUE - PAULINHO,M,06/04/1968,Válido,51
51051,381,Não eleito,PAULA SILVA DOS SANTOS,PAULA SANTOS,F,11/03/1990,Válido,51
51333,24,Não eleito,SOLANGE KERKHOFF,SOLANGE DA SAÚDE,F,08/07/1964,Válido,51
51234,312,Não eleito,NICOLLE CONCI PITROSKY,NICOLLE PITROSKY,F,16/08/1991,Válido,51
51787,49,Não eleito,IARA BERENICE DA SILVA GONÇALVES,MÃE IARA,F,12/03/1961,Válido,51
51013,27,Não eleito,NICHELLEN DA SILVA,NICHELLEN,F,13/06/1981,Válido,51
13007,5611,Eleito,LEONEL GUTERRES RADDE,LEONEL RADDE,M,08/01/1981,Válido,13
13635,56,Suplente,ALBERTO MIRANDA DA SILVA,ALBERTO MIRANDA,M,23/01/1947,Válido,13
13141,112,Suplente,ELAINE CRISTINA KOVALSKI,ELAINE KOVALSKI,F,10/01/1960,Válido,13
13555,220,Suplente,VAGNER DE SOUZA FAGUNDES,VAGNER H,M,29/07/1981,Válido,13
13000,2272,Suplente,EVERTON DE MORAIS GIMENIS,EVERTON GIMENIS,M,09/04/1967,Válido,13
13065,221,Suplente,EVERTON BORNHOLDT FALCAO,TON FALCÃO,M,13/09/1985,Válido,13
13888,1198,Suplente,VALMIR FERREIRA MARTINS,BABA DIBA DE IYEMONJA,M,24/12/1963,Válido,13
13100,408,Suplente,HOSANA MARIA FONSECA PICCARDI,HOSANA PICCARDI,F,05/10/1980,Válido,13
13051,1290,Suplente,PAULO ADALBERTO ALVES FERREIRA,PAULO FERREIRA,M,04/02/1959,Válido,13
13133,639,Suplente,ANA PAULA MEIRA DA ROCHA,POLACA ROCHA,F,30/01/1966,Válido,13
13413,433,Suplente,PALMIRA MARQUES DA FONTOURA,PALMIRA FONTOURA,F,24/05/1953,Válido,13
13008,25,Suplente,VANETE FARIAS LOPES,VANETE FARIAS LOPES,F,23/02/1952,Válido,13
13666,118,Suplente,MARCO AURÉLIO SANTANA ARRUEE,MARCO ARRUEE SALGADINHO,M,10/10/1963,Válido,13
13347,176,Suplente,JAIRO MENEGAZ,JAIRO MENEGAZ,M,04/10/1954,Válido,13
13774,68,Suplente,NEI JUAREZ ALFONSO COLOMBO,PADRE NEI COLOMBO,M,10/04/1977,Válido,13
13470,2192,Suplente,ANA CRISTINA MEDEIROS DE LIMA,CRIS MEDEIROS,F,20/09/1970,Válido,13
13013,3419,Suplente,CARLOS ROBERTO COMASSETTO,ENGENHEIRO COMASSETTO,M,18/09/1958,Válido,13
13494,644,Suplente,MANOEL ROCHA DA ROSA,MANOEL ROCHA,M,30/11/1956,Válido,13
13321,282,Suplente,SADY JACQUES,SADY JACQUES,M,15/07/1963,Válido,13
13789,143,Suplente,NELTON VANTUIR SCHMIDT,NELTON SCHMIDT,M,04/01/1957,Válido,13
13113,5133,Eleito,JONAS TARCISIO REIS,JONAS REIS,M,27/11/1987,Válido,13
13031,38,Suplente,EDUARDO KOEHLER BEHNCK,DUDU DO PT,M,25/02/1981,Válido,13
13193,216,Suplente,CARLA RIBEIRO,CARLA RIBEIRO,F,06/07/1969,Válido,13
13913,880,Suplente,ANY CARMEM DE AVILA MORAES,ANY MORAES,F,19/08/1986,Válido,13
13601,2344,Suplente,ADELI SELL,ADELI SELL,M,21/06/1953,Válido,13
13123,3770,Suplente,MARCELO SGARBOSSA,MARCELO SGARBOSSA,M,01/04/1975,Válido,13
13962,39,Suplente,MARÇAL PEREIRA RODRIGUES,MARSAL RODRIGUES ARTISTA,M,02/05/1962,Válido,13
13590,132,Suplente,LIGIA ARACY D'ELIA,LIGIA D'ELIA,F,14/05/1963,Válido,13
13500,327,Suplente,JOSE PEDRO SILVA DA LUZ,PEDRO DA LUZ,M,24/01/1959,Válido,13
13333,70,Suplente,PAULO FERNANDES TEIXEIRA,PAULO TEIXEIRA,M,11/12/1948,Válido,13
13655,677,Suplente,JULIO CESAR RIEMENSCHNEIDER DE QUADROS,JULIO QUADROS,M,03/06/1964,Válido,13
13477,4008,Suplente,REGINETE SOUZA BISPO,REGINETE BISPO,F,23/01/1963,Válido,13
13778,352,Suplente,MARIA LUIZA RODRIGUES VIANA,MALU VIANA,F,02/05/1974,Válido,13
13580,4612,Eleito,ALDACIR JOSE OLIBONI,ALDACIR OLIBONI,M,30/10/1956,Válido,13
13680,883,Suplente,MARISTELA MAFFEI,MARISTELA MAFFEI,F,18/12/1961,Válido,13
13020,451,Suplente,MIRGON HELMUTH KAYSER JUNIOR,MIRGON,M,31/01/1983,Válido,13
13456,718,Suplente,LIDIONEI DA ROSA SANTOS,LIDIO SANTOS,M,08/03/1979,Válido,13
13777,222,Suplente,ALBERTO DOS SANTOS FAGUNDES,BETO FAGUNDES,M,21/06/1981,Válido,13
13131,468,Suplente,OTTMAR TESKE,PROFESSOR OTTMAR TESKE,M,25/01/1967,Válido,13
13713,274,Suplente,VERA BEATRIZ SOARES,IYA VERA SOARES,F,13/08/1947,Válido,13
13060,908,Suplente,ALBERTO MOURA TERRES,ALBERTO TERRES,M,09/09/1960,Válido,13
13300,5390,Eleito,LAURA SOARES SITO SILVEIRA,LAURA SITO,F,29/11/1991,Válido,13
13030,220,Suplente,RAFAEL BRUM FERRETTI,RAFA FERRETTI,M,14/03/1971,Válido,13
13058,107,Suplente,EVERTON SCARTEZZINI ABEG,EVERTON SCARTEZZINI ABEG,M,03/02/1984,Válido,13
13001,1132,Suplente,BERNARDO LUCERO DE CARLI,PROFESSOR BERNARDO,M,16/02/1989,Válido,13
13400,767,Suplente,PEDRO LEONARDO DA LUZ LOSS,PEDRO LOSS,M,08/04/1974,Válido,13
45945,80,Suplente,NILSA TEREZINHA CAPIEM DE FIGUEIREDO,NILSA DE FIGUEIREDO,F,20/12/1959,Válido,45
45145,161,Suplente,FABIANA LAFORTUNA MACEDO,FABIANA LAFORTUNA,F,28/02/1977,Válido,45
45017,757,Suplente,POLÍBIO FIGUEIREDO BRAGA,POLÍBIO BRAGA,M,09/11/1971,Válido,45
45613,146,Suplente,ANTONIO CARLOS DUTRA,DUTRA,M,13/06/1951,Válido,45
45545,21,Suplente,CARLOS ADÃO DA ROSA SILVA,CARLOS ROSA,M,04/03/1958,Válido,45
45455,717,Suplente,LUCAS SALOMÓN DA SILVA FUHR,LUCAS FUHR,M,15/09/1990,Válido,45
45111,1072,Suplente,MATHEUS DA LUZ XAVIER,MATHEUS XAVIER,M,07/04/1992,Válido,45
45786,517,Suplente,CANAAN DA ROCHA FARIAS,CANAAN FARIAS,F,30/12/1987,Válido,45
45555,435,Suplente,AMANCIO DOS SANTOS FERREIRA,PASTOR AMANCIO FERREIRA,M,19/02/1945,Válido,45
45456,391,Suplente,ANDREA DA COSTA CAMPOS,ANDRÉA CAMPOS,F,06/05/1970,Válido,45
45600,303,Suplente,JOSÉ GILBERTO MACHADO,BETO BOCA,M,18/02/1972,Válido,45
45024,108,Suplente,GERVASIO DE PAULA GONÇALVES,GÊ DO POA VINTE E QUATRO HORAS,M,24/06/1965,Válido,45
45245,79,Suplente,IZOLDA DE MATOS GIRAUDO,IZOLDA DODA,F,06/02/1955,Válido,45
45055,613,Suplente,JONAS LIMA DA SILVA,JONAS DIGAÔ,M,23/03/1987,Válido,45
45678,4471,Eleito,RAMIRO STALLBAUM ROSARIO,RAMIRO ROSÁRIO,M,25/04/1986,Válido,45
45911,309,Suplente,LAIRA TERESINHA CORREA SEUS,LAIRA SEUS,F,09/11/1965,Válido,45
45000,2366,Suplente,HELEN DOS SANTOS MACHADO CALLEYA,HELEN MACHADO,F,20/01/1975,Válido,45
45762,244,Suplente,ANA MARIA DE ABREU TOPPOR,INSPETORA ANA TOPPOR,F,14/01/1963,Válido,45
45845,421,Suplente,PAULO DE TARSO GASPAR PINHEIRO MACHADO,PAULODE TARSO PINHEIRO MACHADO,M,02/08/1956,Válido,45
45333,5101,Eleito,CARLOS HENRIQUE BASTOS D'AVILA,KAKA D'ÁVILA,M,11/02/1982,Válido,45
45700,264,Suplente,JORGE DA COSTA CORRÊA,JORGE CORRÊA MEIO KILO,M,06/09/1962,Válido,45
45611,2224,Suplente,RICARDO SANTOS DA SILVA,PAI RICARDO DA OXUM,M,11/09/1980,Válido,45
45612,655,Suplente,ROTECHILD DOS SANTOS PRESTES,ROTH DA ACESSIBILIDADE,M,06/12/1964,Válido,45
45100,1393,Suplente,CLAUDIO RENATO COSTA FRANZEN,PROFESSOR CLÁUDIO FRANZEN,M,30/07/1969,Válido,45
45200,346,Suplente,CLODIMAR DIAS FERNANDES,CLODI DIAS,M,01/03/1979,Válido,45
45191,49,Suplente,LISIANE CRUZ DA SILVA,LISE SILVA,F,09/01/1980,Válido,45
45077,1729,Suplente,LUIZ FABIANO DE SOUZA,UH FABIANO,M,18/03/1975,Válido,45
45645,152,Suplente,ANDRÉ ARRUDA GREGOSKI,PROFESSOR ANDRÉ,M,09/09/1985,Válido,45
45123,535,Suplente,MARIA DE LOURDES DALLACORT ZAMPIERON,LOURDES DALLACORT,F,08/05/1960,Válido,45
45225,643,Suplente,LUCIANO MARQUES DA ROSA,LUCIANO ROSA,M,04/09/1971,Válido,45
45666,187,Suplente,GLADIS ELIANE KLEIN SILVA DE SOUZA,GLADIS KLEIN,F,12/06/1966,Válido,45
45888,102,Suplente,PAULO RICARDO MACHADO DE MELLO JUNIOR,PAULINHO UNISAMBA,M,13/03/1983,Válido,45
45999,649,Suplente,MIRIAM DE OLIVEIRA DORNELLES,MIRIAM ECONOMISTA,F,23/12/1989,Válido,45
45451,769,Suplente,DANIEL SILVA DOS SANTOS,DANI BOEIRA,M,14/07/1981,Válido,45
45745,3404,Eleito,GILSOMAR DA SILVA,GILSON PADEIRO,M,15/12/1966,Válido,45
45800,847,Suplente,TATIANE PIRES BERNARDES,ENFERMEIRA TATIANE BERNARDES,F,30/08/1977,Válido,45
45007,618,Suplente,PAULO ROBERTO DORNELLES BORGES,PAULO BORGES O HOMEM DO TEMPO,M,28/02/1965,Válido,45
45454,253,Suplente,ANDRÉ LUIZ ESTRELA,PROFESSOR ESTRELA,M,09/01/1969,Válido,45
45022,108,Suplente,NYCOLLAS THEODORO NITIBAILOFF DA SILVA,NYCOLLAS NITIBAILOFF,M,10/02/1998,Válido,45
45118,1014,Suplente,ALDOIR MACHADO BORGES,ALDO BORGES,M,14/08/1967,Válido,45
45457,166,Suplente,AIRTON LUIZ PEREIRA DE PEREIRA,CHICO DO IPÊ,M,13/03/1963,Válido,45
45045,1281,Suplente,HENRY CICILIANI COSTA VENTURA,HENRY VENTURA,M,17/11/1987,Válido,45
45445,423,Suplente,VINICIUS DAMBROZ ESCOBAR,VINÍCIUS ESCOBAR,M,05/11/1986,Válido,45
45789,108,Suplente,PAULO CÉSAR MACHADO DE SOUZA,PAULO MACHADO PC,M,25/08/1965,Válido,45
45500,740,Suplente,JOSÉ ALFREDO PEZZI PARODE,PARODE,M,24/11/1953,Válido,45
45878,81,Suplente,CRISTIANE PACHECO DA SILVA,CRISTIANE PACHECO,F,26/09/1981,Válido,45
45010,113,Suplente,VENDELINO GNEWUCH,VENDELINO,M,14/04/1949,Válido,45
45170,2769,Suplente,MARCELO RODRIGO BERNARDI,CONSELHEIRO MARCELO BERNARDI,M,27/09/1975,Válido,45
45788,604,Suplente,ANTONIO CARLOS LIMA,TONY LIMA,M,09/06/1955,Válido,45
45444,795,Suplente,NEIVA CONCEICAO DIAS CHAVES,NEIVA CHAVES,F,15/11/1972,Válido,45
45345,342,Suplente,JANIO MEDEIROS JUNIOR,JANIO MEDEIROS JR,M,12/10/1980,Válido,45
45777,327,Suplente,FERNANDA MACHADO INÁCIO,FERNANDA MACHADO,F,11/09/1984,Válido,45
45222,74,Suplente,MARCIO DAL BELLO DE MENEZES,MARCIO MENEZES,M,16/09/1972,Válido,45
45900,4703,Eleito,MOISÉS DA SILVA BARBOZA,MOISÉS BARBOZA MALUCO DO BEM,M,02/09/1978,Válido,45
19777,199,Não eleito,LINO ABEL NUNES,LINO ABEL,M,03/07/1969,Válido,19
19700,63,Não eleito,SONIA MARIA SENISE MARTINS,SONIA MARTINS,F,24/02/1950,Válido,19
19797,96,Não eleito,NILZA SALLES,NILZA SALLES,F,17/01/1960,Válido,19
77024,61,Suplente,JOSÉ RENATO SEVERO TAMARA,RENATA TAMARA,M,04/11/1963,Válido,77
77914,170,Suplente,ANTÔNIO CARLOS ROSS DE ABREU,TONINHO DO TÁXI,M,10/01/1955,Válido,77
77000,62,Suplente,ADRIANA PRADO DA ROCHA,ADRIANA,F,31/05/1979,Válido,77
77877,350,Suplente,MARCELO LUIS VELHO CLARA,MARCELO LIRA,M,01/11/1972,Válido,77
77818,3,Suplente,PAULO RENATO ADLER DA SILVA,PAULINHO DO VELUDO ,M,08/05/1976,Válido,77
77113,80,Suplente,JOELMA ORTIZ PEREIRA,JOELMA ORTIZ,F,12/03/1970,Válido,77
77077,2394,Eleito,CLAUDIO RENATO GUIMARÃES DA SILVA,CLAUDIO JANTA,M,31/03/1966,Válido,77
77211,59,Suplente,ERICSSON MACHADO,ERICSSON MACHADO,M,14/08/1977,Válido,77
77222,89,Suplente,ELIZANDRA MARIA SILVA DA SILVEIRA,ELIZ COBRADORA,F,08/06/1975,Válido,77
77577,379,Suplente,SEZEFREDO DA SILVA CORDEIRO,PROF TOCO CORDEIRO,M,08/09/1975,Válido,77
77777,228,Suplente,LUIS ROBERTO SANTOS NOLASCO,BETO CADEIRANTE,M,22/05/1971,Válido,77
77999,115,Suplente,JOSÉ VIRGINIO FILHO,ZÉ VIRGINIO,M,18/04/1950,Válido,77
77456,255,Suplente,JOÃO ISMAEL FAGUNDES VIEIRA,ISMAEL VIEIRA-PATÃO,M,16/08/1956,Válido,77
77700,315,Suplente,SERGIO ROBERTO DE ALMEIDA,SERGINHO DA PRAIANA,M,09/01/1953,Válido,77
77333,148,Suplente,ELIESER BLEY MARQUES BARALDO,ELIESER BARALDO DO SARANDI,M,14/02/1966,Válido,77
77002,718,Suplente,MARIA BERNADETE SENNA FAGUNDES,BERNADETE SENNA,F,04/05/1966,Válido,77
77029,801,Suplente,PEDRO SERGIO CORREA DA SILVA,PEDRINHO DA TINGA,M,22/09/1971,Válido,77
77027,122,Suplente,JOÃO DIOGENES BLASCKESI MEIRA,DIOGENES MEIRA,M,23/02/1961,Válido,77
77555,223,Suplente,EDUARDO FAGUNDES BECKER,JIBÓIA,M,23/07/1981,Válido,77
77433,88,Suplente,IGOR FELIPE LESSA SALDANHA,IGOR SALDANHA,M,08/01/1990,Válido,77
77100,749,Suplente,EDSON STROGULSKI,EDSON CT,M,20/02/1976,Válido,77
77666,130,Suplente,CRISTIANE DA SILVA HORBACH,CRIS DIVAS'S,F,28/03/1977,Válido,77
77717,62,Suplente,LÚCIO LUÍS DE BARROS DEMÉTRIO,LÚCIO BARROS,M,17/09/1978,Válido,77
77622,209,Suplente,MARIA ANGELICA AZEVEDO PINHEIRO,ANGELICA DO POSTINHO,F,13/09/1975,Válido,77
77231,203,Suplente,ANDREA DA MATTA RODRIGUES,ANDREA DA MATTA,F,31/05/1976,Válido,77
77567,1161,Suplente,ANTONIO CARLOS SOUZA DE LIMA,DINGO,M,29/03/1982,Válido,77
77001,452,Suplente,MARCIO DE MATOS BARCELOS,MARCIO BARCELOS,M,19/09/1978,Válido,77
77377,193,Suplente,CRISTIAN SOARES E SILVA,CRISTIAN STUART,M,28/06/1977,Válido,77
77412,33,Suplente,FERNANDO CARLOS DE OLIVEIRA,FERNANDO OLIVEIRA,M,23/09/1956,Válido,77
77477,149,Suplente,ALESSANDRA KATIANE ALVES MEIRA MELLO,ALESSANDRA MEIRA,F,01/09/1994,Válido,77
77261,139,Suplente,JOÃO CARLOS COSTA DOS SANTOS,JOÃO CARLOS,M,26/01/1956,Válido,77
77610,14,Suplente,GENECI NUNES DE MELLO,GENECI MELLO,F,10/06/1971,Válido,77
77023,207,Suplente,BRUNA PAMELA DA SILVA SILVA,BRUNA PAMELA,F,03/05/1986,Válido,77
77411,264,Suplente,ELIANE DE SOUZA DUTRA,NANI DUTRA,F,17/08/1973,Válido,77
77721,751,Suplente,ALEX SANDRO NUNES DA ROSA,ALEX BUYU,M,24/10/1983,Válido,77
77044,66,Suplente,GRACIOLINA SOARES PEREIRA,GRAÇA DA RESTINGA,F,18/09/1963,Válido,77
77621,130,Suplente,FABIANA APARECIDA CHARÃO BELLOS,FABI BELLOS,F,16/09/1976,Válido,77
77123,841,Suplente,EVALDIR SANTOS RAMALHO,RAMALHO,M,11/05/1962,Válido,77
77357,260,Suplente,ERNANE GOULART DA SILVEIRA,ERNANE SILVEIRA,M,10/09/1956,Válido,77
77909,226,Suplente,ANA PAULA LACERDA,ANA LACERDA,F,12/02/1969,Válido,77
77282,106,Suplente,CRISTIAN JOSE DE LIMA GALVÃO,CRISTIAN CRIS LIMA,M,28/02/1994,Válido,77
77007,328,Suplente,GEOVANE RODRIGUES,GEOVANE RODRIGUES,M,08/09/1970,Válido,77
77277,238,Suplente,ALIX GEORGES,ALIX,M,24/12/1981,Válido,77
77765,424,Suplente,PAULO RICARDO DA SILVA SCHUSTER,SÃO,M,25/08/1975,Válido,77
77896,272,Suplente,JOÃO BATISTA RODRIGUES REIS,JOÃOZINHO DA VILA NOVA,M,14/06/1976,Válido,77
77775,345,Suplente,JEAN PIERRE DE SOUZA PEREIRA,JEAN PIERRE,M,17/08/1984,Válido,77
77111,1240,Suplente,LISANDRO ZWIERNIK,LISANDRO,M,22/09/1974,Válido,77
77888,933,Suplente,SANDRO MARCELO BESSON,SANDRO BESSON,M,29/07/1971,Válido,77
77977,241,Suplente,DIVINA MARIA PACHECO,DIVINA DIVA DA RESTINGA,F,08/01/1966,Válido,77
77317,140,Suplente,JORGE ALBERTO MACCHI,JORGE MACCHI CABELEIREIRO,M,07/12/1953,Válido,77
77070,98,Suplente,MICHELLE OLIVEIRA CONCEIÇÃO,MICHELLE PRETTA TCHÊ,F,17/11/1985,Válido,77
77177,742,Suplente,MARCELO FELIPE DOS SANTOS CORREA,NINJA MOTOBOY,M,18/04/1973,Válido,77
10030,538,Suplente,LIZETE CRISTINA CENCI,LIZA CENCI,F,28/12/1973,Válido,10
10321,1131,Suplente,DEINER SALOMÉ GOULART,DR DEINER SALOMÉ GOULART,M,08/11/1971,Válido,10
10400,408,Suplente,DIEGO SILVA DA SILVA,DIEGO SILVA,M,12/02/1991,Válido,10
10800,831,Suplente,TAMI TEIXEIRA ASO,TAMI ASO,F,19/04/1978,Válido,10
10008,434,Suplente,PAULO GIOVANI VIJAL DA SILVA,PAULINHO DO HARMONIA,M,07/06/1975,Válido,10
10677,114,Suplente,MARCIO BAPTISTA MOREIRA,MARCIO BAPTISTA,M,16/01/1985,Válido,10
10010,942,Suplente,JOÃO PAULO DE ANDRADE CUNHA,PAPAULO,M,02/05/1980,Válido,10
10910,213,Suplente,LUIZ CARLOS PASA BARROSO,DR LUIZ BARROSO,M,30/05/1955,Válido,10
10080,237,Suplente,LICIANE HAMPE FIALHO,LICIANE FIALHO,F,01/11/1957,Válido,10
10999,9,Suplente,GISELLE GUIMARÃES HUBBE,GISELLE HUBBE,F,14/09/1989,Válido,10
10209,253,Suplente,MARCIA DA COSTA BARBOZA,MARCIA BARBOZA,F,15/09/1969,Válido,10
10150,298,Suplente,ROBERTO RIVELINO FONTELA DA SILVA,RIVA,M,28/06/1978,Válido,10
10007,757,Suplente,JEFFERSON GERMANN DE MATTOS,JEFFERSON MATTOS DA LOMBA,M,13/08/1973,Válido,10
10337,71,Suplente,JANETE POITEVIN GARCIA DA ROCHA,JANETE GARCIA,F,05/09/1962,Válido,10
10789,473,Suplente,ARTUR WAGNER AURELIO,ARTUR GOULART,M,13/12/1978,Válido,10
10444,569,Suplente,RUDNEI ALVES PINTO,RUDNEI,M,26/06/1973,Válido,10
10113,506,Suplente,JOÃO REUS DA SILVA,JOÃO CHAVEIRO,M,18/09/1970,Válido,10
10123,338,Suplente,CLAUDIO LEANDRO DA SILVA,LEANDRO DA KOMBI,M,16/06/1971,Válido,10
10717,449,Suplente,VILMAR FRAGA DA SILVA,VILMAR BELEZA,M,20/08/1963,Válido,10
10211,165,Suplente,BEATRIZ POGGETTI PICCOLI,BIA PICCOLI,F,29/01/1954,Válido,10
10741,26,Suplente,CRISTIANE DA SILVA CONCEIÇÃO,CRISTIANE DA SILVA CONCEIÇÃO,F,03/09/1981,Válido,10
10104,272,Suplente,CLEONICE PEREIRA MACHADO,ENFERMEIRA CLEO,F,30/09/1973,Válido,10
10190,1460,Suplente,PAULO RICARDO QUADROS REMIÃO,CORONEL QUADROS,M,14/10/1961,Válido,10
10678,361,Suplente,EDUARDO CUNHA KRAMM,DUDU KRAMM,M,16/09/1981,Válido,10
10248,549,Suplente,NEUSA VITORIA DE OLIVEIRA MARQUES,VITORIA MARQUES,F,01/09/1961,Válido,10
10110,702,Suplente,NERI GOMES FERREIRA,NERI GOMES,M,20/03/1958,Válido,10
10288,265,Suplente,ROBERTO VANDRE DOS SANTOS KRIESE,ROBERTO KRIESE,M,16/02/1970,Válido,10
10067,152,Suplente,DARI RODRIGUES DA SILVA,DARI RODRIGUES,M,08/07/1955,Válido,10
10258,101,Suplente,GUILHERME FERNANDES ROSA,GUILHERME ROMANO,M,22/10/2001,Válido,10
10124,148,Suplente,MARIA DE FÁTIMA POLITO IVANOFF,MARIA DE FÁTIMA,F,06/05/1990,Válido,10
10200,219,Suplente,JOSÉ JULIO FARIAS DA SILVA,JULINHO DO QG,M,04/01/1960,Válido,10
10210,492,Suplente,ENZO STEFANI BRETOS,ENZO BRETOS,M,14/10/1983,Válido,10
10222,908,Suplente,ROGÉRIO RODRIGUES,ROGÉRIO RODRIGUES,M,11/04/1969,Válido,10
10090,82,Suplente,PERLA NUNES JOB,PERLA JOB,F,31/12/1978,Válido,10
10100,1059,Suplente,ARMANDO MACARIO ABEL,SEU ARMANDO DA FARMÁCIA,M,28/12/1945,Válido,10
10333,285,Suplente,JORGE ALEX DE OLIVEIRA BRASIL MEZA,JORGE BRASIL,M,02/09/1982,Válido,10
10700,5929,Eleito,JOSÉ AMARO AZEVEDO DE FREITAS,JOSÉ FREITAS,M,15/01/1967,Válido,10
10300,5720,Eleito,ALVONI MEDINA NUNES,ALVONI MEDINA,M,04/05/1961,Válido,10
10600,1631,Suplente,LUCIANO VIEIRA BATISTA,LUKY VIEIRA,M,04/03/1975,Válido,10
10900,203,Suplente,JOÃO CARLOS VIEGAS DE FREITAS,JOÃO FREITAS,M,02/03/1953,Válido,10
10180,3814,Suplente,BARBARA PENNA DE MORAES SOUZA,BARBARA PENNA,F,06/03/1994,Válido,10
10888,445,Não eleito,NÁZARO PEDROZO BORGES,NÁZARO BORGES JORNAL RESTINGA,M,20/08/1955,Anulado sub judice,10
10118,573,Suplente,GILNEI ANGELO GROLLI,NEI DO BOLICHO,M,13/02/1959,Válido,10
10555,460,Suplente,RAUL TORELLY FRAGA,DR RAUL FRAGA,M,06/06/1956,Válido,10
10777,289,Suplente,VIVIANE PIRES SILVA,PROFESSORA VIVI,F,13/12/1978,Válido,10
10987,212,Suplente,CINTIA ELISABETE DOS SANTOS FERREIRA,CINTIA FERREIRA,F,28/02/1970,Válido,10
10003,629,Suplente,WILLY ADOLFO SCHNEIDER,WILLY SCHNEIDER,M,31/03/1972,Válido,10
10561,52,Suplente,ANA BEATRIZ OVIEDO OLIVEIRA,ANINHA OVIEDO,F,22/08/1969,Válido,10
10192,656,Suplente,ROSANA METRANGOLO,ENFERMEIRA METRANGOLO,F,08/08/1968,Válido,10
10500,579,Suplente,CARLOS ALBERTO TENROLLER,PROFESSOR CARLOS TENROLLER,M,16/11/1968,Válido,10
80520,336,Não eleito,WALASSE SANTOS DE SOUZA,MERONG KAMAKÃ,M,31/08/1987,Válido,80
80000,52,Não eleito,LUCIANO SCHAFER,LUCIANO SCHAFER,M,09/05/1980,Válido,80
80080,301,Não eleito,VINICIUS STONE SILVA,VINICIUS STONE,M,06/11/1992,Válido,80
80123,226,Não eleito,PRISCILA VOIGT SEVERIANO,PRISCILA VOIGT,F,19/06/1991,Válido,80
80180,290,Não eleito,NATANIELLE ALMADA TOMASI ANTUNES,NATANIELLE ALMADA,F,27/10/1992,Válido,80
