numero,votos_nominais,situacao,nome,nome_urna,sexo,data_nasc,destino_voto,numero_partido
28100,1555,Suplente,PAMELA RACHEL DOS SANTOS MEDEIROS,PAMELA MEDEIROS,F,06/03/1992,Válido,28
28880,302,Suplente,JOSENILDO LIRA PINTO,PYTA LIRA,M,31/12/1970,Válido,28
28010,2229,Suplente,ALEXANDRE AUGUSTO RAMALHO ARARUNA,DR. ALEXANDRE ARARUNA,M,20/03/1975,Válido,28
28021,28,Suplente,ANNY MICHELLY FEIIJÓ VIEIRA CORREIA,MICHELLY FEIJÓ,F,21/01/1981,Válido,28
28345,121,Suplente,NEWTON JORGE DE ALBUQUERQUE,NEWTON JORGE ,M,16/11/1963,Válido,28
28050,3,Suplente,ANDRÉIA MARIA ARAÚJO GALDINO,ANDRÉIA ARAÚJO,F,28/12/1972,Válido,28
28300,100,Suplente,LUVIO GALENO DA FRANCA CABRAL,LUVIO GALENO,M,26/11/1976,Válido,28
28444,284,Suplente,WALMIR RAMOS DOS ANJOS,WALMIR RAMOS,M,11/05/1975,Válido,28
28222,2288,Suplente,JOÃO EDUARDO MORAES DE MELO,JOÃO EDUARDO,M,22/10/1967,Válido,28
28020,43,Suplente,JOÃO NEPOMUCENO DA NÓBREGA,JOÃO DO POVÃO,M,21/12/1968,Válido,28
28000,346,Suplente,ELYCARLOS GOMES DE AGUIAR,ELYCARLOS AGUIAR,M,07/09/1978,Válido,28
28018,95,Suplente,GILVÂNIA GRACIELE DA SILVA,GILVÂNIA GRACIELE,F,18/01/1981,Válido,28
28200,18,Suplente,MARIA CRISTINA LACET FERREIRA,CRISTINA LACET,F,31/10/1972,Válido,28
28888,1277,Suplente,MARCELO ESEQUIEL CANTALICE,PROFESSOR MARCELO CANTALICE,M,10/05/1973,Válido,28
28288,164,Suplente,JOSÉ LEONARDO DA SILVA CUNHA,LEONARDO SILVA,M,29/03/1979,Válido,28
28070,261,Suplente,FRANCINALDO NASCIMENTO DA SILVA,FRANCINALDO COMUNIDADE,M,08/09/1980,Válido,28
28456,379,Suplente,JOSEMAR RODRIGUES DE FREITAS,COELHO RELOJOEIRO,M,18/05/1971,Válido,28
28030,32,Suplente,FÁBIO BARBOSA DA SILVA,FÁBIO BARBOSA,M,13/04/1973,Válido,28
28999,47,Suplente,REGINALDO RICARDO DA SILVA,REGINALDO RICARDO,M,09/10/1979,Válido,28
28001,384,Suplente,JOSÉ LEANDRO DOS SANTOS SILVA,JOSÉ LEANDRO,M,17/02/1984,Válido,28
28700,39,Suplente,GIVANILSON ROBERTO DA SILVA,GIL ROBERTO,M,09/09/1977,Válido,28
28500,2,Suplente,RITA DE CÁSSIA SANTOS BELMONT NERI,RITA DA SAÚDE,F,08/10/1976,Válido,28
28123,3864,Eleito,THIAGO NÓBREGA DE LUCENA,THIAGO LUCENA,M,23/03/1984,Válido,28
28666,8,Suplente,ANA CÉLIA MARTINS DE OLIVEIRA,ANINHA MARTINS,F,10/05/1983,Válido,28
28789,1069,Suplente,VALMIR JOSÉ DA SILVA,IRMÃO VALMIR,M,12/03/1984,Válido,28
28321,260,Suplente,MOISÉS MENEZES GEHO,MOISÉS GEHO,M,20/07/1974,Válido,28
28777,250,Suplente,JOACIL FREIRE DA SILVA JÚNIOR,JOACIL FREIRE JR,M,02/03/1990,Válido,28
28234,111,Suplente,CLEIDSON MAMEDE DA SILVA,CLEIDSON CHINA,M,16/06/1976,Válido,28
28038,132,Suplente,EDUARDO ARAÚJO SERAFIM GALDINO,EDUARDO GALDINO,M,12/11/1998,Válido,28
28028,171,Suplente,ANNA CAROLINA BRITO PEREIRA,CAROL BRITO,F,11/10/1982,Válido,28
28193,583,Suplente,ANTONIO LINS VILAR,SARGENTO VILAR,M,16/06/1965,Válido,28
28190,143,Suplente,GILVAN ALBUQUERQUE GOMES CAVALCANTI,GILVAN ALBUQUERQUE,M,08/06/1980,Válido,28
12301,473,Suplente,ROGERIO LEONARDO DOS SANTOS,ROGÉRIO GÁS,M,05/08/1981,Válido,12
12512,1237,Suplente,HOMERO DA SILVA SÁTIRO,HOMERO SÁTIRO,M,12/02/1967,Válido,12
12111,1332,Suplente,EURIPEDES LEAL DE OLIVEIRA,EURÍPEDES LEAL,M,03/07/1975,Válido,12
12888,399,Não eleito,JOÃO BATISTA SANTOS DA CUNHA,JOÃO CUNHA,M,23/06/1958,Anulado sub judice,12
12777,93,Suplente,MARIA DE FÁTIMA ANDRADE DE LIMA,JORNALISTA FÁTIMA ANDRADE,F,29/05/1955,Válido,12
12864,18,Suplente,DANIELLE RICARTE NOGUEIRA,DANIELLE RICARTE,F,03/12/1986,Válido,12
12123,2233,Eleito,JUNIO LEANDRO AZEVEDO DE MACEDO,JUNIO LEANDRO AGENTE DE SAÚDE,M,13/10/1982,Válido,12
12200,206,Suplente,JOSÉ BRUNO DE MOURO SANTOS,BRUNO ARTE E CULTURA,M,20/03/1990,Válido,12
12999,203,Suplente,EVERALDO DE ANDRADE SILVA,EVERALDO ANDRADE,M,21/01/1973,Válido,12
12644,82,Suplente,FRANCISCO BARBOSA ROCHA,BARBOSA DA PRESTAÇÃO,M,25/04/1956,Válido,12
12300,1009,Suplente,MANOEL SILVA DE ANDRADE,NILDO ANDRADE,M,15/11/1958,Válido,12
12012,170,Suplente,IGOR JUAREZ DE PONTES,IGOR CASABLANCAS,M,05/11/1990,Válido,12
12377,49,Suplente,GILVANDRO SOARES DA SILVA,GILVANDRO SILVA,M,15/07/1979,Válido,12
12369,55,Suplente,JOÃO DA PENHA DO NASCIMENTO,JOÃO DA PENHA,M,19/06/1958,Válido,12
12030,77,Suplente,MARIA EDUARDA PEREIRA DO NASCIMENTO SANTOS,EDUARDA NASCIMENTO,F,03/02/1989,Válido,12
12112,318,Suplente,MARCO ANTONIO SUASSUNA LIMA,MARCO SUASSUNA,M,01/08/1972,Válido,12
12345,670,Suplente,JANDILSON DE LIMA ARANTES,TANINHA,M,21/11/1978,Válido,12
12444,77,Suplente,MARCILANE DE BARROS GOMES,LANNE GOMES,F,20/11/1974,Válido,12
12500,1039,Suplente,FELIPE TELES COSMO,FELIPE TELES COSMO,M,25/09/1988,Válido,12
12789,507,Suplente,JOSE ERIVAN DE ALMEIDA JUNIOR,JÚNIOR PARDAL,M,05/05/1991,Válido,12
12890,114,Suplente,EDGLEY FERREIRA TORRES CUNHA,EDGLEY TORRES,M,08/06/1968,Válido,12
12000,317,Suplente,YARA DE AZEVEDO SANTOS BRITTO,PROFESSORA YARA,F,13/12/1967,Válido,12
12312,664,Suplente,ANTONIO DO NASCIMENTO ALVES,NASCIMENTO,M,10/01/1975,Válido,12
12456,907,Suplente,GILDEMAR DA ROCHA MACEDO,DEMA MACEDO,M,03/03/1969,Válido,12
12555,244,Suplente,LUCIANA SILVA DOS SANTOS,LUCIANA DO POVÃO,F,21/01/1977,Válido,12
12324,55,Suplente,FRANCISCA DA SILVA PEREIRA,ANDRÉA DO AÇAI,F,03/05/1978,Válido,12
12333,444,Suplente,EUDES FELIX BARBOSA,EUDES FELIX,M,14/08/1977,Válido,12
12221,234,Suplente,EDUARDO VELOSO CORREA DE OLIVEIRA,EDUARDO VELOSO,M,27/04/1970,Válido,12
12121,47,Suplente,JOSÉ ROMELITON DE SIQUEIRA CAVALCANTE,ROMELITON CAVALCANTE,M,24/05/1985,Válido,12
12612,27,Suplente,RISOLENE VIEIRA MAIA DE ARAÚJO,RISOLENE VIEIRA,F,27/01/1967,Válido,12
12191,51,Suplente,VALDENIZIA SOARES DOS SANTOS,NIZIA,F,19/12/1973,Válido,12
12900,4,Suplente,CHRYSLAINE JANAINA COSTA DOS SANTOS,LANE COSTA,F,19/11/1988,Válido,12
12222,728,Suplente,ALEXANDRE ITALO SILVA LEITE DE ANDRADE,ALEXANDRE ÍTALO,M,19/03/1986,Válido,12
22777,95,Suplente,ROSENILDO FREIRE DE MACEDO,NILDO DE TITA,M,08/12/1968,Válido,22
22007,40,Suplente,EDMILSON DE SÁ CORREIA,SARGENTO EDMILSON,M,03/03/1969,Válido,22
22022,253,Suplente,LUIZ CARLOS DE CARVALHO,LUIZ DA ÓTICA,M,09/05/1979,Válido,22
22444,84,Suplente,TEREZA CRISTINA DA SILVA,TEREZA CRISTINA,F,30/09/1960,Válido,22
22999,186,Suplente,ERIVALDO BARRETO COUTINHO,ERIVALDO BARRETO,M,02/10/1980,Válido,22
22333,49,Suplente,MANOEL MESSIAS FERREIRA DOS SANTOS,PALHAÇO PICOLÉ,M,04/05/1969,Válido,22
22555,27,Suplente,ANA CLAUDIA FIRMINO DE ARAÚJO,ANA CLAUDIA,F,26/09/1968,Válido,22
22222,4285,Eleito,DURVAL FERREIRA DA SILVA FILHO,DURVAL FERREIRA,M,02/07/1951,Válido,22
22322,82,Suplente,MARCO AURELIO HENRIQUE LEITE,MARCO LEITE,M,29/10/1972,Válido,22
22567,83,Suplente,MARIA MADALENA DE LIMA,MADALENA CABELEIREIRA,F,03/09/1964,Válido,22
22345,235,Suplente,MARTIM LAURINDO DA SILVA,MARTIM LAURINDO,M,21/09/1944,Válido,22
22123,4081,Suplente,MARCOS VINICIUS SALES NOBREGA,MARCOS VINÍCIUS,M,13/06/1960,Válido,22
22233,541,Suplente,EUNICE NERI DA SILVA,MORENA,F,19/01/1959,Válido,22
22013,110,Suplente,MARIA DE LOURDES VITOR DOS SANTOS,LOURDINHA,F,25/02/1961,Válido,22
22077,53,Suplente,ADEILDE TRIGUEIRO DE ARAÚJO,ADEILDE TRIGUEIRO,F,16/04/1964,Válido,22
22665,113,Suplente,RAIMUNDO BATISTA MOREIRA,FERRAZ,M,21/04/1951,Válido,22
22522,61,Suplente,ANTONIO DE ARAÚJO SANTOS,ARAÚJO PIPOQUEIRO,M,30/03/1964,Válido,22
22143,138,Suplente,PAULO SERGIO DA SILVA SANTOS,IRMÃO PAULO,M,11/11/1972,Válido,22
22300,110,Suplente,SEVERINO FERREIRA DE LIMA,RAMOS CREMOSIN,M,09/02/1980,Válido,22
22369,267,Suplente,ANTONIO FERNANDO DA SILVA LUNA,IRMÃO DA TAPIOCA,M,16/10/1964,Válido,22
22422,342,Suplente,ANDERSON DANILLO FERNANDES BRAGA,ALEMÃO DO PEIXE,M,02/10/1989,Válido,22
22888,13,Suplente,FRANCISCA EDVANIA DA SILVA MORENO,ÍNDIA,F,08/10/1982,Válido,22
22122,255,Suplente,ELZIMAR LOPES DO NASCIMENTO,ELZIMAR LOPES,F,19/10/1973,Válido,22
65155,68,Não eleito,ANGELA MARIA TARGINO SILVA,ANGELA TARGINO,F,17/09/1955,Válido,65
65123,454,Não eleito,MARCOS JOSÉ DOS SANTOS,MARCOS SANTOS,M,27/06/1950,Válido,65
65666,240,Não eleito,WATTEAU FERREIRA RODRIGUES,WATTEAU RODRIGUES,M,14/06/1962,Válido,65
65265,33,Não eleito,HERONILDO AQUINO DE MELO,HERONILDO DE GRAMAME,M,03/10/1965,Válido,65
65301,31,Não eleito,SEVERINO DO RAMO MARCELINO CHAGAS,MARCELINO,M,29/12/1961,Válido,65
65465,78,Não eleito,SEVERINO NICACIO DA SILVA NETO,NICACIO CAVALCANTI,M,18/06/1981,Válido,65
65567,13,Não eleito,LUCIANO MENDONÇA CAVALCANTI,LUCIANO MENDONÇA,M,27/07/1978,Válido,65
65121,32,Não eleito,JOAO FRANCISCO DA SILVA,JOAO DO H,M,21/08/1959,Válido,65
65000,67,Não eleito,ERNANI BANDEIRA CEZAR,ERNANI CESAR,M,12/04/1973,Válido,65
65444,89,Não eleito,MANOEL LOPES BRASILEIRO NETO,PROF BRASILEIRO,M,25/10/1960,Válido,65
65852,16,Não eleito,ANA CÁSSIA DE FREITAS FAGUNDES,ANA CASSIA,F,17/11/1982,Válido,65
65223,5,Não eleito,IARA SOARES MONTEIRO,IARA MONTEIRO,F,15/06/1979,Válido,65
65323,59,Não eleito,FRANCISCO DE ASSIS SILVA,CIDO DO VALENTINA,M,27/09/1958,Válido,65
65333,173,Não eleito,ROBERTO GOMES DO NASCIMENTO,ROBERTO GOMES,M,08/01/1969,Válido,65
65777,132,Não eleito,SAMUEL MARTINS DA SILVA,SAMUEL MARTINS,M,13/11/1968,Válido,65
65104,95,Não eleito,ALDENIS SILVA NASCIMENTO,ALDENYS SHOW,M,09/02/1968,Válido,65
65456,1169,Não eleito,GREGORIA BENARIO LINS E SILVA,GREGORIA BENÁRIO,F,13/02/1980,Válido,65
65888,118,Não eleito,FRANCISCO DE ASSIS PEREIRA,CHICO DO SINTRAM,M,02/10/1960,Válido,65
65283,42,Não eleito,JOSENILDO DE ARAÚJO SILVA,NILDO ARAÚJO,M,28/03/1975,Válido,65
65100,44,Não eleito,MARIA DAS GRAÇAS DA SILVA SANTOS,GRAÇA MARIA,F,16/10/1958,Válido,65
65663,72,Não eleito,JOSINATO GOMES PROCÓPIO,JOSINATO GOMES,M,19/08/1962,Válido,65
65116,37,Não eleito,MILTON FREIRE DE LIMA,MILTON BITOLA,M,06/03/1953,Válido,65
65122,15,Não eleito,MARLENE DIAS MATOS,MARLENE BAIANA,F,31/01/1978,Válido,65
65500,97,Não eleito,ROSIANE BARBOZA DA CRUZ,ROSIANE CRUZ,F,18/11/1976,Válido,65
65656,9,Não eleito,PAULO HENRIQUE SCABELLO GIMENES,PAULO GIMENES,M,20/01/1970,Válido,65
65069,91,Não eleito,RISONEIDE DE LIMA ROCHA,PROFESSORA RISO,F,28/10/1978,Válido,65
65111,97,Não eleito,WILSON LAURINDO DA SILVA,WILSON LAURINDO,M,23/08/1984,Válido,65
65065,27,Não eleito,RIWALMYRA MARINHO RIBEIRO,MYRA MARINHO,F,24/12/1981,Válido,65
65222,19,Não eleito,HOZANA MARIA AVELINO DE OLIVEIRA,HOZANA MARIA,F,26/04/1989,Válido,65
65999,45,Não eleito,JOSÉ ALBERTO CORREIA DE LIRA,JOSE ALBERTO,M,19/03/1970,Válido,65
65678,71,Não eleito,SILVANA MORAES DE SOUZA,PR SILVANA,F,07/12/1971,Válido,65
65555,281,Não eleito,LINDOVAL FERREIRA DA SILVA,LINDOVAL PASTOR DA SOPA,M,23/04/1964,Válido,65
65789,36,Não eleito,AILTON PASSOS COSTA,PEBINHA,M,21/03/1971,Válido,65
65113,41,Não eleito,MARCOS ANTONIO DE FIGUEIREDO CARVALHO,MARCOS FIGUEIREDO,M,04/09/1955,Válido,65
65165,117,Não eleito,RÔMULO DE VASCONCELOS PEREIRA,RÔMULO VASCONCELOS,M,02/06/1971,Válido,65
65197,38,Não eleito,JOÃO ANTÔNIO TEIXEIRA DE MOURA,JOÃO DA INTEGRAÇÃO,M,07/06/1974,Válido,65
50555,26,Não eleito,EULINA MARREIRA DA SILVA,EULINA,F,02/08/1967,Válido,50
50255,37,Não eleito,MARCONI DE ALMEIDA SILVA,MARCONI TRIPPÉ,M,22/02/1974,Válido,50
50420,52,Não eleito,GABRIEL VINICÍUS CORREIA DE BRITO BEZERRA DE MENEZES,GAVI MENEZES,M,06/01/1999,Válido,50
50999,35,Não eleito,EDSON PORTO DE MELO,CAÇA PAVA,M,19/08/1969,Válido,50
50155,73,Não eleito,IZABEL ALVES DA SILVA MACÊDO,IZABEL ALVES,F,15/02/1985,Válido,50
50000,383,Não eleito,ELVIRA EVA SILVA,VAQUINHA ELVIRA,F,16/05/1978,Válido,50
50076,68,Não eleito,ANDERSON LOPES DE OLIVEIRA SANTOS,PROFESSOR ANDERSON LOPES,M,02/01/1976,Válido,50
50133,40,Não eleito,JÚLIO CÉSAR FERREIRA DA SILVA,JÚLIO,M,03/03/1973,Válido,50
50777,37,Não eleito,ALLANA RAQUEL BERNARDINO DA CUNHA,ALLANA,F,24/03/1978,Válido,50
50050,1466,Não eleito,JONAS EPIFÂNIO DOS SANTOS NETO,ESCURINHO,M,21/05/1962,Válido,50
50200,13,Não eleito,MARIO TERTULIANO GUEDES CHIANCA,TERTULIANO,M,07/03/1968,Válido,50
50888,99,Não eleito,VLADIMIR RICARDO ALVES DANTAS,VLADIMIR DANTAS,M,10/04/1953,Válido,50
50222,84,Não eleito,GILVAN DUTRA DO NASCIMENTO,GILVAN DUTRA,M,03/09/1965,Válido,50
50123,347,Não eleito,CÍCERO EZEQUIEL FILHO,SEU CIÇO BOLADO,M,18/05/1958,Válido,50
50111,2287,Não eleito,FRANCISCO JOSÉ GARCIA FIGUEIREDO,PROFESSOR FRANCISCO,M,01/03/1965,Válido,50
50208,73,Não eleito,JEAN PIERRE DE REZENDE,JEAN BIZU,M,15/01/1978,Válido,50
50100,58,Não eleito,ADRIANA ROCHA DA COSTA,ADRIANA ROCHA,F,27/09/1973,Válido,50
50150,137,Não eleito,ORLANDO BARROS,ORLANDO COROA BOY,M,22/12/1957,Válido,50
50502,48,Não eleito,FÁBIO BEZERRA,PASTOR FÁBIO BEZERRA,M,31/07/1972,Válido,50
50333,58,Não eleito,ALDINES DIONIZIO TEIXEIRA,GALEGA DO ALTERNATIVO,F,16/05/1971,Válido,50
50044,461,Não eleito,ADJANY SIMPLICIO DE CASTRO,ADJANY SIMPLICIO,F,16/09/1977,Válido,50
50500,1353,Não eleito,TARCIO HOLANDA TEIXEIRA,TÁRCIO TEIXEIRA,M,31/10/1977,Válido,50
50355,53,Não eleito,FERNANDO MIRANDA COSTA,FERNANDO MIRANDA,M,13/03/1973,Válido,50
20888,135,Não eleito,MELQUIZEDEQUE TAHAN LOPES DE SOUZA BARROS,MELQUIZEDEQUE ISRAEL,M,18/04/1990,Válido,20
20120,74,Não eleito,MARCIA DIONE LEITE FÉLIX,MARCIA LEITE,F,05/01/1967,Válido,20
20333,121,Não eleito,AFRA DE PAIVA E SILVA SOARES,AFRA SOARES,F,21/03/1952,Válido,20
20020,144,Não eleito,JOSÉ WILKERSON SILVA BASTOS,WILKERSON BASTOS,M,21/04/1993,Válido,20
20123,106,Não eleito,ADAILTON IZIDRO SANTOS DA SILVA,ADAILTON IRMÃO DOS PNEUS,M,15/12/1972,Válido,20
20234,185,Não eleito,LUIZ DE OLIVEIRA SANTIAGO,LUIZINHO DO POVO,M,08/07/1976,Válido,20
20777,163,Não eleito,DIEGO PEREIRA NUNES,DIEGO PEREIRINHA,M,13/05/1987,Válido,20
20233,54,Não eleito,DANIEL PRÍNCIPE VIANA FERREIRA,DANIEL FERREIRA,M,16/01/1991,Válido,20
20000,437,Não eleito,HOVERDIANO CÉSAR PEREIRA CAETANO,CESAR CAETANO,M,30/10/1978,Válido,20
17556,260,Suplente,WELINTON CABRAL FILHO,WELINTON CABRAL DA SEGURANCA,M,17/07/1981,Válido,17
17888,479,Suplente,SERGIO DA SILVA ARAUJO,IRMÃO SERGIO,M,03/04/1975,Válido,17
17282,118,Suplente,SHEILA DA SILVA,SHEILA,F,08/05/1967,Válido,17
17007,108,Suplente,JEFFERSON KLEITON DOS SANTOS GOMES,ZEZO DE BATISTA,M,18/04/1986,Válido,17
17672,271,Suplente,ANDRÉ NASCIMENTO DE LIMA,ANDRÉ LIMA,M,18/06/1979,Válido,17
17100,326,Suplente,ANTONIO GALDINO DA SILVA NETO,DIRETOR SILVA NETO,M,17/06/1967,Válido,17
17444,122,Suplente,JOSE CARLOS DE SOUZA,JOSÉ CARLOS,M,31/05/1962,Válido,17
17999,297,Suplente,AGNALDO LOPES DA SILVA,PROF AGNALDO LOPES,M,09/08/1966,Válido,17
17617,67,Suplente,VALMIR SILVA DE JESUS,VALMIR JESUS,M,23/07/1983,Válido,17
17111,100,Suplente,NEILDE SILVA PEREIRA,IDI CABELELEIRA,F,15/05/1968,Válido,17
17192,56,Suplente,FERNANDO DIAS DE MELO,CAPITÃO FERNANDO,M,21/02/1967,Válido,17
17001,147,Suplente,CLOTILDE DE MENESES DANTAS,DRA CLOTILDE,F,22/11/1954,Válido,17
17014,123,Suplente,FRANCINALDO DE ANDRADE SILVA,FRANCINALDO BICO,M,02/06/1968,Válido,17
17777,2467,Suplente,REBECA SODRÉ DE MELO DA FONSECA FIGUEIREDO,DRA REBECA SODRÉ,F,27/09/1986,Válido,17
17333,259,Não eleito,LINDEMBERG CORDEIRO DOS SANTOS,PROFESSOR BERG,M,10/01/1971,Anulado sub judice,17
17517,43,Suplente,LIDIANE ALVES DE SOUZA SANTOS,CANTORA LIDIANE ALVES,F,19/07/1983,Válido,17
17222,246,Suplente,EDUARDO ABATH DA SILVA LUNA,PROFESSOR EDUARDO ABATH,M,14/10/1986,Válido,17
17568,217,Suplente,RICARDO CALIXTO DOS SANTOS,AMARAL BARBEIRO,M,03/11/1985,Válido,17
17011,3,Suplente,MARIA ALINE DE GOUVEIA BRANDÃO,ALINE DO MUXIMA,F,16/09/1970,Válido,17
17788,64,Suplente,FABIO MARTINS DE OLIVEIRA,FÁBIO PITBULL,M,28/03/1977,Válido,17
17153,60,Suplente,DIOGENES AUGUSTO SOARES BENTO,GUARDA BENTO,M,03/05/1991,Válido,17
17075,32,Suplente,MANOEL EDUARDO NUNES BARBOSA,MANOEL DA BANANA,M,07/01/1954,Válido,17
17485,42,Suplente,LUIS EDUARDO DE PAIVA,DUDU PAIVA,M,21/01/1986,Válido,17
17017,677,Suplente,RAQUEL AMARAL DE SANTANA BEZERRA,RAQUEL SANTANA,F,25/08/1965,Válido,17
17123,4152,Eleito,MARMUTHE DE SOUZA CAVALCANTI,MARMUTHE CAVALCANTI,M,25/10/1975,Válido,17
17000,747,Suplente,EURES PESSOA E SILVA,CAPITÃO MARADONA,M,04/10/1969,Válido,17
17789,76,Suplente,JOSE MARIA ALVES DA SILVA,ALVES DA FLAMENGUEIRA,M,31/08/1965,Válido,17
17193,340,Suplente,ROBERTO PINHEIRO RODRIGUES,ROBERTO PINHEIRO,M,15/06/1974,Válido,17
17227,59,Suplente,OSEAS AZEVEDO GARCEZ FILHO,GARCEZ,M,09/05/1960,Válido,17
17555,158,Suplente,TAMARA DE HOLANDA PESSOA,TAMARA PESSOA,F,15/05/1980,Válido,17
17177,470,Suplente,MARCONE MARTINS DE ARAUJO,PALHACO BABA BABY,M,16/09/1974,Válido,17
17640,266,Suplente,SIMEYA RAQUEL DE LIMA GOMES,PROFESSORA RAQUEL,F,30/03/1990,Válido,17
17234,75,Suplente,FRANCISCO MARTINS DE ARAUJO,PROFESSOR MARTINS,M,25/04/1963,Válido,17
17040,104,Suplente,MIRIAN RODRIGUES DA SILVA,MIRIAN RODRIGUES,F,25/10/1968,Válido,17
17881,31,Suplente,WELBO PEREIRA WANDERLEY,HEBINHO,M,03/06/1966,Válido,17
17500,291,Suplente,EDNILSON DA SILVA,PR EDNILSON SILVA,M,15/02/1960,Válido,17
17252,236,Suplente,LEANDRA DIAS SANTOS,LEANDRA DIARIO D UMA VENCEDORA,F,05/12/1984,Válido,17
17613,25,Suplente,VANUZA TRIGUEIRO CAVALCANTE,VANUZA TRIGUEIRO,F,22/01/1970,Válido,17
17321,197,Suplente,PAULO FLORIANO RODRIGUES JUNIOR,JUNIOR MOTOS,M,28/08/1981,Válido,17
17707,55,Suplente,AMANDA ALINE WASSERMANN,AMANDA WASSERMANN,F,11/11/1993,Válido,17
90227,214,Suplente,COSME DE VASCONCELOS MEDEIROS,COSME VASCONCELOS,M,05/10/1968,Válido,90
90000,654,Suplente,CRISTIANO DE ALMEIDA SOARES,CRISTIANO ALMEIDA,M,22/02/1987,Válido,90
90245,13,Suplente,MARIA DA PENHA SOARES,MARCIA DA PENHA,F,22/07/1965,Válido,90
90852,16,Suplente,ARIANE KETHELLY PEREIRA DA SILVA,ARIANE KETHELLY,F,15/08/1995,Válido,90
90002,2125,Suplente,SEVERINO INÁCIO DA SILVA MACENA,BRANCO GÁS,M,30/05/1970,Válido,90
90020,245,Suplente,IVONALDO ALVES DE FRANÇA,OURO,M,05/04/1975,Válido,90
90222,40,Suplente,IVANILDA VIEIRA DE SOUSA,NILDA VIEIRA,F,23/09/1962,Válido,90
90100,97,Suplente,EUDES PAES DE ALBUQUERQUE,SUBTENENTE EUDES SHALON,M,11/04/1971,Válido,90
90190,569,Suplente,LEUCIO LAERTE BARBOSA FILHO,LEUCINHO,M,02/03/1974,Válido,90
90909,49,Suplente,ANTONIO MARCOS DA SILVA PEREIRA,MARCOS DA MÍDIA,M,03/01/1977,Válido,90
90512,240,Suplente,ANDRÉ FABRICIO DOS SANTOS,ANDRÉ BROCADOR,M,07/06/1990,Válido,90
90456,364,Suplente,RUBENS MARCOLINO DA SILVA FILHO,RUBENS JÚNIOR O BONITÃO DA TV,M,30/07/1972,Válido,90
90147,114,Suplente,REJANE MARINHO GUEDES CAVALCANTE,REJANE MARINHO,F,24/09/1950,Válido,90
90192,62,Suplente,ALÂNIA MARIA DA SILVA,ALÂNIA DA SAÚDE,F,07/02/1963,Válido,90
90130,7,Suplente,SARAH CRISTINA DE FIGUEIREDO,SARAH DA TV,F,08/05/1972,Válido,90
90789,75,Suplente,JOHN FERREIRA DA SILVA,JOHN CEM POR CENTO,M,25/09/1985,Válido,90
90333,1026,Suplente,CÁSSIO LOURENÇO DE OLIVEIRA,CASSINHO DA CEASA,M,04/04/1979,Válido,90
90123,4389,Eleito,CARLOS GUSTAVO GOMES DE OLIVEIRA,GUGA,M,26/04/1980,Válido,90
90388,1618,Suplente,ANTÔNIO FERNANDO DOS SANTOS,FERNANDO GÁS,M,08/06/1979,Válido,90
90888,66,Suplente,MARIA JOSÉ SANTOS LIMA,ZEZÉ DO POVÃO,F,17/10/1965,Válido,90
90217,34,Suplente,JANDAIR ANTONIA MACARIO SILVESTRE,DAYA DEFENSORA DOS MOTOBOYS,F,22/10/1961,Válido,90
90134,170,Suplente,CLEÂNIA DA SILVA JOAQUIM,CLEÂNIA JOAQUIM,F,19/07/1982,Válido,90
90111,185,Suplente,RAIMUNDA SANTOS DE MACEDO NOBREGA,RAIMUNDA S NOBREGA,F,10/08/1966,Válido,90
90800,68,Suplente,GIVALDO CESAR SOBREIRA GOMES,TITELA,M,28/05/1971,Válido,90
90122,726,Suplente,LUIZ DOS SANTOS POSSIDONIO,POSSIDONIO,M,22/01/1953,Válido,90
90120,183,Suplente,VALMIR DA SILVA,PASTOR VALMIR,M,10/11/1992,Válido,90
90131,85,Suplente,MÁRCIO RICARDO OLIVEIRA DE LIMA,PEIXE REBOQUE,M,29/03/1979,Válido,90
90444,80,Suplente,SEVERINO CARNEIRO DE MESQUITA NETO,NETINHO MESQUITA,M,16/12/1962,Válido,90
90777,2706,Suplente,NIEDSON DOS SANTOS MIGUEL,NENEM DE SEU MANO,M,06/07/1986,Válido,90
90224,972,Suplente,CARLOS ANTÔNIO DE BARROS,CARLÃO DO CRISTO,M,28/03/1964,Válido,90
90999,142,Suplente,ARIVANIA LIMA DOS SANTOS,ARIVANIA LIMA,F,11/06/1970,Válido,90
90555,22,Suplente,ANDRÉ TAVARES PESSOA DE LIMA,WANDRÉ COM W FORTE,M,24/02/1972,Válido,90
23078,63,Suplente,PEDRO SERAFIM DA COSTA,PEDRO DA CABEÇA DE GALO,M,08/07/1966,Válido,23
23100,470,Suplente,PEDRO MARCOS DOS SANTOS CHAVES,PEDRO CHAVES,M,08/05/1990,Válido,23
23345,85,Suplente,MARIA DE FÁTIMA MENDONÇA,FÁTIMA MENDONÇA,F,19/11/1958,Válido,23
23999,2222,Suplente,CRISTIANA MARIA AROUCHA LIMA FURTADO,CRIS FURTADO,F,03/11/1968,Válido,23
23900,8,Suplente,ALINE RODRIGUES DA ROSA,ALINE RODRIGUES,F,27/01/1986,Válido,23
23130,41,Suplente,HERCÍLIO ROCHA DA SILVA,HERCÍLIO,M,14/04/1958,Válido,23
23777,273,Suplente,ROMILDO EVANGELISTA,PEU,M,03/02/1981,Válido,23
23500,300,Suplente,LUCIANO PIQUET DA CRUZ,LUCIANO PIQUET,M,18/05/1957,Válido,23
23233,216,Suplente,MARIA DO SOCORRO FERREIRA ALENCAR,SOCORRO ALENCAR,F,02/12/1964,Válido,23
23287,66,Suplente,JOSINETE EVARISTO DOS SANTOS,JOSINETE EVARISTO,F,31/12/1970,Válido,23
23888,3,Suplente,JULIANA DE LIMA ALVES,JULIANA ALVES,F,12/01/1998,Válido,23
23111,1663,Suplente,CAMILO FLAMARION DE OLIVEIRA FRANCO FILHO,CAMILO FRANCO,M,18/04/1986,Válido,23
23011,91,Suplente,JULIANNY LUISA DE ANDRADE OLIVEIRA,JÚ DE DR. LEVY,F,18/09/1995,Válido,23
23122,185,Suplente,EDNALDO CASTRO PEREIRA,EDNALDO DO CAMINHÃO,M,01/12/1984,Válido,23
23000,4641,Eleito,JOSÉ FREIRE DA COSTA,ZEZINHO BOTAFOGO,M,23/12/1962,Válido,23
23456,4805,Eleito,ODON BEZERRA CAVALCANTI SOBRINHO,ODON BEZERRA,M,24/03/1959,Válido,23
23555,861,Suplente,RAIMUNDO GURGEL JÚNIOR,JÚNIOR GURGEL,M,09/12/1977,Válido,23
23333,1559,Suplente,THIAGO DINIZ PEREIRA,THIAGO DINIZ,M,19/08/1991,Válido,23
23193,960,Suplente,LEANDRO CÉSAR FERNANDES,LÉO FESTAS,M,05/03/1983,Válido,23
23504,396,Suplente,EUDES RODRIGUES DE SOUZA,IRMÃO NINHO EUDES,M,14/09/1988,Válido,23
23200,7,Suplente,KAMILA LISBETY SOUZA DE OLIVEIRA,KAMILA LISBETY,F,04/02/1988,Válido,23
23444,234,Suplente,SUÊNYA BARBOSA DE SOUSA,SUENYA BARBOSA,F,11/12/1976,Válido,23
23600,79,Suplente,MARIA DAS GRAÇAS RODRIGUES DOS SANTOS,PROFª GRAÇA,F,06/09/1954,Válido,23
23789,253,Suplente,VALTER NOGUEIRA DE AMORIM,VALTER NOGUEIRA,M,01/11/1962,Válido,23
23166,327,Suplente,JOSÉ GONÇALVES RAMOS,GONÇALVES DE MANGABEIRA,M,10/07/1961,Válido,23
23197,335,Suplente,CLEBIO DA SILVA GOMES,CLEBIO DA IDENTIFICAÇÃO,M,21/06/1963,Válido,23
23023,534,Suplente,MAGNO FRANÇA DA SILVA,MAGNO FRANÇA,M,08/07/1984,Válido,23
23640,2104,Suplente,ARISTÁVORA DE SOUSA SANTOS,TAVINHO SANTOS,M,12/03/1956,Válido,23
23700,1352,Suplente,ANGEL ALMEIDA DA SILVA,PROFESSOR ANGEL ALMEIDA,M,25/05/1990,Válido,23
23017,97,Suplente,LEONARDO OLIVEIRA MACEDO,LÉO MACEDO,M,26/08/1956,Válido,23
23300,259,Suplente,JARDEL CABRAL FAGUNDES,JARDEL DA CIDADANIA,M,13/10/1963,Válido,23
23123,4244,Eleito,BRUNO FARIAS DE PAIVA,BRUNO FARIAS,M,17/12/1980,Válido,23
23222,3350,Suplente,FABÍOLA LEVI MEIRA,FABÍOLA REZENDE,F,23/11/1974,Válido,23
70007,315,Suplente,ANTONIO DE ALBUQUERQUE LIRA,ANTONIO LIRA,M,29/07/1948,Válido,70
70112,80,Suplente,TEOFILO LOPES DE ANDRADE,TEOFILO JUNIOR,M,06/03/1975,Válido,70
70000,700,Suplente,JOSE WILLIAM VERAS PEREIRA DA SILVA,WILLIAM VERAS,M,29/12/1993,Válido,70
70456,5480,Eleito,VALDIR JOSE DOWSLEY,DINHO,M,14/05/1975,Válido,70
70321,84,Suplente,KEILLA JOSELY FERNANDES PEREIRA DA SILVA,KEILLA FERNADES,F,12/10/1984,Válido,70
70333,119,Suplente,OSMANY DE MORAES PEREIRA,OSMANY,M,30/12/1964,Válido,70
70147,85,Suplente,GEONICE DAMAZIO MIRANDA DOS SANTOS,NICE DAMAZIO,F,03/03/1972,Válido,70
70110,3926,Suplente,RAISSA GOMES DE LACERDA RODRIGUES DE AQUINO,RAISSA LACERDA,F,20/02/1971,Válido,70
70001,296,Suplente,LUIZ FABIO GOMES,FABIO DA GADI,M,26/07/1974,Válido,70
70777,1459,Suplente,RENATO MARTINS LEITAO,RENATO MARTINS,M,14/10/1975,Válido,70
70444,116,Suplente,EDUARDO BARRETO CORDEIRO,EDUARDO JOSE AMERICO,M,07/05/1979,Válido,70
70151,0,Suplente,TANIA MARIA BATISTA DO NASCIMENTO,TANIA NASCIMENTO,F,06/06/1969,Válido,70
70077,12,Suplente,MARIA DA CONCEICAO FIDELIS,MARI FIDELIS,F,01/11/1984,Válido,70
70101,47,Suplente,JOSENILDO INACIO DA SILVA,CID SANFONEIRO,M,14/09/1967,Válido,70
70788,93,Suplente,JOAS PEREIRA PONTES,JOAS PONTES,M,19/01/1971,Válido,70
70123,1993,Suplente,MARCIO ALENCAR DOS SANTOS,MARCIO ALENCAR,M,04/12/1978,Válido,70
70196,7,Suplente,MARIA DAS NEVES ANDRADE DA SILVA,MARIA DAS NEVES,F,13/02/1964,Válido,70
70003,100,Suplente,ALEXANDRE PATRÍCIO LOPES DA COSTA,ALEXANDRE PATRICIO,M,17/09/1982,Válido,70
70111,4413,Eleito,FRANCISCO HENRIQUE DA SILVA,CHICO DO SINDICATO,M,07/09/1967,Válido,70
70100,168,Suplente,MARCOS ARRUDA DA CUNHA REGO,MARCOS ARRUDA,M,21/04/1947,Válido,70
70789,4108,Suplente,GABRIEL CARVALHO CAMARA,PROF GABRIEL,M,18/02/1951,Válido,70
70500,292,Suplente,JUNIO BATISTA DE LIMA,JUNIO SOM,M,05/02/1977,Válido,70
70222,7570,Eleito,TANILSON TARSO NOBREGA SOARES,TANILSON SOARES,M,12/07/1976,Válido,70
70707,33,Suplente,SUENIA MARQUES SOBRAL,PRA SUENIA MARQUES,F,26/10/1965,Válido,70
70407,16,Suplente,HERMES AQUILES COELHO,HERMES AQUILES,M,28/05/1985,Válido,70
70006,144,Suplente,MOISES ALVINO DA SILVA ARRURA,MOISES ALVINO,M,26/10/1986,Válido,70
25124,410,Não eleito,ADRIANO TERRAZZAN PRECIOSO,ADRIANO TERRAZZAN,M,24/10/1978,Válido,25
25039,182,Não eleito,ROSÂNGELA DA SILVA SANTOS,ROSÂNGELA SANTOS,F,05/02/1965,Válido,25
25055,46,Não eleito,ANA CLEITE LIMA DOS SANTOS,ANA CLEITE,F,31/03/1970,Válido,25
25333,142,Não eleito,ROBERTO PIRES BEZERRA NETO,BETO PIRES,M,29/01/1969,Válido,25
25119,210,Não eleito,MARCOS ANTÔNIO FERREIRA DA SILVA,MARCOS DO APP,M,25/05/1973,Válido,25
25250,168,Não eleito,JOSÉ DAMACI DE LUCENA JUNIOR,DAMACI JÚNIOR,M,11/07/1970,Válido,25
25321,388,Não eleito,RAMON DATIVO DO NASCIMENTO,RAMON DATIVO,M,18/09/1982,Válido,25
25769,130,Não eleito,MARCELO DE SOUZA COSTA,MARCELO GIGANTE,M,04/04/1979,Válido,25
25255,382,Não eleito,ANDRÉ ROBERTO COSTA E SOUZA,ANDRÉ PERAZZO,M,23/04/1980,Válido,25
25000,179,Não eleito,CERES FONSECA BÍSSIGO,CERES BÍSSIGO,F,12/05/1965,Válido,25
25899,259,Não eleito,JOÃO MENDES SOBREIRA JUNIOR,JOÃO SOBREIRA,M,21/07/1965,Válido,25
25222,24,Não eleito,JOSEFA PAULINO AMORIM,JOSEFA PAULINO,F,21/12/1967,Válido,25
25005,12,Não eleito,SUZANNE FERNANDA FREIRE DE CARVALHO DIAS ALBUQUERQUE,SUZANNE ALBUQUERQUE,F,04/04/1988,Válido,25
25123,887,Não eleito,CLEODÉ LÚCIO LOPES RIBEIRO,CLEODÉ,M,29/06/1974,Válido,25
25555,72,Não eleito,CELSO GERMANO CARVALHO LACERDA,CELSO LACERDA,M,19/11/1987,Válido,25
25225,450,Não eleito,JOBSON RODRIGUES FONTES,JOBSON FONTES,M,03/08/1981,Válido,25
25100,177,Não eleito,RICARDO AUGUSTO DA SILVA JÚNIOR,RICARDO JÚNIOR,M,29/05/1991,Válido,25
25888,393,Não eleito,LUIZ EDUARDO OLIVEIRA FELIZARDO DA SILVA,EDUARDO FELIZARDO,M,08/05/1988,Válido,25
25193,96,Não eleito,LUÍS FELIZARDO DA SILVA,SARGENTO FELIZARDO,M,06/12/1966,Válido,25
25025,573,Não eleito,RICARDO DE OLIVEIRA FRANCESCHINI,RICARDO FRANCESCHINI,M,22/10/1982,Válido,25
25551,40,Não eleito,BENEDITA SIQUEIRA DE OLIVEIRA,BENEDITA SIQUEIRA,F,20/12/1939,Válido,25
25036,264,Não eleito,FELIPE ANTONIO MELO JARDIM,FELIPE JARDIM,M,10/09/1982,Válido,25
25111,1839,Não eleito,RUAN CARLOS NÓBREGA MARTINS,RUAN MARTINS,M,04/07/1993,Válido,25
25324,30,Não eleito,SOCORRO MARIA DA PAZ SOBRAL,SOCORRO DA PAZ,F,27/05/1960,Válido,25
25024,182,Não eleito,KLEYDSON BARBOSA DA COSTA,JUCA PRODUÇÕES,M,06/10/1994,Válido,25
25015,36,Não eleito,ANA LÚCIA DOS SANTOS ESTEVÃO,ANA LÚCIA ESTEVÃO,F,06/03/1979,Válido,25
11012,164,Suplente,YORDAN GOMES DE AMORIM,YORDAN ENFERMEIRO,M,05/02/1975,Válido,11
11444,66,Suplente,MARIA DE LOURDES FELIX DA SILVA,LOURDES SILVA,F,01/06/1971,Válido,11
11770,165,Suplente,ARLISON BARBOSA DE OLIVEIRA,ARLISON OLIVEIRA,M,02/12/1986,Válido,11
11380,778,Suplente,FRANCISCO BATISTA DE MACEDO NETO,MACEDO DA SHOT,M,17/01/1963,Válido,11
11678,3059,Suplente,RONIVON RAMALHO DINIZ,MANGUEIRA,M,01/01/1963,Válido,11
11233,2279,Suplente,MOISES FIGUEREDO FERREIRA LIMA,MÔ LIMA,M,01/05/1976,Válido,11
11345,58,Suplente,LUCIENE CORREIA GOMES,LU CORREIA,F,30/01/1967,Válido,11
11010,2348,Suplente,HELENA MARIA DUARTE DE HOLANDA,HELENA HOLANDA,F,13/10/1950,Válido,11
11211,495,Suplente,FLAVIANO OLIVEIRA DA SILVA,FLAVIANO OLIVEIRA,M,18/09/1975,Válido,11
11234,110,Suplente,LUPERCIO DE MEDEIROS FILHO,LUPÉRCIO,M,11/07/1962,Válido,11
11500,174,Suplente,EDVALDO BATISTA DA SILVA,EDVALDO BATISTA,M,20/04/1981,Válido,11
11555,108,Suplente,SERGIO NASCIMENTO SOUZA,SERGIO SOUZA,M,22/12/1969,Válido,11
11800,28,Suplente,GERMANA FERREIRA BANDEIRA,GERMANA FERREIRA,F,29/06/1975,Válido,11
11000,5042,Eleito,ELIZA VIRGINIA DE SOUZA FERNANDES,ELIZA,F,02/04/1972,Válido,11
11199,117,Suplente,JOSEBETE ANDRADE BATISTA DA SILVA,IRMÃ BETE,F,13/08/1961,Válido,11
11011,146,Suplente,SHIRLEY MARIA ALMEIDA TELINO DA COSTA,SHIRLEY ALMEIDA,F,21/03/1981,Válido,11
11222,112,Suplente,ROBSON MARQUES XAVIER,SGT ROBSON XAVIER,M,15/11/1973,Válido,11
11235,71,Suplente,MANUEL RICARDO FERREIRA CLAUDINO,JAMAICA,M,17/11/1979,Válido,11
11223,156,Suplente,WILL CLAUDIO GOMES DE MORAIS,WILL DO PAREDAO,M,26/09/1989,Válido,11
11677,50,Suplente,SERGIO RICARDO DO NASCIMENTO CORREIA,SERGIO CORREIA,M,14/04/1972,Válido,11
11101,84,Suplente,MANOEL LEONAN DOS SANTOS,LEO DO COLINAS,M,08/05/1971,Válido,11
11456,4251,Eleito,DAMASIO FRANCA SEGUNDO NETO,DAMASIO FRANCA NETO,M,29/11/1982,Válido,11
11111,6255,Eleito,JOAO CARVALHO DA COSTA SOBRINHO,JOAO CORUJINHA ,M,16/06/1964,Válido,11
11255,53,Suplente,FLORIANO MARTINS DOS SANTOS,FLORIANO,M,28/01/1961,Válido,11
11333,97,Suplente,VALDECI ALVES RANGEL,VAL RANGEL,F,05/08/1963,Válido,11
11888,132,Suplente,MÁRCIO DE LIMA BARBOSA,PASTOR MÁRCIO LIMA,M,10/11/1983,Válido,11
11999,80,Suplente,STYVE WASHINGTON DO NASCIMENTO MARINHO,PROFESSOR MARINHO,M,19/05/1980,Válido,11
11123,851,Suplente,ROQUENAE COLAÇO DANTAS,ROQUEANE DANTAS,F,10/04/1975,Válido,11
11200,54,Suplente,PEDRO HENRIQUE FERREIRA DA SILVA,PEDRO FERREIRA,M,29/06/1991,Válido,11
11022,564,Suplente,TASSIANA FARIAS DA NOBREGA CAVALCANTE,TASSIANA ADM GAS,F,18/10/1986,Válido,11
11777,302,Suplente,ALDSON LACERDA DE QUEIROGA TERTO,ALDSON LACERDA,M,19/01/1974,Válido,11
15151,30,Suplente,JAQUELINE BARBOSA,JAQUELINE BARBOSA,F,26/02/1969,Válido,15
15670,4,Suplente,ELAINE CRISTINA BATISTA DE OLIVEIRA,ELAINE CRISTINA,F,18/08/1977,Válido,15
15555,62,Suplente,JOSÉ CARLOS CARNEIRO,ZÉ CARNEIRO,M,04/03/1977,Válido,15
15200,257,Suplente,MANOEL ANTONIO DA SILVA,IRMÃO ENÉIAS,M,13/09/1961,Válido,15
15133,26,Suplente,ISRAEL NICOLAU DA SILVA,ISRAEL NICOLAU,M,26/07/1988,Válido,15
15321,464,Suplente,PEDRO AUGUSTO OLIVEIRA DE VASCONCELOS,PEDRO AUGUSTO,M,09/05/1993,Válido,15
15789,345,Suplente,SILVANA DA SILVA PEREIRA SANTOS,SILVANA RAINHA DA TAPIOCA,F,20/10/1972,Válido,15
15150,229,Suplente,ALICE NIEDJA SILVA DOS SANTOS ROCHA,ALICE ROCHA,F,06/05/1985,Válido,15
15333,80,Suplente,JOELMA DOS SANTOS ALVES,JOELMA PSYCKHE,F,20/09/1978,Válido,15
15000,1794,Suplente,MARCELO PEREIRA DE CASTRO,MARCELO DA TORRE,M,17/02/1977,Válido,15
15345,11,Suplente,ANA LÚCIA LOPES MENEZES,ANA LÚCIA MENEZES,F,25/02/1968,Válido,15
15715,148,Suplente,ANDRÉA MARANHÃO DE OLIVEIRA DANTAS ABRANTES,ANDRÉA MARANHÃO,F,09/03/1964,Válido,15
15999,5000,Eleito,IVES ROCHA LEITÃO,MIKIKA LEITÃO,M,09/02/1963,Válido,15
15888,92,Suplente,FREDERICO ALEXANDRE TRAJANO GOMES,ALEXANDRE GOMES,M,09/12/1968,Válido,15
15112,190,Suplente,WILSON PAULO DE LIRA,IRMÃO DO TAXI,M,06/03/1968,Válido,15
15015,278,Suplente,ALEXINA BEZERRA CAVALCANTI ALVES,ALEXINA BEZERRA,F,16/06/1978,Válido,15
15222,1613,Suplente,JOSÉ ANÍBAL COSTA MARCOLINO GOMES,DR ANIBAL MARCOLINO,M,16/07/1965,Válido,15
15515,1909,Eleito,MARCOS ALEXANDRE DE OLIVEIRA LIMA SOBREIRA,CORONEL SOBREIRA,M,10/09/1968,Válido,15
15111,270,Suplente,ANTONIO NOSMAN BARREIRO PAULO,DR NOSMAN,M,12/12/1963,Válido,15
15500,52,Suplente,JOSÉ GERALDO CARNEIRO,GERALDO CARNEIRO,M,17/11/1952,Válido,15
15157,85,Suplente,ALEXANDRE LOURENÇO FELIX DA SILVA,ALEXANDRE LOURENÇO,M,01/06/1994,Válido,15
15115,270,Suplente,EDUARDO DA SILVA SANTOS,EDUARDO SANTOS,M,17/10/1985,Válido,15
15456,444,Suplente,NATALUAN DE CARVALHO SANTOS,NATALUAN CARVALHO,M,25/12/1991,Válido,15
15120,156,Suplente,GILVAN CABRAL DE SOUSA JUNIOR,GILVAN CABRAL,M,14/05/1970,Válido,15
15666,143,Suplente,MARILENE VICENTE DO NASCIMENTO,LENA DO PARAÍBA,F,09/02/1984,Válido,15
15640,63,Suplente,JOÃO BATISTA DE ANDRADE SILVA,SARGENTO TAPA,M,24/06/1943,Válido,15
15007,19,Suplente,MARIA LÚCIA SALDANHA DE SOUSA,LÚCIA SALDANHA,F,30/04/1980,Válido,15
15777,119,Suplente,EDMILSON GOMES DE MELO,EDMILSON DUROGER,M,11/02/1963,Válido,15
15033,91,Suplente,DIEGO BARBOSA DA SILVA,DIEGO BARBOSA,M,31/03/1990,Válido,15
15963,230,Suplente,JOSÉ BERNARDINO DA SILVA,JOSÉ BERNARDINO,M,27/05/1961,Válido,15
15234,18,Suplente,RANIELLY FERREIRA DA SILVA,RANIELLY FERREIRA,F,08/02/1993,Válido,15
15444,187,Suplente,ALMIR TOMAZ DE AQUINO,ALMIR TOMAZ,M,26/09/1967,Válido,15
15100,106,Suplente,JAILTON JOSÉ DE SOUSA COSTA,NININHO MANGABEIRA,M,04/01/1975,Válido,15
15221,259,Suplente,MARIO ALESSANDRO DA SILVA GALVÃO,SANDRO GALVÃO,M,13/10/1975,Válido,15
15123,990,Suplente,SEVERINO DO RAMO DE PAIVA,PROFESSOR PAIVA,M,20/04/1964,Válido,15
14222,142,Não eleito,FERNANDO DE ALBUQUERQUE MELO,FERNANDO BDI,M,20/06/1981,Válido,14
43789,115,Suplente,MARIANA MOURA FONTENELE DE BRITO,MARIANA FONTENELE,F,28/12/1980,Válido,43
43300,207,Suplente,GILMARA PEREIRA BRANQUINHO,GILMARA BRANQUINHO,F,10/03/1972,Válido,43
43123,2965,Suplente,FRANCISCO JOSÉ SILVA DAS CHAGAS,FRANCISCO JOSÉ,M,16/01/1977,Válido,43
43456,4126,Eleito,EMANNUEL BEZERRA DOS SANTOS,EMANO SANTOS,M,06/07/1977,Válido,43
43543,514,Suplente,VALDEMIR JOAQUIM DE SOUZA,DEMAS JOAQUIM,M,31/10/1974,Válido,43
43101,279,Suplente,LEIDIVAN ELIAS DE SOUSA,GALEGA,F,17/04/1973,Válido,43
43666,186,Suplente,JARBAS MENDES DE AZEVEDO,JARBAS MENDES,M,04/02/1985,Válido,43
43210,64,Suplente,KATIA REGINA BARBOSA DA CUNHA,KATIA REGINA,F,02/06/1972,Válido,43
43643,46,Suplente,ANTÔNIO FERNANDO DE SOUZA TOLÊDO,ANTÔNIO TOLEDO,M,13/04/1970,Válido,43
43133,696,Suplente,OSCAR MOURA DINIZ JUNIOR,OSCAR DO ESPORTE,M,13/08/1958,Válido,43
43555,37,Suplente,AMAURI LUCENA DE OLIVEIRA,AMAURY,M,26/02/1975,Válido,43
43344,219,Suplente,JOSÉ FERREIRA DA SILVA,PEZÃO DO TIMBÓ,M,20/07/1964,Válido,43
43333,4902,Eleito,JOÃO BOSCO DOS SANTOS FILHO,BOSQUINHO,M,20/07/1975,Válido,43
43043,2889,Suplente,HUMBERTO JORGE DE ARAUJO PONTES,HUMBERTO PONTES,M,26/03/1965,Válido,43
43999,131,Suplente,SEVERINA COUTINHO E NÓBREGA,SILVIA DA SAÚDE,F,01/08/1971,Válido,43
43224,87,Suplente,ADEILSON FÉLIX DA ROCHA,DHELL FÉLIX,M,25/08/1982,Válido,43
43500,170,Suplente,MIRIAM DA SILVA LEÔNCIO,MIRIAM,F,18/08/1973,Válido,43
43003,3280,Suplente,LUCAS CLEMENTE DE BRITO PEREIRA,LUCAS DE BRITO,M,08/04/1985,Válido,43
43234,744,Suplente,MARIA DE FATIMA ANDRADE DE SOUSA,FATIMA ANDRADE,F,16/01/1960,Válido,43
43222,282,Suplente,LUZIA DE LIMA ARAUJO,TIA LUZIA,F,11/05/1954,Válido,43
43013,226,Suplente,HERMANO QUEIROZ NEVES DE LUCENA,HERMANO QUEIROZ,M,10/11/1964,Válido,43
43777,290,Suplente,ADENIO LIMA NETO,ADENIO NETO,M,29/06/1979,Válido,43
43444,6238,Eleito,FERNANDO PAULO CARRILHO MILANES NETO,MILANEZ NETO,M,16/09/1983,Válido,43
43007,737,Suplente,MARIA DE FÁTIMA DE MIRANDA RAMOS,FÁTIMA MIRANDA,F,13/04/1969,Válido,43
43104,221,Suplente,LAURICEA TEIXEIRA RODRIGUES,LAURICEA A DONA DO PEDAÇO,F,02/04/1974,Válido,43
43843,91,Suplente,JUAREZ PEREIRA MARQUES,JUAREZ MARQUES,M,22/09/1968,Válido,43
43888,333,Suplente,PAULO FERREIRA DA SILVA JÚNIOR,PROF. PAULO FERREIRA,M,14/05/1977,Válido,43
43200,3831,Suplente,BENILTON LÚCIO LUCENA DA SILVA,BENILTON LUCENA,M,13/09/1961,Válido,43
43000,1441,Suplente,MARCO ANTÔNIO CARTAXO QUEIROGA LOPES,MARCO ANTÔNIO,M,01/12/1969,Válido,43
43100,71,Suplente,JESSEVAN AYRES DE SOUSA,JESSE SEU AMIGO,M,12/12/1961,Válido,43
45196,33,Suplente,MARIA FARIAS DE SÁ PEREIRA,CLAÚDIA SÁ,F,04/02/1970,Válido,45
45845,25,Suplente,WILLAMS CORREIA PESSOA,WILLAMS CORREIA,M,09/03/1985,Válido,45
45045,27,Suplente,IZAMARI ARAUJO DA SILVA,MAZINHA ARAUJO,F,27/02/1957,Válido,45
45666,443,Suplente,MAGNA LIMA DE ARAUJO,MAGNA GOMES,F,28/11/1978,Válido,45
45777,221,Suplente,KARINA PIMENTA CASTRO LIMA,KARINA PIMENTA,F,09/03/1974,Válido,45
45055,10,Suplente,EDIRCE DE OLIVEIRA SILVA,EDIRCE,F,03/08/1962,Válido,45
45000,228,Suplente,CARLOS ALBERTO DA SILVA ALVES,NININHO,M,06/03/1968,Válido,45
45111,92,Suplente,MIGUEL APARECIDO SOARES,MIGUEL SOARES,M,03/11/1969,Válido,45
45945,138,Suplente,MAGNOLIA DE FATIMA DE BRITO SILVA,MAGNOLIA BRITO,F,26/10/1963,Válido,45
45345,90,Suplente,ANTÔNIO ALEXANDRE DIAS PACHECO,ALEXANDRE PACHECO,M,07/03/1966,Válido,45
45888,62,Suplente,ALEXANDRE BATISTA REZENDE,PROF ALEXANDRE REZENDE,M,29/03/1964,Válido,45
45600,95,Suplente,ARQUIBERTO BARBOSA,PINGO SOM,M,21/04/1968,Válido,45
45444,295,Suplente,LUÍZ ALBERTO MARQUES PEREIRA,BETO DO POVO,M,15/03/1976,Válido,45
45622,500,Suplente,EDSON PESSOA DOS SANTOS,EDSON PESSOA,M,30/08/1959,Válido,45
45233,186,Suplente,SANDRA RODRIGUES DE LIMA,SANDRA RODRIGUES,F,28/07/1978,Válido,45
45555,343,Suplente,JOALISSON DE ALMEIDA GOMES,JOALISSON,M,06/09/1985,Válido,45
45333,116,Suplente,CLAUDIO LUIZ DA SILVA AYRES,CLAUDIO AYRES,M,05/04/1982,Válido,45
45222,39,Suplente,SUZAN DE KACIA SILVA DE OLIVEIRA,SUZAN,F,18/08/1980,Válido,45
45645,2722,Eleito,LUIS FLÁVIO MEDEIROS PAIVA,DR LUÍS FLÁVIO,M,08/12/1957,Válido,45
45789,70,Suplente,GENILDO RODRIGUES ALVES,GENILDO ALVES,M,18/05/1975,Válido,45
45450,117,Suplente,BRUNA CAMILLA COSTA DE OLIVEIRA COUTINHO,BRUNA CAMILLA COUTINHO,F,11/09/1985,Válido,45
45100,20,Suplente,PEDRO PIO CHAVES TERCEIRO,PEDRO PIO CHAVES,M,07/07/1999,Válido,45
45123,2005,Suplente,CLEITON ROBERTO DE OLIVEIRA,CLEITON ROBERTO,M,08/03/1989,Válido,45
45456,88,Suplente,GERMANO RIBEIRO VIEIRA,GERMANO RIBEIRO,M,09/03/1982,Válido,45
33456,63,Não eleito,SEVERINO ANTONIO DA SILVA,SEVERINO ANTÔNIO,M,10/02/1960,Anulado,33
33000,45,Não eleito,EDSON PEREIRA DA CUNHA,EDSON DA SAÚDE,M,17/04/1958,Anulado,33
33311,12,Não eleito,CAIO MARCELO DE OLIVEIRA,CAIO MARCELO,M,11/10/1990,Anulado,33
16123,197,Não eleito,MANOEL VIEIRA DA SILVA,MANOEL VIEIRA,M,09/12/1961,Válido,16
35333,379,Suplente,JAFIA NASCIMENTO MAGALHÃES,JÁFIA NASCIMENTO,F,27/11/1966,Válido,35
35678,675,Suplente,EDIVAN DUARTE DE SÁ,EDIVAN TETÉ,M,20/06/1972,Válido,35
35999,116,Suplente,LUANN ALVES DE ARAÚJO,LUANN,M,08/06/1989,Válido,35
35000,1394,Suplente,CARLOS AUGUSTO XAVIER CLEROT,GUTO CLEROT,M,09/03/1965,Válido,35
35120,18,Não eleito,ROSÁLIA BARBOSA DOS SANTOS,ROSÁLIA GARI,F,03/09/1966,Anulado sub judice,35
35514,15,Suplente,VILMA GONÇALVES PEREIRA,VILMA PEREIRA,F,18/02/1979,Válido,35
35456,115,Suplente,JOSENILDO SANTANA DA SILVA,SANTANA,M,09/11/1984,Válido,35
35777,2643,Suplente,FRANCISCO RINALDO MARANHÃO DE FIGUEIREDO,RINALDO MARANHÃO,M,02/10/1978,Válido,35
35122,53,Suplente,JOSIAS MENDES DE OLIVEIRA,PROFESSOR JOSIAS MENDES,M,10/06/1971,Válido,35
35432,226,Não eleito,VALDENI GOMES DE ARAUJO,NENÊ CORRETORA,F,14/05/1970,Anulado sub judice,35
35222,3404,Eleito,ANTONIO LUIZ DE LIMA FILHO,TOINHO PÉ DE AÇO,M,01/05/1960,Válido,35
35300,158,Suplente,MARCONI DELGADO DE AGUIAR,MARCONI DELGADO,M,30/11/1968,Válido,35
35555,3875,Eleito,MARCOS BANDEIRA PEQUENO,MARCOS BANDEIRA,M,06/02/1980,Válido,35
35003,18,Suplente,LUCINEIDE DA SILVA,LUCINEIDE,F,18/07/1966,Válido,35
35111,993,Suplente,ANTONIO ALVES CAVALCANTE FILHO,ANTÔNIO ALVES ARROZ,M,20/09/1967,Válido,35
35888,1850,Suplente,CRISTIANO HENRIQUE SILVA SOUTO,CRISTIANO SOUTO,M,26/04/1980,Válido,35
35035,45,Suplente,CLÁUDIO SERAFIM FERNANDES,CLÁUDIO FERNANDES,M,01/08/1969,Válido,35
35190,76,Suplente,JOÃO BARBOSA DA SILVA,SARGENTO BARBOSA,M,20/05/1968,Válido,35
35011,127,Suplente,SÉRGIO RICARDO GOMES DE ARAÚJO,SGT SÉRGIO ARAÚJO ,M,25/07/1973,Válido,35
35170,38,Suplente,BETÂNIA DE ANDRADE BORGES,BETÂNIA DOS IPÊS,F,17/09/1967,Válido,35
35239,60,Suplente,MARIA DA CONCEIÇÃO DA SILVA,CONCEIÇÃO,F,12/08/1956,Válido,35
35123,1388,Suplente,ABRAÃO CAVALCANTI DE LACERDA,ABRAÃO CAVALCANTI,M,16/08/1964,Válido,35
35006,35,Suplente,JOSAFÁ SANTANA DA SILVA,JOSAFÁ MOTORISTA,M,20/11/1964,Válido,35
35121,50,Suplente,PATRÍCIA ARLINDA DOS SANTOS,PATRÍCIA DO CRAS,F,24/09/1976,Válido,35
35007,75,Suplente,CARLOS ANDRÉ FREITAS DA SILVA,ANDRE BROW,M,20/02/1982,Válido,35
35321,747,Suplente,JOSUÉ BATISTA DOS SANTOS,JOSUÉ DIESEL,M,21/11/1966,Válido,35
35005,272,Suplente,ERY CLÁUDIO GONÇALVES DOS SANTOS,CLÁUDIO GONÇALVES,M,02/05/1987,Válido,35
35055,128,Suplente,JAN PEREIRA DOS SANTOS,JAN DO JIU JITSU,M,07/09/1984,Válido,35
35444,106,Suplente,FRANK STEWESON FAUSTINO DA COSTA,PROFESSOR FRANK,M,06/07/1976,Válido,35
35288,44,Suplente,MARIA MARTA VASCONCELOS DE ALBUQUERQUE,MARTA DA SAÚDE,F,28/08/1958,Válido,35
35789,168,Suplente,DENILZO BATISTA DE SOUZA,DENILZO BATISTA DO FRETE,M,26/03/1977,Válido,35
35400,2189,Suplente,LUIS PAULO DE ARAÚJO,LUIS DA PADARIA,M,16/07/1960,Válido,35
40999,56,Não eleito,HIDALMO BORBUREMA DE ALMEIDA,HIDALMO BORBOREMA,M,19/09/1981,Válido,40
40222,640,Não eleito,MICHELLY SAYARA DE SOUZA CARNEIRO,MICHELLY CARNEIRO,F,03/01/1986,Válido,40
40321,14,Não eleito,EUCLIDES FERREIRA DIAS NETO,EUCLIDES MARIZ,M,08/07/1991,Válido,40
40100,240,Não eleito,JOAO BATISTA DE SOUZA NASCIMENTO,PASTOR JOAO BATISTA,M,23/06/1971,Válido,40
40007,91,Não eleito,RAFAEL PAIVA FERREIRA,FAEL,M,19/10/1982,Válido,40
40666,909,Não eleito,SANDRA VIEIRA COUTINHO,SANDRA COUTINHO,F,27/04/1957,Válido,40
40000,1087,Não eleito,PRISCILLA GOMES DE ARAUJO,PRISCILLA GOMES,F,08/06/1990,Válido,40
40040,418,Não eleito,JOEL CORDEIRO DE ARAUJO,JOEL ARAUJO,M,05/09/1988,Válido,40
40004,223,Não eleito,VERONICA ISMAEL DE OLIVEIRA,VERONICA ISMAEL,F,02/02/1988,Válido,40
40777,507,Não eleito,RAFAEL MAXIMINO DOS SANTOS,COLETIVO POPULAR E RAFA MAX,M,07/07/1989,Válido,40
40123,496,Não eleito,RAUL JOSE DA SILVA,RAUL SILVA,M,01/06/1990,Válido,40
40300,54,Não eleito,RANIERI GLYCIMAR MARTINS BOTELHO,RANIERI MARTINS,M,03/03/1971,Válido,40
40789,333,Não eleito,MARIA APARECIDA PEREIRA PONTES,CIDA PONTES,F,17/08/1974,Válido,40
40400,458,Não eleito,GILVANILDO PEREIRA DOS ANJOS,GILVANILDO PEREIRA,M,28/01/1983,Válido,40
40444,44,Não eleito,JOSE MARIA DA SILVA,ZE MARIA DA ASSOCIAÇÃO,M,09/05/1956,Válido,40
40111,50,Não eleito,MATEUS TELINO MONTEIRO,MATEUS TELINO,M,10/01/1984,Válido,40
40456,51,Não eleito,LIZANDRA ARAUJO DA SILVA,LILI PIPOCO,F,17/04/1989,Válido,40
40333,34,Não eleito,FRANCISCO MARCONDES DE CALDAS,SARGENTO CALDAS,M,02/07/1964,Válido,40
13013,218,Suplente,KALLINE PEREIRA DE BRITO,KALLINE BRITO,F,01/08/1977,Válido,13
13666,73,Suplente,ROBSON PEREIRA TEIXEIRA,ROBSON JAMPA,M,08/06/1977,Válido,13
13500,261,Não eleito,LUCIA ANDREA MADRUGA FERNANDES DA NOBREGA,LUCIA DA MORADIA,F,23/04/1975,Anulado sub judice,13
13005,293,Suplente,MARCO ANTONIO MELO DE OLIVEIRA,MARCO MELO,M,17/09/1965,Válido,13
13133,47,Suplente,CARLA REGINA FERREIRA,CARLINHA SOS,F,22/03/1973,Válido,13
13204,73,Suplente,RENATO BARBOSA DA COSTA,RENATO COSTA,M,25/07/1973,Válido,13
13104,358,Suplente,SALOMÃO HENRIQUES PINTO RABELO,DR SALOMÃO,M,06/01/1972,Válido,13
13999,542,Suplente,PAULO MARCELO DE LIMA,PAULO MARCELO,M,25/05/1956,Válido,13
13069,36,Suplente,ZENIVALDO DE OLIVEIRA BARBOSA,ZENIVALDO DO CONSIGNADO,M,29/10/1969,Válido,13
13169,396,Suplente,JOÁLISSON DIAS CUNHA,JOÁLISSON CUNHA,M,20/11/1981,Válido,13
13000,3927,Eleito,MARCOS HENRIQUES E SILVA,MARCOS HERIQUES,M,01/11/1967,Válido,13
13100,18,Suplente,MIKAELLE SANTANA GOMES,MIKAELLE SANTANA,F,27/07/1988,Válido,13
13333,368,Suplente,MARIA JOSE SOARES BÉCHADE,ZEZÉ BÉCHADE,F,06/03/1964,Válido,13
13300,621,Suplente,MARCOS FILIPE RODRIGUES BOSQUIERO,DR MARCOS BOSQUIERO,M,03/08/1984,Válido,13
13222,56,Suplente,JEAN CARLOS NAVARRO VIANA,JEAN VIANA ,M,17/02/1982,Válido,13
13456,171,Suplente,JUSSARA FERREIRA DA SILVA,PROFESSORA JUSSARA,F,20/01/1969,Válido,13
13400,3481,Suplente,MARIA SANDRA PEREIRA DE MARROCOS,SANDRA MARROCOS,F,06/03/1971,Válido,13
13555,2583,Suplente,MARCOS ANTONIO FREITAS DE ARAUJO,NOSSA VOZ,M,08/12/1984,Válido,13
13200,301,Suplente,MAURICELIA MARQUES DA COSTA,CELIA MARQUES,F,24/08/1971,Válido,13
13213,830,Suplente,FRANCISCO ADELINO DOS SANTOS,PADRE ADELINO,M,12/04/1949,Válido,13
13356,13,Suplente,JOSE EDSON FELIPE DOS SANTOS,JOSE EDSON,M,01/05/1960,Válido,13
13123,286,Suplente,EDSON MARIA GOMES,EDSON GOMES,M,02/10/1968,Válido,13
13707,57,Suplente,NATANAEL NUNES DA NÓBREGA,NATANAEL NUNES,M,27/02/1997,Válido,13
51771,139,Suplente,PATRICIA BERGER DE OLIVEIRA SANTOS,PATRICIA BERGER,F,07/03/1974,Válido,51
51233,248,Suplente,ELCIO DE MENESES SILVA,PASTOR ELCIO MENESES,M,24/01/1976,Válido,51
51117,467,Suplente,SIMONE LIMA DOS SANTOS,SIMONE LIMA,F,19/07/1969,Válido,51
51321,212,Suplente,JOSÉ EDUARDO DA SILVA,CABO EDUARDO BOMBA,M,05/06/1979,Válido,51
51511,1201,Suplente,JOAO ALBERTO DA CUNHA FILHO,PROFESSOR JOAO ALBERTO,M,29/12/1976,Válido,51
51222,1437,Suplente,EDER CAXIAS MENESES,EDER DA JAMPA,M,08/12/1981,Válido,51
51200,1762,Suplente,KELSON DE ASSIS CHAVES,CORONEL KELSON,M,19/02/1963,Válido,51
51212,67,Suplente,MARGARETH SOARES DE OLIVEIRA,BOLSORETH,F,29/02/1956,Válido,51
51001,715,Suplente,SAMMY BEZERRA DE OLIVEIRA,SAMMY BEZERRA,M,16/06/1987,Válido,51
51007,2273,Eleito,PAULO TARCISIO PESSOA JARDIM,TARCISIO JARDIM,M,04/07/1983,Válido,51
51987,47,Suplente,ELAINE CRISTINA SOARES DA COSTA,ELAINE SOARES,F,08/11/1974,Válido,51
51800,296,Suplente,ANDRÉ LUÍS DOS SANTOS SILVA,ANDRE LUIS,M,28/12/1967,Válido,51
51101,480,Suplente,ANDERSON SILVA SANTOS DE LIMA,ANDERSON SILVA,M,09/12/1994,Válido,51
51338,86,Suplente,ANABETE MONICA DE OLIVEIRA GOMES,MONICA MELO,F,20/06/1963,Válido,51
51300,1054,Suplente,ANTONIO PAULO DE OLIVEIRA FERREIRA,PAULO FERREIRA,M,30/03/1985,Válido,51
51515,218,Suplente,CERES DE SOUZA LEAO MACEDO,CERES LEAO,F,12/04/1972,Válido,51
51677,808,Suplente,ROBERTO LUCIO DE OLIVEIRA DIAS,ROBERTO TUAREGS,M,12/12/1953,Válido,51
51123,488,Suplente,VICENTE DE PAULA BRITO NETO,CAPITAO BRITO,M,25/01/1979,Válido,51
51600,14,Suplente,SALMA CAVALCANTE DE ALBUQUERQUE,SALMA ALBUQUERQUE,F,08/06/1964,Válido,51
51777,2332,Eleito,CARLOS HENRIQUE DA COSTA SANTOS,CARLAO PELO BEM,M,18/07/1974,Válido,51
51110,167,Suplente,THEREZA NOEMIA DE FARIA JUNIOR,THEREZA FORMIGA,F,21/10/1981,Válido,51
51192,496,Suplente,FABIO PETTERSON VIEIRA DA SILVA,FABIO PETTERSON,M,13/06/1979,Válido,51
51999,298,Suplente,TACIANA GOMES PINTO AMARAL GOUVEIA MONIZ,TACIANA MONIZ,F,06/11/1973,Válido,51
51005,407,Suplente,WAMBERTO DA SILVA,SARGENTO WAMBERTO,M,10/12/1976,Válido,51
51333,149,Suplente,BRUNO MONTEIRO GABINIO,BRUNO GABINIO,M,19/08/1971,Válido,51
51000,2731,Eleito,MARCILIO PEDRO SIQUEIRA FERREIRA,MARCILIO DO HBE,M,22/07/1965,Válido,51
51888,684,Suplente,LEONARDO VINICIUS ALVES DA SILVA FIGUEIREDO,LEO SILVA,M,22/10/1978,Válido,51
51555,1375,Suplente,PAMELA MONIQUE CARDOSO BORIO,PAMELA BORIO,F,27/08/1983,Válido,51
51051,1396,Suplente,JACKSON EVANGELISTA SOUSA DA SILVA,JACKSON EVANGELISTA,M,04/02/1983,Válido,51
51444,1143,Suplente,JAYME FELIX CARDOSO NETO,JAYME CARDOSO,M,22/06/1996,Válido,51
51788,170,Suplente,CLAUDIO MARINHO DE PONTES,SGT MARINHO,M,28/11/1976,Válido,51
51345,128,Suplente,WILLEN WAGNER ANDRADE DE PAIVA,WILLEN WAGNER,M,09/01/1982,Válido,51
51150,260,Suplente,POLLYANNA BRENNA BATISTA DOS SANTOS,POLLYANNA BRENNA,F,15/03/1997,Válido,51
51190,526,Suplente,FERNANDO ANTONIO DE OLIVEIRA DOS PASSOS,FERNANDO PASSOS,M,02/01/1968,Válido,51
51151,362,Suplente,SÓSTENI DOS SANTOS BEZERRA,SGT. SÓSTENI,M,30/07/1966,Válido,51
51100,137,Suplente,AUGUSTO JOSÉ DE SEIXAS JUNIOR,GORDINHO DOS IMOVEIS,M,21/10/1976,Válido,51
51234,632,Suplente,ALISSON NOVAIS DE PAULA,ALISSON GÊMEOS,M,22/01/1986,Válido,51
51456,901,Suplente,JOSÉ SATURNINO DE SOUSA,SATURNO SATURNINO,M,24/11/1968,Válido,51
51038,1315,Suplente,MICHELE FERREIRA DE ASSIS,MICHELE ASSIS,F,02/01/1985,Válido,51
51111,1461,Suplente,RUI DA SILVA NÓBREGA,CABO RUI,M,09/11/1982,Válido,51
18083,214,Não eleito,ROBERTO SOARES COSTA FILHO,BOBI SOARES,M,07/10/1984,Válido,18
18126,258,Não eleito,ANIELY MIRTES SOARES ALVES,ANIELY MIRTES,F,29/03/1980,Válido,18
18000,246,Não eleito,ALEX DE BRITO MARINHO,ALEX MARINHO,M,03/12/1986,Válido,18
18888,66,Não eleito,JAKSON DOS SANTOS BARBOSA,PROFESSOR JAKSON,M,17/11/1984,Válido,18
18190,70,Não eleito,JOSÉ FERNANDES DE SOUSA,XERIFE DO BELO,M,30/03/1958,Válido,18
18123,245,Não eleito,IRAN DE SOUSA GOMES,IRAN GOMES,M,21/01/1997,Válido,18
18222,395,Não eleito,ESIO AUGUSTO DE BARROS,PROFESSOR ÉSIO,M,09/07/1971,Válido,18
18135,46,Não eleito,MARLI SILVA DE ANDRADE,PALHACINHA FOFOLETE,F,22/07/1971,Válido,18
18333,39,Não eleito,JOSIANE MENEZES DE MOURA BRITO,PROFESSORA JOSIANE,F,16/09/1980,Válido,18
18400,262,Não eleito,EDUARDO RAMALHO RABENHORST,EDUARDO RABENHORST,M,09/05/1966,Válido,18
18121,11,Não eleito,NELSON GALDINO GOMES,NELSON GOMES,M,20/06/1987,Válido,18
18111,3,Não eleito,JOÃO SALES DE SOUZA FILHO,J SALES,M,13/08/1982,Válido,18
18001,51,Não eleito,JOSILENE DE LUNA FREIRE BARRETO,JOSILENE LUNA,F,02/10/1969,Válido,18
77122,61,Não eleito,ALVARO ANDRÉA MAGLIANO JUNIOR,ALVARO MAGLIANO,M,25/10/1978,Válido,77
77222,525,Não eleito,UBIRATAN FERREIRA DOS SANTOS,MANHOSO DA CAPOEIRA,M,16/10/1976,Válido,77
77777,1218,Não eleito,HIPERNESTRE RAMOS CARNEIRO DE AZEVEDO,HIPERNESTRE,F,30/08/1963,Válido,77
77771,93,Não eleito,LUIS CARLOS BENTO LIRA,LUIS GAGUINHO,M,21/03/1982,Válido,77
77333,453,Não eleito,ALICE DO CARMO TORRES ANGELO,ALICE ANGELO,F,13/09/1966,Válido,77
77123,1631,Não eleito,EVANDRO SERGIO DE AZEVEDO ARAUJO,SERGIO DA SAC,M,03/11/1960,Válido,77
77000,473,Não eleito,MARCIA CAVALCANTI MENEZES,MARCIA DA SALADA,F,14/04/1981,Válido,77
77444,108,Não eleito,SEVERINA DE CARVALHO ROSENDO,PASTORA RAMINHA,F,17/04/1962,Válido,77
77177,205,Não eleito,JOELNA FIGUEIREDO,JOELNA FIGUEIREDO,F,22/07/1978,Válido,77
77001,50,Não eleito,ADEMIR DE LUCENA,ADEMIR DE LUCENA,M,03/06/1964,Válido,77
77999,599,Não eleito,PAULO BATISTA ALVES,PAULO DO SÃO JOSE,M,12/10/1985,Válido,77
77033,168,Não eleito,JEANE CELESTE NEVES,JEANE NEVES,F,03/03/1964,Válido,77
77888,1390,Não eleito,CARLOS AUGUSTO LEITAO REGIS,GUGA REGIS,M,15/05/1984,Válido,77
77069,25,Não eleito,IDILBERTO XAVIER FERREIRA JUNIOR,IDILBERTO JUNIOR,M,16/11/1989,Válido,77
77112,51,Não eleito,FRANCISCA LIDUINA LEITÃO DE OLIVEIRA,FRANCISCA DA CULTURA,F,03/09/1975,Válido,77
77349,1,Não eleito,EDUARDO CARLOS CAVICCHIOLLI DE OLIVEIRA PINTO,EDUARDO CAVICCHIOLLI PINTO,M,14/07/1971,Válido,77
77007,375,Não eleito,MARCIO DE OLIVEIRA CAMPOS,MARCIO CAMPOS,M,06/10/1973,Válido,77
77100,227,Não eleito,REGINALDO HENRIQUES NOBRE,REGINALDO NOBRE,M,23/01/1959,Válido,77
77770,100,Não eleito,JAKELINE MARIA DA SILVA,KELY DO BOTAFOGO,F,08/12/1979,Válido,77
77555,96,Não eleito,GERALDO DA SILVA,GERALDO GARCOM,M,12/05/1975,Válido,77
77127,38,Não eleito,THAISY CRISTINA DA NOBREGA CARDOSO,THAISY CARDOSO,F,09/08/1987,Válido,77
77235,14,Não eleito,FABIANO SOARES BATISTA,FABIANO SOARES,M,20/03/1959,Válido,77
77683,89,Não eleito,INACIO JOSE RIBEIRO MONTENEGRO,NANA MONTENEGRO,M,21/04/1945,Válido,77
77077,107,Não eleito,JOSE FELIPE DA FONSECA,JOSE FELIPE,M,20/02/1968,Válido,77
77111,554,Não eleito,JOAO DA COSTA FRAZAO JUNIOR,JUNIOR FRAZAO,M,02/02/1970,Válido,77
77666,37,Não eleito,WELLINGTON AUGUSTO DA SILVA,WELLINGTON ARAUJO,M,12/05/1966,Válido,77
10300,97,Suplente,SÔNIA CRISTINA TRIGUEIRO DE LUCENA,SÔNIA LUCENA,F,07/09/1971,Válido,10
10999,133,Suplente,CRISTIANO TRINDADE DE ANDRADE,PASTOR CRISTIANO,M,20/06/1978,Válido,10
10456,393,Suplente,WASHINGTON ALENCAR GOMES,WASHINGTON ALENCAR,M,08/08/1981,Válido,10
10010,69,Suplente,EDUARDO JORGE SOUZA DE FREITAS,EDUARDO JORGE,M,24/09/1970,Válido,10
10222,160,Suplente,SANDRA ALVES DE FREITAS,SANDRA ALVES,F,27/03/1977,Válido,10
10958,11,Suplente,MARIA ARES MENESES BARBOSA,ARES MARA,F,03/09/1958,Válido,10
10700,1019,Não eleito,JOSE FERNANDO DE ARAÚJO,FERNANDO DO GROTÃO,M,30/08/1961,Anulado sub judice,10
10123,5883,Eleito,JOSÉ LUIZ PEREIRA GONÇALVES,BISPO JOSÉ LUIZ,M,07/11/1963,Válido,10
10107,67,Suplente,MOISES PEREIRA,PASTOR MOISES,M,08/04/1965,Válido,10
10193,127,Suplente,JOSÉ WALBER RUFINO TAVARES,CORONEL RUFINO,M,26/04/1966,Válido,10
10789,321,Não eleito,PEDRO CLEMENTINO DE SOUZA,PEDRINHO DA HABITAÇÃO,M,12/11/1975,Anulado sub judice,10
10444,213,Suplente,EDIVANIA TRINDADE DE LACERDA,DELEGADA BOB,F,20/06/1973,Válido,10
10677,56,Suplente,WELLINGTON CARNEIRO DA SILVA,WELLINGTON CARNEIRO,M,02/07/1969,Válido,10
10333,83,Suplente,ANTONIO MOURA DOS SANTOS,MOURA DO COLINAS,M,12/01/1956,Válido,10
10277,199,Suplente,ANDRÉ LUIZ MACEDO CORREIA LIMA,ANDRÉ MACEDO,M,30/03/1974,Válido,10
10345,521,Suplente,JOSÉ ADEILTON MEIRA BEZERRA,CHEF ADEILTON ,M,04/10/1971,Válido,10
10200,57,Suplente,MARIA DIANA PAULO BARBOSA,DIANA BARBOSA,F,11/03/1976,Válido,10
10000,4000,Suplente,HELTON RENÊ NUNES HOLANDA,HELTON RENÊ,M,21/10/1976,Válido,10
10041,5,Suplente,LIDIANE DE LIMA ALVES CAVALCANTI,LIDIANE CAVALCANTI,F,26/07/1984,Válido,10
10190,162,Suplente,VICTOR ALEXANDRE SILVA DE BRITO,CABO VICTOR,M,28/11/1983,Válido,10
10500,125,Suplente,ANDERSON ROQUE DA SILVA,APOSTOLO ANDERSON HENRIQUE,M,18/01/1994,Válido,10
10610,2,Não eleito,LUCIANO SOUZA RIBEIRO FILHO,LUCIANO RIBEIRO NOVINHO,M,11/06/1991,Anulado sub judice,10
10101,199,Suplente,GILVAN SEVERINO BARBOSA,GILVAN BARBOSA,M,29/01/1972,Válido,10
10111,924,Suplente,FRANCISCO DA SILVA GOMES,POCA CABELEIREIRO,M,09/01/1976,Válido,10
10278,307,Suplente,EMERSON DINIZ FERREIRA DA SILVA,ROSALINDA,M,27/08/1983,Válido,10
10121,174,Suplente,ANTONIO MAURICIO MARTINS RODRIGUES,MAURICIO DOS PRESTADORES,M,30/05/1979,Válido,10
10234,312,Suplente,EUDES HENRIQUE DE LIMA,EUDES HENRIQUE,M,02/11/1982,Válido,10
10555,279,Suplente,DIOGO SOUTO DE ALMEIDA,DIOGO SOUTO,M,16/10/1977,Válido,10
10223,76,Suplente,MARIA NUBIA DA ROCHA OLIVEIRA,NUBIA ROCHA,F,28/12/1962,Válido,10
10390,6,Suplente,VALQUIRIA LIMA DE BRITO,VALQUIRIA LIMA,F,28/08/1989,Válido,10
10191,44,Suplente,JOSE OTAIR SALVINO DA SILVA,OTAIR,M,03/12/1974,Válido,10
10630,18,Suplente,MARIA APARECIDA PEREIRA SOARES,CIDA PEREIRA,F,14/07/1963,Válido,10
10831,0,Suplente,MARLENE GARLA PEREIRA DA SILVA,MARLENE GARLA,F,18/09/1954,Válido,10
10192,48,Suplente,IVALDO BARBOSA DA SILVA,BARBOSA DO GERVASIO,M,17/08/1951,Válido,10
10321,461,Suplente,GILBERTO RODRIGUES DA SILVA,GILBALA,M,06/11/1990,Válido,10
10888,261,Suplente,JOSÉ AGUINALDO MOTA,AGUINALDO MOTA,M,31/05/1963,Válido,10
10747,114,Suplente,PATRICE DANIELLE DE OLIVEIRA CORREIA,PASTORA DANIELLE,F,04/09/1977,Válido,10
10969,145,Suplente,DJANE BARROS DA SILVA,DJANE BARROS,F,18/08/1962,Válido,10
10122,946,Suplente,EDIZIO CRUZ DA SILVA,EDIZIO CRUZ,M,22/03/1965,Válido,10
10777,213,Suplente,RENATA PRISCILLA BEZERRA DA SILVA,RENATA PRISCILLA,F,25/01/1985,Válido,10
10100,79,Suplente,YAN ANDERSON SOUSA DOS SANTOS,YAN ANDERSON,M,12/05/1994,Válido,10
80180,475,Não eleito,VITÓRIA OHARA MEIRELES DIAS,VITÓRIA OHARA,F,23/03/2000,Válido,80
80100,277,Não eleito,DANIEL PEREIRA DOS SANTOS,DANIEL PEREIRA,M,27/12/1985,Válido,80
80123,70,Não eleito,JONAS SOUZA DA SILVA,JONAS SOUZA,M,30/12/1978,Válido,80
