numero,votos_nominais,situacao,nome,nome_urna,sexo,data_nasc,destino_voto,numero_partido
11110,150,Suplente,EDUARDO JOSÉ DA SILVA,EDUARDO JOSÉ,M,15/03/1983,Válido,11
11500,95,Suplente,JOSÉ EVANGELISTA DE PAULA SILVA,EVANGELISTA DO POVÃO,M,18/03/1972,Válido,11
11123,4103,Eleito,MANOEL BEZERRA DA SILVA NETO,NETO DO ANGELIM,M,05/11/1973,Válido,11
11113,2004,Suplente,STANLEY FREIRE COSTA E SILVA,STANLEY FREIRE,M,29/10/1991,Válido,11
11234,2017,Suplente,PEDRO FERNANDES LEITE,PEDRO FERNANDES,M,05/05/1967,Válido,11
11112,498,Suplente,MARIA FERREIRA CASTELO BRANCO ROCHA,MARIOLA,F,25/12/1947,Válido,11
11530,35,Suplente,CRISTIANE DO NASCIMENTO CARDOSO,CHRISTIANE CARDOSO,F,02/02/1980,Válido,11
11741,4039,Suplente,MARIA DAS GRAÇAS DA SILVA AMORIM,GRAÇA AMORIM,F,21/07/1960,Válido,11
11555,286,Suplente,JURANDI DE AGUIAR VIANA,JURANDI VIANA,M,10/06/1967,Válido,11
11888,60,Suplente,FLÁVIO DANTAS LAGO,FLÁVIO DANTAS,M,22/09/1976,Válido,11
11120,25,Suplente,ROMARIO BATISTA MIRANDA,ROMÁRIO VEREADOR,M,01/02/1973,Válido,11
11444,3426,Suplente,VICTOR LINHARES DE PAIVA,VICTOR LINHARES,M,30/09/1986,Válido,11
11225,180,Suplente,AURICELIA NUNES EVANGELISTA FREITAS,AURICELIA NUNES,F,25/08/1977,Válido,11
11162,148,Suplente,ZENAIDE FERREIRA DA SILVA,ZENAIDE FERREIRA,F,02/01/1962,Válido,11
11456,4034,Suplente,INÁCIO HENRIQUE CARVALHO,INÁCIO CARVALHO,M,29/03/1960,Válido,11
11115,107,Suplente,MARCELA TAVARES SILVA,MARCELA TAVARES SILVA,F,06/06/1977,Válido,11
11333,228,Suplente,JOSELÉ ELIAS MARTINS,JOSELÉ MARTINS,M,03/01/1973,Válido,11
11463,287,Suplente,LAURA MARIA MARQUES,LAURINHA,F,04/07/1963,Válido,11
11232,38,Suplente,HÉLIO BARBOSA RIBEIRO MAGALHÃES,HÉLIO DA MACAÚBA,M,16/10/1959,Válido,11
11567,4484,Eleito,VALDEMIR SIVIRINO VIRGINO,VALDEMIR VIRGINO,M,19/01/1963,Válido,11
11789,1469,Suplente,LUCIANA PINTO DE SOUSA SILVEIRA ASSUNÇÃO,LUCIANA SEBIM,F,20/12/1984,Válido,11
11678,143,Suplente,ERLAN DE SOUSA RABELO,ERLAN,M,27/02/1978,Válido,11
11134,79,Suplente,VIRNA LISI DA CRUZ SANTOS,CANTORA VIRNA LISI,F,19/02/1972,Válido,11
11100,41,Suplente,FRANCISCO DE ASSIS DE SOUSA,DE ASSIS,M,27/10/1963,Válido,11
11777,678,Suplente,ALEXANDRE AUGUSTO ANDRADE ALMEIDA,ALEXANDRE ALMEIDA,M,03/04/1988,Válido,11
11256,151,Suplente,IRALDENON ROCHA MONTEIRO,PROFESSOR IRAL,M,09/12/1967,Válido,11
11455,209,Suplente,LUCIA ALVES DE ARAUJO LIMA,LUCINHA LIMA,F,29/09/1968,Válido,11
11999,1958,Suplente,CELINA DA COSTA TOURINHO,CELINA TOURINHO,F,10/11/1973,Válido,11
11190,126,Suplente,ANTONIO MARCOS DA SILVA SANTOS,MARCOS ANTÔNIO,M,18/10/1975,Válido,11
11576,35,Suplente,MANOEL ALMEIDA DE MORAIS,CORONEL ALMEIDA,M,18/06/1960,Válido,11
11144,109,Suplente,SANDRA MARIA BARBOSA MAGALHÃES,JAMAIKA,F,01/09/1972,Válido,11
11111,4712,Eleito,ALUÍSIO PARENTES SAMPAIO NETO,ALUÍSIO SAMPAIO,M,11/05/1980,Válido,11
11000,1338,Suplente,ELIZEU MORAIS DE AGUIAR,ELIZEU AGUIAR,M,28/05/1966,Válido,11
11258,1501,Suplente,TATIANA MARIA MELO GUIMARÃES DOS SANTOS,ENFERMEIRA TATIANA MELO,F,28/05/1979,Válido,11
15678,108,Suplente,MARIA JOSÉ MORAIS CUNHA,MAZÉ,F,20/03/1949,Válido,15
15109,89,Suplente,LUIZ FÁBIO DA SILVA,FÁBIO DA VILA MOCAMBINHO,M,13/01/1973,Válido,15
15155,207,Suplente,ELIZABETH LOURDES FERREIRA DE OLIVEIRA,BETH CUSCUZ,F,05/05/1953,Válido,15
15031,16,Suplente,RAIMUNDO BORGES QUARESMA,QUARESMA,M,24/05/1955,Válido,15
15555,3534,Suplente,JOAQUIM SILVIO CALDAS FILHO,JOAQUIM DO ARROZ,M,03/10/1968,Válido,15
15001,82,Suplente,ANTÔNIO DA SILVA VERAS,ANTÔNIO VERAS,M,29/11/1962,Válido,15
15114,1747,Suplente,MARCOS AURÉLIO ALVES MONTEIRO,MARQUIM MONTEIRO,M,13/05/1983,Válido,15
15666,94,Suplente,ALDENICE COSTA MORAES,ALDENICE MORAES,F,26/06/1982,Válido,15
15444,79,Suplente,CLAUDETE MIRANDA CASTRO,CLAUDETE MIRANDA,F,21/03/1978,Válido,15
15123,11062,Eleito,JEOVA BARBOSA DE CARVALHO ALENCAR,JEOVÁ ALENCAR,M,16/04/1974,Válido,15
15690,3774,Eleito,LUIZ GONZAGA LOBÃO CASTELO BRANCO,DR LUIZ LOBÃO,M,28/05/1957,Válido,15
15151,1987,Suplente,JOSÉ RONCALLI COSTA PAULO FILHO,RONCALLI FILHO,M,10/06/1994,Válido,15
15789,78,Suplente,LUIS CABRAL,CABRAL,M,10/05/1959,Válido,15
15220,112,Suplente,MARILENE CAMPELO DE SOUSA,MARILENE CAMPELO,F,12/01/1985,Válido,15
15111,485,Suplente,VALDEMAR DA PENHA,VALDEMAR DA PENHA,M,25/09/1960,Válido,15
15110,3135,Suplente,DANIEL ARAÚJO DE CARVALHO,DANIEL CARVALHO,M,26/01/1995,Válido,15
15680,4095,Eleito,JOSÉ NITO DE OLIVEIRA SOUSA,PROFESSOR ZÉ NITO,M,22/09/1964,Válido,15
15957,163,Suplente,FRANCISCO DAS CHAGAS PINHEIRO MARTINS,PINHEIRO MARTINS,M,09/07/1957,Válido,15
15134,113,Suplente,ADRIANA AIRES GRANJA,ADRIANA AIRES DETERMINADA,F,09/09/1976,Válido,15
15777,196,Suplente,MARCELO MELO LIMA,CAPITÃO MARCELO,M,16/02/1974,Válido,15
15100,94,Suplente,GEORGE ALMEIDA LOPES BEZERRA,DR GEORGE ALMEIDA,M,20/07/1974,Válido,15
15228,112,Suplente,ANTÔNIO FERREIRA DA SILVA,PANZILÃO,M,23/01/1948,Válido,15
15999,30,Suplente,GILSON RODRIGUES SOARES,MIRIM PLAYBOY,M,06/03/1974,Válido,15
15222,321,Suplente,FABIANA ALVES CAVALCANTE MONTEIRO,FABIANA MONTEIRO,F,30/06/1976,Válido,15
15800,75,Suplente,MARIA DO SOCORRO COSTA,SOCORRO DA PONTUAL,F,21/02/1950,Válido,15
15000,668,Suplente,ELIELSON MACIEL SANTANA,ELIELSON SANTANA,M,06/05/1979,Válido,15
15115,307,Suplente,ANTÔNIO CLEMILTON COSTA LIMA,PROFESSOR CLEMILTON,M,02/10/1968,Válido,15
15456,61,Suplente,SEBASTIÃO MIRANDA SOUSA,CÁSSIO BRUNO,M,20/01/1970,Válido,15
15010,121,Suplente,SIMÃO TELES BACELAR,SIMA,M,07/03/1948,Válido,15
15369,48,Suplente,RAIMUNDO BACELAR DE CARVALHO FILHO,BACELAR O CAJU,M,10/04/1956,Válido,15
15012,98,Suplente,VALDILENE BRITO DE OLIVEIRA,VALDILENE,F,05/11/1974,Válido,15
15333,200,Suplente,DENILDES RODRIGUES DE LIMA,NEGRA DILL,F,19/02/1985,Válido,15
25251,900,Suplente,DAVID ALVES DA SILVA,DAVID DA GENTE,M,03/09/1979,Válido,25
25002,51,Suplente,FRANCISCA DE SALES RODRIGUES FERREIRA,FRANCIROSE,F,28/07/1956,Válido,25
25622,452,Suplente,FLORÊNCIO RIBEIRO DE CARVALHO NETO,FLORÊNCIO RIBEIRO,M,13/11/1949,Válido,25
25101,1436,Suplente,EVALDO LUCAS DO NASCIMENTO,LUCAS DO BEM,M,28/01/1973,Válido,25
25952,145,Suplente,ROBERT DIAS DE ALMEIDA,ROBERT DIAS,M,26/04/1953,Válido,25
25555,838,Suplente,JOSÉ MILTON DE CARVALHO FERREIRA,MILTON CARVALHO,M,29/10/1969,Válido,25
25321,667,Suplente,EVANDRO MARQUES CUNHA,EVANDRO MARQUES,M,21/08/1976,Válido,25
25125,713,Suplente,JOAQUIM RODRIGUES DA SILVA JÚNIOR,JOAQUIM JUNIOR,M,03/01/1979,Válido,25
25100,370,Suplente,DIONISIO CARVALHO NETO,DIONISIO CARVALHO,M,17/12/1985,Válido,25
25900,2,Suplente,LARA WELL MAGALHÃES ROCHA,LARA MAGALHÃES,F,16/07/1990,Válido,25
25007,790,Suplente,JULIO TAJRA FORTES,JULIO TAJRA,M,25/05/1982,Válido,25
25190,1590,Eleito,ROBERVAL AZEVEDO QUEIROZ,CAPITÃO ROBERVAL QUEIROZ,M,07/12/1971,Válido,25
25300,170,Suplente,FRANSLEY SANTOS SOUSA,FRANSLEY,M,24/12/1978,Válido,25
25888,216,Suplente,FRANCISCO DAS CHAGAS DE SOUSA FILHO,CHAGAS BORGES,M,01/08/1973,Válido,25
25025,504,Suplente,ROBERT IBIAPINA GOMES,ROBERT IBIAPINA,M,02/09/1967,Válido,25
25192,68,Suplente,MARIA DA CONCEIÇÃO MOURÃO BATISTA VIANA,CONCEIÇÃO DA SAUDE,F,30/11/1959,Válido,25
25001,99,Suplente,MARCIO CELIO DE CASTRO COSTA,PROF MARCINHO,M,04/07/1979,Válido,25
25500,482,Suplente,PAULO SANDRO ALVES DE SOUSA,PAULO SANDRO,M,24/02/1984,Válido,25
25111,2062,Eleito,MARCOS VENICIUS MEDEIROS COSTA FILHO,MARKIM COSTA,M,16/02/1982,Válido,25
25678,1170,Suplente,TATIANA TEIXEIRA MEDEIROS,TATIANA MEDEIROS,F,10/02/1989,Válido,25
25600,31,Suplente,WALTERNEYA GOMES PEREIRA,WAL GOMES,F,11/08/1973,Válido,25
25456,70,Suplente,LUCIA DE FATIMA LEITE SOARES MELO,LUCIA DE FATIMA,F,15/10/1960,Válido,25
25255,373,Suplente,FRANCISCO DAS CHAGAS SILVA SOUZA,CHICÃO DONA MARIA,M,15/12/1963,Válido,25
25220,75,Suplente,FRANCISCO DAS CHAGAS PEREIRA DE SOUSA,FRANCISCO SOUSA,M,25/11/1979,Válido,25
25122,32,Suplente,MARIA EDNA MONTEIRO,EDNA MONTEIRO,F,06/10/1967,Válido,25
25027,27,Suplente,MARIA DE JESUS ALVES DA SILVA,MARIA DE JESUS,F,02/12/1972,Válido,25
25000,40,Suplente,ANA LUIZA DA SILVA,PROF. ANALUIZA,F,29/07/1944,Válido,25
25777,161,Suplente,MARA RACHEL ALBUQUERQUE MATOZINHO,RACHEL,F,20/02/1988,Válido,25
25887,69,Suplente,LENILSON VIEIRA DA SILVA,VIGILANTE LENILSON,M,17/11/1983,Válido,25
25333,1263,Suplente,CELSO HENRIQUE BARBOSA LIMA,CELSO HENRIQUE,M,07/08/1963,Válido,25
25123,569,Suplente,JOSUILA FEITOSA DE CARVALHO BRITO,JOSUILA BRITO,F,16/03/1960,Válido,25
25700,539,Suplente,FRANCISCO DAS CHAGAS COSTA OLIVEIRA,QUEMQUEM,M,29/12/1971,Válido,25
25114,101,Suplente,ANTONIO FRANCISCO DA SILVA,DA SILVA,M,12/07/1976,Válido,25
25800,443,Suplente,LUIZ ALEXANDRE FEITOSA ABREU,ALEXANDRE PALMER,M,28/02/1994,Válido,25
25444,559,Suplente,JOÃO BATISTA DUARTE BORGES,CABEÇA BRANCA,M,02/03/1959,Válido,25
25252,77,Suplente,IANA CUNHA DE MELO,IANA,F,31/07/1966,Válido,25
25145,525,Suplente,LUIS GONZAGA SAMPAIO DE SOUSA,LUIZ GONZAGA,M,04/05/1973,Válido,25
25234,75,Suplente,MARIA RODRIGUES BEZERRA SANTOS,SANTINHA,F,01/11/1967,Válido,25
25178,93,Suplente,ANTONIO ALMEIDA DE SOUSA,TOINHO DUFRANGO,M,16/10/1962,Válido,25
25222,1219,Suplente,RAFAEL MACHADO,DR. RAFAEL MACHADO,M,13/12/1985,Válido,25
25999,294,Suplente,SALOMÃO DA SILVA FERREIRA,PROF SALOMÃO SILVA,M,27/12/1972,Válido,25
25666,150,Suplente,LAILTON MATIAS DA SILVA,LAILTON MATIAS,M,22/08/1994,Válido,25
25789,311,Suplente,CARLOS ALBERTO VIVEIROS DE SOUSA ALMEIDA,CARLOS ALMEIDA,M,19/04/1974,Válido,25
25102,17,Suplente,JOSEFA GONÇALVES DA SILVA,ZEFA,F,19/03/1964,Válido,25
65727,57,Não eleito,ANTÔNIA MARIA LUCINDA FEITOSA CAVALCANTE,LUCINDA CAVALCANTE,F,17/08/1972,Válido,65
65015,49,Não eleito,FRANCISCO JOSÉ MACEDO,XEXÉU,M,01/05/1964,Válido,65
65220,122,Não eleito,GILVAN RODRIGUES MONTEIRO,GILVAN MONTEIRO,M,21/12/1978,Válido,65
65333,193,Não eleito,SÉRGIO FERNANDES IBIAPINA RUFINO,SERGIO RUFINO,M,17/10/1965,Válido,65
65444,724,Não eleito,LIBONATO DE CARVALHO ROCHA,PROFESSOR LIBONATO,M,09/09/1960,Válido,65
65655,206,Não eleito,RODRIGO MAXWEL SARAIVA SANTOS DE SOUSA,RODRIGO MAXWEL,M,29/07/1994,Válido,65
65200,89,Não eleito,LETÍCIA FERNANDA CHAVES DIAS,LETÍCIA FERNANDA,F,15/08/1995,Válido,65
65029,4,Não eleito,SIMONE FERREIRA CAMPOS,SIMONE,F,29/08/1972,Válido,65
65236,54,Não eleito,MYRLLA CRISTIANE RODRIGUES OLIVEIRA,MYRLLA RODRIGUES,F,25/09/1977,Válido,65
65010,402,Não eleito,FRANCISCO ANTÔNIO VIEIRA,FRANCISCO PELLÉ,M,23/07/1964,Válido,65
65631,18,Não eleito,ITALO CASTELO BRANCO MENDES,ITALO CASTELO,M,02/04/1995,Válido,65
65100,199,Não eleito,TELENO BARTOLOMEU NOBRE ROCHA,TELENO,M,24/08/1983,Válido,65
65013,73,Não eleito,FRANCISCO DE SALES CAMPELO,CHICHICO SALES,M,29/01/1960,Válido,65
65139,46,Não eleito,MARIA ALICE MENDES DA SILVA,ALICE MENDES,F,31/05/1986,Válido,65
65123,266,Não eleito,MARCOS MARCELO SOUZA E SILVA,MARCELO FISCAL,M,09/01/1980,Válido,65
65122,275,Não eleito,FRANCISCO FERREIRA DA SILVA,IRMÃO FERREIRINHA,M,05/03/1955,Válido,65
65555,1116,Não eleito,VANDERLEY CARDOSO BENTO,VANDERLEY DOS CONDOMÍNIOS,M,02/01/1976,Válido,65
65999,107,Não eleito,SHEILA PIEROTE ROCHA,SHEILA PIEROT,F,14/09/1983,Válido,65
65000,246,Não eleito,DAVID MELO SOBRINHO,PROFESSOR DAVID,M,24/08/1969,Válido,65
65656,128,Não eleito,TERESINHA DE JESUS ALVES AGUIAR,TETÊ AGUIAR,F,09/01/1964,Válido,65
65001,142,Não eleito,KLEBER IBIAPINA GOMES,PROFESSOR KLEBER,M,09/11/1965,Válido,65
65111,169,Não eleito,PAULO HENRIQUE DA SILVA MARQUES,PAULINHO PH,M,19/02/1967,Válido,65
65432,32,Não eleito,RODRIGO MENDES DE CARVALHO,RODRIGO BIOMÉDICO,M,26/11/1978,Válido,65
65800,57,Não eleito,JOÃO CARLOS MACEDO ROSENDO SILVA,JOÃO ROSENDO,M,30/10/1984,Válido,65
65180,185,Não eleito,FRANCISCA ZELMA LIMA CAVALCANTE,ZELMA,F,19/01/1963,Válido,65
65002,108,Não eleito,LEÔNIDAS FERREIRA DA SILVA SANTANA,LEÔNIDAS BOQUINHA,M,03/06/1970,Válido,65
65650,1640,Não eleito,ISADORA MAGALDA MORAIS CORTEZ,ISADORA,F,29/10/1990,Válido,65
65222,545,Não eleito,FRANCISCO HUALISSON PEREIRA DA SILVA,DOUTORZINHO HUALISSON,M,01/11/1983,Válido,65
65300,10,Não eleito,MARIA EDILEUZA MORAES DA SILVA,MARIA EDILEUZA,F,19/10/1955,Válido,65
65777,1231,Não eleito,FRANCISCO ROBERTO MADEIRA PINTO,ROBERTO MADEIRA,M,23/04/1966,Válido,65
65789,97,Não eleito,FRANCIMILTON DIAS ARAÚJO,FRANCIMILTON,M,20/12/1978,Válido,65
30000,810,Não eleito,WANESSA MONTE VIANA MENDES,WANESSA VIANA,F,18/12/1986,Válido,30
12456,46,Suplente,MARCIO LUIZ SANTANA DE OLIVEIRA,MARCIO DIRCEU,M,18/06/1973,Válido,12
12500,211,Suplente,DAVID MATHEUS LIMA SANTANA CASTRO,DAVID CASTRO,M,02/01/1998,Válido,12
12222,1648,Suplente,FLORO MAUEL ALMEIDA PROBO,FLORO MAUEL,M,13/02/1987,Válido,12
12330,88,Suplente,MAGVAN ALVES DA SILVA,MAGVAN ALVES,M,30/11/1977,Válido,12
12333,1948,Suplente,ROBERTO VIANA DA SILVA,ROBERTO VIANA,M,07/03/1976,Válido,12
12457,169,Suplente,PAULO ROBERTO BARREIRA DE CARVALHO,PAULO ROBERTO,M,18/04/1957,Válido,12
12377,22,Suplente,TANIA MARIA DE ARAUJO,TANIA ARAUJO,F,13/02/1972,Válido,12
12121,748,Suplente,VESPASIANO PINTO DE CARVALHO FILHO,VESPASIANO,M,16/08/1981,Válido,12
12857,21,Suplente,MARIA LUCIA AUGUSTA DAS NEVES,AUGUSTA NEVES,F,28/08/1957,Válido,12
12444,261,Suplente,JANAÍNA MOURA EVANGELISTA DE MELO,JANAÍNA MELO,F,18/08/1976,Válido,12
12000,2564,Eleito,ALAN BRANDÃO DOS SANTOS SOUSA,ALAN BRANDÃO,M,27/08/1982,Válido,12
12180,284,Suplente,LESSANDRA RIBEIRO CARVALHO,PROFESSORA LESSANDRA,F,06/05/1983,Válido,12
12611,1665,Suplente,DANIELE CRISTINA DA SILVA MIRANDA EULALIO,DANIELE MIRANDA,F,28/08/1972,Válido,12
12580,56,Suplente,LIVIA MARA ARAUJO CRUZ,LIVIA MARA,F,03/04/1983,Válido,12
12555,1177,Suplente,CELENE FERNANDES DA SILVA,CELENE FERNANDES,F,17/12/1971,Válido,12
12300,2490,Suplente,GERALDO JARQUES PEREIRA FILHO,GERALDIN,M,24/02/1980,Válido,12
12477,118,Suplente,SANDRA MARIA OSTERNO DA SILVA,SANDRA OSTERNO,F,30/05/1967,Válido,12
12731,43,Suplente,JAMIERSON GOMES COSTA,JAMIERSON COSTA,M,31/07/1983,Válido,12
12111,2200,Suplente,ENIO SERGIO BATISTA PORTELA,ENIO PORTELA,M,19/08/1986,Válido,12
12888,275,Suplente,WILDSON DA CONCEIÇÃO ARAUJO,WILDSON ARAUJO,M,13/11/1982,Válido,12
12777,181,Suplente,OBEDE SANTANA CRUZ DA SILVA,OBEDE SANTANA,M,07/10/1979,Válido,12
12345,6943,Eleito,EVANDRO TAJRA HIDD FILHO,EVANDRO HIDD,M,08/09/1984,Válido,12
12123,4342,Eleito,ENZO SAMUEL ALENCAR SILVA,ENZO SAMUEL,M,27/08/1985,Válido,12
12168,49,Suplente,LIVIA DA SILVA CASTRO,LIVIA CASTRO,F,18/05/1979,Válido,12
12789,45,Suplente,HÉLIO VIANA DE SOUSA,HÉLIO VIANA,M,02/09/1983,Válido,12
12086,97,Suplente,PEDRO VIDAL OLIMPIO DE MELO COSTA,PEDRO VIDAL,M,10/07/1986,Válido,12
12900,146,Suplente,CLEMILTON ARAUJO DE SOUSA,BANANA,M,10/04/1976,Válido,12
12567,94,Suplente,RAIMUNDO NONATO GOMES MARTINS,RAIMUNDO MARTINS,M,04/04/1977,Válido,12
12100,1294,Suplente,ABDIAS LIMA DE QUEIROZ FILHO,QUEIROZ DO JUDÔ,M,29/12/1970,Válido,12
12177,674,Suplente,GILDELINA BARROS DE OLIVEIRA,GILDELINA BARROS,F,28/07/1968,Válido,12
12234,863,Suplente,JOSÉ DA CRUZ ARAUJO SANTOS,ZÉ DA CRUZ,M,30/12/1969,Válido,12
12145,217,Suplente,CARLA PATRICIA DOS SANTOS,PATY,F,13/07/1986,Válido,12
12369,2275,Suplente,VALDINA PIRES DE SOUSA,VALDINÁ PIRES,M,14/04/1965,Válido,12
28000,95,Não eleito,WAGNER FERNANDES,SARGENTO FERNANDES,M,31/03/1970,Válido,28
28800,38,Não eleito,ROSANA BEATRIZ ALVES DE OLIVEIRA,ROSANA BEATRIZ,F,07/05/1988,Válido,28
28111,96,Não eleito,ROBERVAL SILVA BARROS,ROBERVAL BARROS,M,17/10/1974,Válido,28
28555,42,Não eleito,ANDRE ANDRESON RODRIGUES,PAI ANDRE CAPOEIRA,M,03/01/1984,Válido,28
28240,16,Não eleito,MONICA BEZERRA DE SOUSA,MONICA DAYLLA,F,08/05/1995,Válido,28
28222,67,Não eleito,RAIMUNDO NONATO DO NASCIMENTO FILHO,RAIMUNDO FILHO,M,22/04/1978,Válido,28
28001,140,Não eleito,VANDO BARBOSA PAZ OLIVEIRA,SARGENTO VANDO TROMBONE,M,07/08/1976,Válido,28
28028,149,Não eleito,EDSON BARBOSA DIAS,EDSON BARBOSA,M,14/08/1979,Válido,28
28369,117,Não eleito,MANOEL FILHO,MANOEL CRUZ,M,26/05/1966,Válido,28
28777,95,Não eleito,NILTON ALVES DE ARAÚJO,PACOTE,M,05/05/1974,Válido,28
28038,149,Não eleito,MARCIO KLEVES BATISTA SOARES,MARCIO KLEVES,M,05/07/1978,Válido,28
28888,184,Não eleito,FRANCISCO DANIEL WINSTON PRADO BARROSO,DANIEL BARROSO,M,22/05/1984,Válido,28
28200,56,Não eleito,FRANCISCO DAS CHAGAS SILVA,TICO,M,10/09/1974,Válido,28
22121,118,Suplente,VERA LUCIA PEREIRA DA COSTA,VERA,F,09/07/1957,Válido,22
22999,4597,Eleito,LEONARDO EULALIO DE ARAUJO LIMA,DR LEONARDO EULALIO,M,12/12/1967,Válido,22
22234,94,Suplente,MARLITANIA DE SOUSA,MARLITANIA,F,24/02/1975,Válido,22
22007,114,Suplente,FRANCISCO KLEBER SILVA SOUSA,KLEBER GRANDE SANTA MARIA,M,01/10/1979,Válido,22
22977,0,Suplente,SONIA RAQUEL ALVES DA SILVA,SONIA ALVES,F,20/10/1980,Válido,22
22444,291,Suplente,ANTONIO FERREIRA DA SILVA,FERREIRA MOTOTAXI,M,10/10/1974,Válido,22
22666,149,Suplente,EDMILSON ABREU DE OLIVEIRA,EDMILSON,M,27/06/1974,Válido,22
22200,237,Suplente,ANDERSON BEZERRA FRANCA DE OLIVEIRA,ANDERSON BEZERRA,M,10/05/1997,Válido,22
22345,26,Suplente,ANA TEREZA BERNADES DE QUEIROZ,ANINHA BERNARDES,F,01/04/1985,Válido,22
22777,444,Suplente,ROBERTO SILVA DE OLIVEIRA,DR ROBERTO,M,28/05/1972,Válido,22
22322,55,Suplente,LUANA LOPES SANTOS GUALTER,LUANA,F,28/08/1982,Válido,22
22913,0,Suplente,JACIRA GONCALVES RODRIGUES,JACIARA,F,24/07/1962,Válido,22
22222,1149,Suplente,AVELAR DOS REIS MOTA,CABO MOTA,M,16/10/1971,Válido,22
22111,2679,Suplente,ANAMELKA ALBUQUERQUE CADENA,ANAMELKA,F,29/08/1984,Válido,22
22123,129,Suplente,MARCIO DAVI TENORIO CORREIA ALVES,PROFESSOR DAVI TENORIO,M,16/10/1982,Válido,22
22888,41,Suplente,ISMAR DE AZEVEDO SAMPAIO,PROF ISMAR SAMPAIO,M,16/11/1970,Válido,22
22133,790,Suplente,RONDINELE DOS SANTOS,RONDINELLE,M,25/03/1985,Válido,22
22001,1235,Suplente,AUDIVAM FERREIRA NUNES,MAJOR AUDIVAM NUNES,M,28/11/1973,Válido,22
22022,310,Suplente,JOATTAN GONÇALVES DA SILVA,JOATTAN,M,14/07/1971,Válido,22
22066,207,Suplente,MANOEL MESSIAS DO NASCIMENTO,"MESSIAS ""O INDIO""",M,05/09/1959,Válido,22
22555,797,Suplente,JOAO BATISTA COSTA PEREIRA,JOAO BATISTA,M,09/09/1965,Válido,22
22580,1,Suplente,KATIA D'ANGELA SILVA MORAIS,KATIA,F,09/09/1982,Válido,22
22000,30,Suplente,JOSEILDES WASHINGTON DE OLIVEIRA LOPES,VIGILANTE WHASHINGTON,M,12/11/1978,Válido,22
22100,185,Suplente,ERISVALDO MACHADO FEITOSA,ERISVALDO,M,20/10/1968,Válido,22
22221,364,Suplente,EMIR MAIA MARTINS NETO,DELEGADO EMIR,M,02/02/1968,Válido,22
22333,1343,Suplente,CARPEJANNE GOMES DA COSTA,CARPEJANNE GOMES,M,30/07/1981,Válido,22
22477,36,Suplente,GHISLAYNE E SILVA CAVALCANTE,GHISLAYNE,F,29/11/1973,Válido,22
22122,309,Suplente,VICENTE PEREIRA DA SILVA,CAPITAO VICENTE,M,22/07/1960,Válido,22
70900,42,Suplente,FRANCISCO FÁBIO DE OLIVEIRA FARIAS,FÁBIO FARIAS,M,27/11/1993,Válido,70
70321,131,Suplente,HANNA BRENDA BARBOSA ORSANO,HANNA ORSANO,F,07/11/1994,Válido,70
70443,117,Suplente,FRANCISCO DE ASSIS FEITOSA PEREIRA,XICÃO,M,05/02/1963,Válido,70
70859,86,Suplente,MARIA ALICE MOREIRA DE SOUSA MARQUES,DRA MARIA ALICE,F,01/08/1959,Válido,70
70888,2474,Suplente,CARLOS JOSE RIBEIRO SILVA,CARLOS RIBEIRO,M,19/05/1963,Válido,70
70000,1292,Suplente,GUSTAVO HENRIQUE LEITE FEIJÓ,GUSTAVO HENRIQUE,M,29/11/1973,Válido,70
70489,4,Suplente,ADERSON MACEDO DE ANDRADE JUNIOR,ADERSON MACEDO,M,18/04/1982,Válido,70
70600,84,Suplente,ALEXANDRE DE ARAUJO,ALEXANDRE,M,28/04/1975,Válido,70
70333,145,Suplente,ADALBERTO NUNES DE SOUSA,IRMÃO ADALBERTO,M,14/01/1977,Válido,70
70789,214,Suplente,UDELCI DOMINGOS COELHO,UDELCI COELHO,M,31/01/1978,Válido,70
70013,208,Suplente,ELIZEU MOREIRA SILVA,MOREIRÃO DO POVÃO,M,13/06/1976,Válido,70
70458,241,Suplente,JOSE DE ARIMATEA FORTES CARVALHO,ARI PEÇAS,M,24/09/1976,Válido,70
70222,47,Suplente,JOSSELENE BRITO MUNIZ BASTOS,JOSSELENE BRITO,F,15/11/1959,Válido,70
70030,81,Suplente,WARLENE RIBEIRO SILVA,WARLLENE RIBEIRO,F,16/07/1984,Válido,70
70616,1010,Suplente,FRANCISCO WILSON RODRIGUES DE MELO,CHICO WILSON,M,09/08/1964,Válido,70
70999,523,Suplente,ALLYSSON MAGALHAES CARNEIRO,PAIZÃO,M,26/05/1979,Válido,70
70852,2589,Eleito,VINICIO RONDINELLE FERREIRA MAGALHAES,VINICIO FERREIRA,M,25/10/1976,Válido,70
70123,1060,Suplente,FRANCISCO DE ASSIS VIEIRA DA SILVA,PANTIKÃO,M,05/07/1976,Válido,70
70987,2,Suplente,EURIANA DOS SANTOS NUNES,EURIANA,F,12/06/1986,Válido,70
70666,354,Suplente,ALBERT IBIAPINA COSTA,ALBERT IBIAPINA,M,22/02/1967,Válido,70
70221,34,Suplente,IVALDO ARAUJO BORGES,PROF IVALDO,M,28/08/1968,Válido,70
70777,265,Suplente,RENILDO DA CRUZ LIMA,RENILDO LEITURISTA,M,24/05/1980,Válido,70
70011,95,Suplente,ANA ROSA DOS SANTOS SOUSA,ANA ROSA,F,10/08/1957,Válido,70
70879,3,Suplente,FRANCISCA MACHADO DE SENA,FRANCISCA MACHADO,F,20/03/1964,Válido,70
70007,156,Suplente,ISAC SOARES,ISAC SOARES,M,20/12/1990,Válido,70
70444,15,Suplente,IZENILDA SOARES FERREIRA,IZENILDA PE QUENTE,F,18/09/1982,Válido,70
70700,2255,Suplente,EDUARDO FRANCA DE AGUIAR,EDUARDO AGUIAR,M,28/09/1979,Válido,70
70800,491,Suplente,LUCAS GABRIEL SILVA LINHARES,LUCAS GABRIEL,M,31/08/1999,Válido,70
70100,147,Suplente,FRANCISCO ANDRADE SILVA,ANDRADE JACARÉ,M,10/10/1966,Válido,70
70200,5,Suplente,MARIA DO SOCORRO PEREIRA DE SOUSA LIMA NETA,MARIA DO SOCORRO NETA,F,28/05/1992,Válido,70
70111,277,Suplente,ALA ANDERSON DA SILVA DIAS,ALLA DIAS,M,24/07/1987,Válido,70
90900,354,Não eleito,DEMÓSTENES RODRIGUES RIBEIRO,PROF DEMÓSTENES,M,03/05/1968,Válido,90
90111,176,Não eleito,IVO CHARLISON GOMES VIEIRA,IVO CHARLISON,M,21/04/1988,Válido,90
90127,147,Não eleito,ANTONIA MIRIAN ALVES RODRIGUES,MIRIAN ALVES,F,09/04/1979,Válido,90
90101,247,Não eleito,MARILENE LUZ AGUIAR HOLANDA,MARILENE AGUIAR,F,05/02/1972,Válido,90
90123,47,Não eleito,EULER EVANGELISTA DE ALMEIDA,EULER EVANGELISTA,M,17/08/1978,Válido,90
90000,60,Não eleito,NICÉLIO TAVARES DE JESUS SANTOS,NICÉLIO TAVARES,M,06/11/1980,Válido,90
90007,169,Não eleito,LIAMARA ALENCAR MESQUITA,LIAMARA ALENCAR,F,07/06/1976,Válido,90
90456,120,Não eleito,HILTON PEREIRA LEITE,HILTON LEITE,M,17/04/1936,Válido,90
90100,199,Não eleito,FRANCISCO ANTONIO CAMPELO DA SILVA,PROFESSOR CAMPELO,M,01/12/1975,Válido,90
90333,226,Não eleito,ROSICLÉA ALVES DE ALMEIDA,ROSICLÉA,F,21/02/1962,Válido,90
90555,76,Não eleito,MARIA DE NAZARÉ JESUS OLIVEIRA,NAZA OLIVEIRA,F,15/05/1970,Válido,90
55258,4,Suplente,ANDERKELLY VIEIRA DA SILVA GOMES,ANDERKELLY GOMES,F,11/10/1991,Válido,55
55170,1454,Suplente,ANTÔNIO JOSÉ DE FREITAS LIRA,ANTÔNIO JOSÉ LIRA,M,21/09/1960,Válido,55
55300,581,Suplente,MARCELO ADRIANO CARVALHO DE SOUSA,MARCELO CAPOEIRA,M,24/07/1974,Válido,55
55555,2504,Eleito,RENATO PIRES BERGER,RENATO BERGER,M,04/02/1952,Válido,55
55055,281,Suplente,FRANCISCO DE SENA SANTOS,PASTOR SENA,M,08/02/1981,Válido,55
55522,225,Suplente,ROBÉRIO VILANOVA AMARAL,ROBÉRIO VILANOVA AMARAL,M,20/01/1975,Válido,55
55129,177,Suplente,TATIANA DE JESUS SOUSA,TATIANA SOUSA,F,24/09/1990,Válido,55
55444,83,Suplente,PHABLO HENRIQUE SANTOS DE MIRANDA,PHABLO HENRIQUE,M,11/02/1990,Válido,55
55441,192,Suplente,MARINA DE CARVALHO MACÊDO FERNANDES,MARINA FERNANDES,F,04/11/1983,Válido,55
55456,78,Suplente,FERNANDA LEMOS DE MELO LOBO LOPES,FERNANDA LOBO,F,26/11/1965,Válido,55
55007,496,Suplente,JOSÉ FRANCISCO ALVES DOS SANTOS,J FRANCO,M,02/02/1960,Válido,55
55239,138,Suplente,SANDRA NUNES LOIOLA,SANDRA LOIÓLA,F,26/11/1978,Válido,55
55556,351,Suplente,ARICLENES DE FREITAS,PROFESSOR ARICLENES FREITAS,M,08/03/1986,Válido,55
55777,585,Suplente,RICARDO SARAIVA DE OLIVEIRA SOBRINHO,RICARDO BRAZ,M,13/02/1977,Válido,55
55789,1903,Suplente,MARIA APARECIDA OLIVEIRA MOURA SANTIAGO,CIDA SANTIAGO,F,24/04/1971,Válido,55
55498,158,Suplente,FLÁVIA DA SILVA OLIVEIRA BARBOSA,FLÁVIA BARBOSA,F,26/03/1978,Válido,55
55678,2071,Suplente,FRANCIMAR ALVES DE MACÊDO JÚNIOR,JÚNIOR MACÊDO,M,15/09/1990,Válido,55
55190,257,Suplente,CLEITON MATIAS DA CUNHA,CB MATIAS,M,05/02/1971,Válido,55
55600,214,Suplente,APRÍGIO FONTENELE FERREIRA,APRÍGIO FONTENELE,M,03/01/1968,Válido,55
55151,143,Suplente,MARIA DO SOCORRO BATISTA DE SOUSA,TOPÁZIO,F,03/02/1970,Válido,55
55655,189,Suplente,LUCÉLIA ARAÚJO DE SOUSA,LUCÉLIA SOUSA,F,08/01/1979,Válido,55
55551,296,Suplente,ROZIANA BEZERRA RIBEIRO,ROZIANA,F,29/12/1973,Válido,55
55100,1382,Suplente,ALYSSON SILVA PÊGO,ALYSSON PÊGO,M,29/09/1979,Válido,55
55123,2937,Eleito,ISMAEL DO NASCIMENTO SILVA,ISMAEL SILVA,M,22/07/1990,Válido,55
55005,855,Suplente,LUIZ DA COSTA OLIVEIRA JUNIOR,MAJOR OLIVEIRA,M,18/02/1968,Válido,55
55111,311,Suplente,JOSÉ SANDRO DE OLIVEIRA SARAIVA,SANDRO CONRADO,M,29/10/1974,Válido,55
55575,186,Suplente,TERESINHA GOMES DA SILVA,TERESINHA GOMES,F,13/11/1957,Válido,55
55880,64,Suplente,ORLANDO SILVA PEDREIRA,ORLANDO PEDREIRA,M,16/01/1973,Válido,55
55999,494,Suplente,FRANCISCO BATISTA RODRIGUES FILHO,FRANCISCO DOS APLICATIVOS,M,01/11/1984,Válido,55
55236,828,Suplente,ANANIAS FALCÃO DE CARVALHO JÚNIOR,ANANIAS CARVALHO JR,M,04/04/1973,Válido,55
55888,592,Suplente,FRANCISCO GENALDO DE SOUSA,GENALDO SOUSA AGENTE DE SAÚDE,M,04/09/1979,Válido,55
55554,64,Suplente,RAIMUNDO GOMES DA SILVA FILHO,R GOMES,M,10/06/1954,Válido,55
55192,178,Suplente,FRANCISCO TEIXEIRA DE SOUSA FILHO,FRANCISCO DO HOSPITAL,M,22/11/1967,Válido,55
55321,7,Suplente,DAYANA MAX DA SILVA COSTA,DAYANA MAX,F,01/02/1987,Válido,55
55333,226,Suplente,CÉSAR JÚLIO VIEIRA DO NASCIMENTO,CÉSAR MOTOTAXISTA,M,05/12/1972,Válido,55
55000,2105,Suplente,EDUARDO DA SILVA OLIVEIRA,EDUARDO DRAGA ALANA,M,21/10/1992,Válido,55
50001,177,Não eleito,MARIA MADALENA NUNES,MARIA MADALENA,F,15/11/1962,Válido,50
50777,769,Não eleito,BRENDA STEFFANI MARQUES PEREIRA,BRENDA MARQUES,F,15/03/1998,Válido,50
50002,254,Não eleito,MARIA ANTONIA DA SILVA VIEIRA,MARIA ANTONIA,F,09/03/1996,Válido,50
50000,1014,Não eleito,MARIA SUELI RODRIGUES DE SOUSA,MARIA SUELI,F,15/06/1964,Válido,50
50123,64,Não eleito,RAIMUNDO GUTEMBERG DE OLIVEIRA NETO,BAI BAI,M,29/11/1981,Válido,50
50789,77,Não eleito,EMERSON FERREIRA DE VASCONCELOS SENA,EMERSON SENA,M,08/10/1974,Válido,50
50003,223,Não eleito,BRENDA MIKAELLY MENDES FERREIRA MOTA,BRENDA FILHA DA MARIA,F,15/07/1994,Válido,50
50130,141,Não eleito,FRANCINALDO SILVA LEÃO,FRANCINALDO LEÃO,M,13/07/1975,Válido,50
50444,539,Não eleito,LUARA DIAS SILVA,LUARA DIAS,F,10/02/1991,Válido,50
20444,68,Não eleito,LUCIANA TOLSTENKO NOGUEIRA,LUCIANA TOLSTENKO,F,13/04/1975,Válido,20
20300,10,Não eleito,FRANCISCO ALVES DO PRADO NETO,CHIQUINHO PRADO,M,29/07/1956,Válido,20
20888,41,Não eleito,MARIA DOLORES FERREIRA BONFIM,DURAN BONFIM,F,01/07/1953,Válido,20
20789,2,Não eleito,GENÉSIO SANTOS RIOTINTO SENA,GENÉSIO SANTOS,M,20/01/1965,Válido,20
20111,187,Não eleito,WALLYSON JHONNES DA CONCEIÇÃO,WALLYSON PANKADINHA,M,25/03/1994,Válido,20
20110,317,Não eleito,JOSÉ VIEIRA DA CRUZ,ZÉ VIEIRA,M,10/11/1964,Válido,20
20000,119,Não eleito,ANÍSIO BASÍLIO DA ROCHA,ANÍSIO ROCHA,M,25/06/1958,Válido,20
20222,109,Não eleito,JOSÉ VALDÊNIO PORTELA UCHÔA,DENIS UCHÔA,M,21/04/1967,Válido,20
20380,380,Não eleito,PAULO CÉSAR ALVES LUSTOSA,PAULO LUSTOSA,M,17/01/1974,Válido,20
20488,110,Não eleito,AUREA DULCE CARDOSO DOS SANTOS,AUREA CARDOSO,F,18/05/1972,Válido,20
20333,52,Não eleito,MARCOS ANTÔNIO MOURÃO ALBUQUERQUE,MARCOS MOURÃO PATRIOTA CRISTÃO,M,26/10/1967,Válido,20
20091,41,Não eleito,ELIOENAI ALVES DE ARAÚJO,ELI ARAÚJO,F,26/07/1983,Válido,20
20321,163,Não eleito,HERMENEGILDO RIBEIRO ALBERTO,HERMENEGILDO,M,10/11/1964,Válido,20
20033,13,Não eleito,RAIMUNDO ALCEMIR DA SILVA,RAIMUNDO PAQUETÁ,M,24/03/1972,Válido,20
20133,21,Não eleito,VILANI DE SOUSA MOTA,VILANI MOTA,F,26/10/1974,Válido,20
20555,14,Não eleito,CRISTIANO DOS SANTOS BRANDÃO,CRISTIANO BRANDÃO,M,05/10/1981,Válido,20
20200,72,Não eleito,GENIVAL OLIVEIRA LIMA,GENIVAL OLIVEIRA,M,25/10/1957,Válido,20
20123,156,Não eleito,MARCIA GARDÊNIA ALVES PEREIRA,MARCIA GARDÊNIA,F,22/09/1969,Válido,20
20002,11,Não eleito,MARIA DO SOCORRO LOPES,SOCORRO LOPES,F,28/01/1972,Válido,20
20233,44,Não eleito,VALTER RIBEIRO FONTINELE,JARDINEIRO DO POVÃO,M,13/12/1963,Válido,20
20190,125,Não eleito,ALBERTO FERREIRA DA SILVA,ALBERTO SILVA,M,19/06/1969,Válido,20
20120,276,Não eleito,UMBERTO GUIMARÃES DA SILVA,PARAÍBA DIREITA PIAUIENSE,M,01/02/1970,Válido,20
20050,70,Não eleito,FRANCISCO DAS CHAGAS PEREIRA DA COSTA,CHAGAS COSTA,M,08/07/1972,Válido,20
20001,465,Não eleito,CALEBE FARIAS SILVA VERAS,CALEBE VERAS,M,06/06/1993,Válido,20
20456,18,Não eleito,LEILA REJANE DOS SANTOS BARROSO,LEILA REJANE,F,05/08/1978,Válido,20
20007,34,Não eleito,ANTÔNIO JOSÉ DA SILVA,JOSÉ COELHO,M,02/09/1978,Válido,20
20700,35,Não eleito,GEANE DEMES DA SILVA CARVALHO,GEANE DEMES,F,15/01/1963,Válido,20
20020,113,Não eleito,JOSÉ ALBERTO DA SILVA,ZÉ DO POVO,M,16/03/1969,Válido,20
20220,174,Não eleito,FRANCISCO DAS CHAGAS ORSANO DA SILVA FILHO,FRANCISCO ORSANO,M,14/05/1968,Válido,20
17111,117,Suplente,SABRINA ARAUJO SANCHES,SABRINA SANCHES,F,11/07/1980,Válido,17
17400,136,Suplente,JOSUWELLINGTON DE OLIVEIRA SILVA,WELLINGTON OLIVEIRA,M,21/07/1985,Válido,17
17789,1121,Suplente,DANIEL PEREIRA DA SILVA MONTEIRO ROSA,DANIEL PEREIRA,M,20/06/1985,Válido,17
17100,117,Suplente,FRANCISCO ESPEDITO COSTA MIRANDA,PROFESSOR ESPEDITO MIRANDA,M,02/06/1959,Válido,17
17555,24,Suplente,SARAH IVYLA DO NASCIMENTO MOURA,SARAH,F,25/11/1994,Válido,17
17876,74,Suplente,NADIA SANDRA SILVA SOUSA,NADIA RAIAÇÃO,F,09/08/1981,Válido,17
17456,4378,Suplente,JOSE GOMES DA SILVA FILHO,ZÉ FILHO,M,17/10/1980,Válido,17
17557,23,Suplente,ETEVAN ALVES DA COSTA,TEO,M,08/02/1978,Válido,17
17890,161,Suplente,RITA LEANDRO DA SILVA GOMES,RITA LEANDRO,F,26/01/1963,Válido,17
17001,66,Suplente,ADRIANA RIBEIRO DE SOUSA,ADRIANA RIBEIRO,F,24/02/1974,Válido,17
17122,50,Suplente,NEUSIMAR RODRIGUES DA SILVA,BABA,F,21/08/1960,Válido,17
17444,786,Suplente,FRANCISCO GOMES DA SILVA,DINO PARENTE,M,22/11/1961,Válido,17
17445,90,Suplente,DINÊR RODRIGUES DOS SANTOS SILVA,DINER SANTOS,F,01/01/1974,Válido,17
17700,40,Suplente,JOSE RIBAMAR EZEQUIEL FILHO,PROFESSOR EZEQUIEL FILHO,M,16/06/1966,Válido,17
17101,113,Suplente,VALMIR ALVES DA SILVA,VALMIR ALVES,M,19/11/1964,Válido,17
17170,232,Suplente,ERIKA MARIA SANTOS CUNHA AMORIM ANDRADE,ERIKA CUNHA,F,27/01/1977,Válido,17
17333,4815,Eleito,LUIS ANDRE DE ARRUDA MONT ALVERNE,LUIS ANDRE,M,11/01/1980,Válido,17
17300,168,Suplente,FERDINAND PEREIRA DE ARAUJO,FERDINAND DO MOCAMBINHO,M,14/03/1971,Válido,17
17963,281,Suplente,JOSELITO DE AQUINO DA SILVA,JOSELITO DO ESTAGIO,M,04/06/1967,Válido,17
17999,218,Suplente,CAROLINE DA SILVEIRA JERICÓ,CAROL JERICÓ,F,16/06/1977,Válido,17
17777,4551,Eleito,TERESINHA DE SOUSA MEDEIROS SANTOS,TERESINHA MEDEIROS,F,10/04/1958,Válido,17
17258,2992,Suplente,NILSON CAVALCANTE,NILSON CAVALCANTE,M,09/02/1953,Válido,17
17190,125,Suplente,LOURIVAL FRANCISCO DA SILVA,CAPITÃO LOURIVAL,M,08/09/1975,Válido,17
17321,181,Suplente,CARLOS ALBERTO ALMEIDA DE CARVALHO,CARLIM DA ARCO,M,14/08/1960,Válido,17
17123,2114,Suplente,SERGIO HENRIQUE DE SOUSA LOPES,SERGIO BANDEIRA,M,11/10/1969,Válido,17
17888,65,Suplente,CARLOS ANSELMO FELIX,CARLOS ANSELMO,M,16/05/1968,Válido,17
17112,111,Suplente,ELIAS BARBOSA,ELIAS BARBOSA,M,18/01/1947,Válido,17
17007,3090,Suplente,RUBENITA DE ANDRADE LESSA PEREIRA GOMES,RUBENITA LESSA,F,08/07/1983,Válido,17
17017,97,Suplente,PABLO RENAN SOARES DOS SANTOS,PABLO RENAN,M,20/05/1982,Válido,17
17000,140,Suplente,ESTELLA MARIA MENDES MOTA,ESTELLA MOTA,F,23/10/1972,Válido,17
17222,66,Suplente,BENEDITO ALVES VIANA,VIANA,M,14/06/1953,Válido,17
17767,76,Suplente,EUCILANE LOPES DOS SANTOS,LANA LOPES,F,06/03/1980,Válido,17
17221,126,Suplente,ABMAEL MACEDO DE OLIVEIRA,BIMA,M,06/09/1985,Válido,17
17567,253,Suplente,IANA BRENA MELO SOARES,IANA MELO,F,13/08/1994,Válido,17
43233,535,Suplente,NILTON DE JESUS SILVA,IRMÃO JESUS,M,04/06/1962,Válido,43
43500,49,Suplente,MIGUEL OSÓRIO DA SILVA,MIGUEL OSORIO,M,02/02/1954,Válido,43
43054,56,Suplente,JESUS ABRAHÃO ADAD,JESUS ADAD,M,02/07/1966,Válido,43
43112,236,Suplente,MARIA DE JESUS SILVA,JESUS SILVA,F,04/08/1970,Válido,43
43443,159,Suplente,JONAS CARVALHO DE OLIVEIRA,JONAS CARVALHO,M,26/04/2000,Válido,43
43777,196,Suplente,RAIMUNDO NONATO FONTENELE DA ROCHA,FONTENELE,M,03/11/1975,Válido,43
43002,74,Suplente,RAIMUNDO VICENTE MARINHO DE QUEIROZ,VICENTE QUEIROZ,M,09/09/1962,Válido,43
43456,75,Suplente,CLEIDSON MARQUES MOTA,CLEIDSON FÉ,M,14/07/1983,Válido,43
43140,175,Suplente,GABRIEL MACHADO VIEIRA,GABRIEL MACHADO,M,13/01/1964,Válido,43
43544,122,Suplente,JOANA MACHADO DA SILVA,PROF JOANA,F,10/05/1964,Válido,43
43888,1238,Suplente,RONALDO CHAVES PEDROSA,RONALDO CHAVES,M,22/01/1971,Válido,43
43221,363,Suplente,FRANCISCO DO NASCIMENTO SILVA,CHICO DIMAS,M,17/12/1953,Válido,43
43444,255,Suplente,ANTONIO THIAGO BEZERRA DE SOUSA,GARRINCHA DO POVO,M,26/03/1998,Válido,43
43667,124,Suplente,NEDI DE FIGUEREDO E SILVA,NADIR,F,15/06/1969,Válido,43
43200,188,Suplente,JOSÉ VICENTE DOS SANTOS BRITO,VICENTE BRITO,M,14/03/1988,Válido,43
43333,379,Suplente,MARIA DAS DORES DO NASCIMENTO PEREIRA,DORINHA PEREIRA,F,09/10/1958,Válido,43
43123,3033,Eleito,POLLYANNA KECCY VIEIRA DA ROCHA,POLLYANNA ROCHA,F,10/12/1985,Válido,43
43147,376,Suplente,EDMILSON DE SÁ BEZERRA,EDMILSON BEZERRA,M,20/11/1961,Válido,43
43800,66,Suplente,CLAUDIOMAR MELO SOBRAL,CLAUDIOMAR MELO,M,08/07/1976,Válido,43
43369,153,Suplente,VANDERLÚCIA TAVARES DA COSTA,PROF VANDA TAVARES,F,18/06/1966,Válido,43
43433,92,Suplente,ALBERTO DE FREITAS MOURA JUNIOR,ALBERTO JUNIOR,M,03/05/1965,Válido,43
43521,19,Suplente,MARIA ELIZABETE DE SOUZA,ELIZABETE,F,05/03/1955,Válido,43
43343,130,Suplente,ELIZÂNGELA NUNES SOUSA,PROF. ELIZÂNGELA NUNES,F,10/01/1985,Válido,43
43222,43,Suplente,ANTONIA MARIA DA SILVA,ANTONIA MARIA,F,30/01/1965,Válido,43
43003,877,Suplente,JULIO CESAR PEREIRA LEITE,JULIO LEITE,M,31/03/1984,Válido,43
43214,135,Suplente,JOÃO CORREIA DA SILVA,PROF JOÃO CORREIA,M,07/03/1966,Válido,43
43789,19,Suplente,MARIA DAS GRAÇAS VAZ DA COSTA,DRA GRAÇA VAZ,F,01/09/1948,Válido,43
43446,607,Suplente,FELIPE PEDRO FONSECA SILVA,FELIPE PEDRO,M,01/06/1992,Válido,43
43767,169,Suplente,RUI ANTONIO NERES DA SILVA,PASTOR RUI,M,07/12/1960,Válido,43
43555,554,Suplente,ELIAS LOPES BATISTA,ELIAS BATISTA,M,03/02/1977,Válido,43
43211,323,Suplente,EZEQUIAS PEREIRA LOPES,EZEQUIAS LOPES,M,26/07/1972,Válido,43
43733,477,Suplente,JOSÉ FRANCISCO DA COSTA,JOSÉ FRANCISCO,M,16/08/1965,Válido,43
43567,162,Suplente,ANDRÉ COSTA CAVALCANTE,ANDRÉ CAVALCANTE,M,01/01/1979,Válido,43
43000,444,Suplente,ULISSES NOGUEIRA DE AGUIAR,PROF ULISSES NOGUEIRA,M,15/11/1973,Válido,43
43111,101,Suplente,CÉLIA MARIA BARBOSA SANTANA TRAJANO,CÉLIA SANTANA,F,10/06/1969,Válido,43
14007,1756,Suplente,JOSÉ AUGUSTO DE CARVALHO MENDES FILHO,PROFESSOR ZÉ AUGUSTO,M,29/12/1970,Válido,14
14112,116,Suplente,FRANCISCO DAS CHAGAS CIRILO OLIVEIRA,SUBTENENTE CIRILO,M,25/03/1975,Válido,14
14200,224,Suplente,ANA LINA NERES DA SILVA PINTO,ANA LINA NERES,F,20/02/1968,Válido,14
14000,256,Suplente,WAGNER COUTINHO SILVA,WAGNER COUTINHO,M,25/07/1983,Válido,14
14123,2104,Eleito,BRUNO GALISA VILARINHO SOARES,BRUNO VILARINHO,M,22/12/1983,Válido,14
14900,185,Suplente,SÉRGIO LUÍS RIBEIRO DE CARVALHO ALVES,SÉRGIO CARVALHO,M,24/11/1975,Válido,14
14444,1189,Suplente,LÍDIO RODRIGUES DE SOUSA FILHO,CORONEL LÍDIO FILHO,M,08/06/1961,Válido,14
14222,525,Suplente,FRANCISCO DAS CHAGAS DA SILVA LEITÃO,IRMÃO CABEÇA,M,18/01/1978,Válido,14
14010,188,Suplente,VANDERLEY RODRIGUES VELOSO,LELÊ VELOSO,M,02/01/1968,Válido,14
14400,74,Suplente,FRANCINEIDE MARIA DA COSTA,LINDINHA,F,05/05/1965,Válido,14
14214,126,Suplente,MARIA DE LOURDES ALMEIDA COSTA,PROFESSORA LOURDES,F,12/02/1951,Válido,14
14777,134,Suplente,ANTONIO DE JESUS RODRIGUES DOS SANTOS,DUDU DO POVO,M,04/11/1971,Válido,14
14258,357,Suplente,MANOEL DE BARROS FILHO,INSPETOR MANOEL BARROS,M,07/11/1972,Válido,14
14888,968,Suplente,JOÃO DA CRUZ CABRAL,DR CABRAL,M,10/12/1969,Válido,14
14110,349,Suplente,FRANCISCO ALBERTO FERNANDES DA SILVA,ALBERTO FERNANDES,M,24/08/1985,Válido,14
14774,125,Suplente,NEURILENE MORAIS DOS REIS MARTINS DE OLIVEIRA,NEURILENE MORAIS,F,07/08/1971,Válido,14
14333,241,Suplente,LUCIANO CALIXTO NETO,CALIXTO,M,07/01/1959,Válido,14
14223,155,Suplente,JOCÉLIO LUCAS SOUSA GAMA,JOCELIO LUCAS,M,05/09/1989,Válido,14
14456,704,Suplente,MOISANIEL AMORIM EVANGELISTA,MOISANIEL,M,18/01/1969,Válido,14
14234,86,Suplente,RONALDO LOPES DA ROCHA MENDES,RONALDO MENDES,M,06/10/1961,Válido,14
14345,86,Suplente,AYRTON DE SÁ BRANDIM,PROFESSOR BRANDIM,M,29/05/1963,Válido,14
14193,313,Suplente,MARIA DAGMAR DA CONCEIÇÃO DOS ANJOS,DAGMAR DOS ANJOS,F,30/07/1970,Válido,14
14999,384,Suplente,JAMEA SANTOS VIANA SOUSA,JAMEA VIANA,F,15/01/1979,Válido,14
14277,34,Suplente,MARILENE SOARES FARIAS,MARILENE FARIAS,F,27/12/1977,Válido,14
14700,122,Suplente,FRANCISCO DE ASSIS ARAÚJO FILHO,HE MAN,M,01/11/1963,Válido,14
14555,65,Suplente,VALDIVINO RODRIGUES DA SILVA,VALDIVINO FOFÃO,M,25/05/1969,Válido,14
14852,90,Suplente,DIOMAR JÚLIA TEIXEIRA,DIOMAR,F,07/01/1959,Válido,14
14300,122,Suplente,MARIA DE JESUS SOUSA,JESUS,F,06/07/1966,Válido,14
14701,562,Suplente,RITA MARIA DE MACEDO,RITA MACEDO,F,07/01/1965,Válido,14
14141,686,Suplente,LANDERSON MOURA FERNANDES CARVALHO,LANDERSON,M,03/09/1990,Válido,14
14014,157,Suplente,KAROLYNA PESSOA TEIXEIRA CARLOS,KAROL PESSOA,F,10/11/1980,Válido,14
14800,779,Suplente,MERANDOLINO FROTA DE FARIAS NETO,MIRANDA NETO,M,25/01/1975,Válido,14
14111,188,Suplente,WALMIR FRANCISCO SALVADOR DA SILVA,VIGILANTE WALMIR SALVADOR,M,07/07/1978,Válido,14
14789,1459,Suplente,MARCELO ARAÚJO,MARCELO ARAÚJO,M,17/11/1985,Válido,14
14100,491,Suplente,FRANCISCO DAS CHAGAS ALVES DE OLIVEIRA,CHICO LAU,M,01/03/1975,Válido,14
14666,123,Suplente,ANNY SHERIDAN FRANCISCA DA SILVA,SHEYLA MORENO,F,30/03/1962,Válido,14
14500,220,Suplente,LUIZ PEREIRA DE ARAÚJO,CHIMBA DA PONTE,M,17/08/1943,Válido,14
14569,138,Suplente,VALMIR PAZ GIL,VALMIR DA PAZ,M,03/01/1958,Válido,14
14114,104,Não eleito,MARIA JOSÉ DO VALE OLIVEIRA AMORIM,MAZÉ DO VALE,F,09/11/1962,Anulado sub judice,14
14147,447,Suplente,JEAN CARLOS DE BRITO,PROFESSOR JEAN,M,29/08/1973,Válido,14
14221,232,Suplente,MARIA DA PAZ PEREIRA DOS SANTOS,MARIA DA PAZ,F,15/02/1997,Válido,14
14567,175,Suplente,ALEX HÉLIO DE ALMEIDA,ALEX ALMEIDA,M,08/10/1972,Válido,14
14190,37,Suplente,FILINTRO LURA DE SÁ NETO,NETO DA CODIPI,M,03/06/1975,Válido,14
33333,217,Não eleito,JEAN CARLOS RODRIGUES DE ABREU,JEAN ABREU,M,07/11/1971,Válido,33
33123,849,Não eleito,RAVENNA DE CASTRO LIMA AZEVEDO,RAVENNA CASTRO,F,15/05/1986,Válido,33
33321,44,Não eleito,VIVALDO XAVIER SILVA SOUSA,VIVALDO XAVIER,M,29/03/1980,Válido,33
33369,8,Não eleito,JULIANO PEREIRA CAMPOS,JUJU CAMPOS,M,24/11/1991,Válido,33
33555,180,Não eleito,RENATO ARAUJO FONTENELE,RENATO FONTENELE,M,08/10/1986,Válido,33
33022,3,Não eleito,NATIVIDADE LISANDRA DE SOUSA SILVA,NATHY,F,20/07/1986,Válido,33
33900,9,Não eleito,CARLOS JACKSON GUTEMBERG DE SOUSA,JACKSON GUTEMBERG,M,10/05/1983,Válido,33
33111,681,Não eleito,PAULO SILAS BARROS DE BRITO,CAPITÃO SILAS,M,11/06/1973,Válido,33
33789,38,Não eleito,THANIS KILLIAN SILVA PEREIRA,THANIS KILLIAN,M,01/05/1976,Válido,33
33444,509,Não eleito,CICERO IVO DOS SANTOS,SARGENTO IVO,M,01/08/1968,Válido,33
33125,2,Não eleito,MARIA LUCIMAR BARBOSA,LUCIA,F,02/05/1966,Válido,33
33010,1,Não eleito,MARIA DE JESUS CAETANO IZIDORIO,PASTORA MARCIA,F,06/07/1974,Válido,33
33193,225,Não eleito,NAJRA JULITE MOREIRA NUNES,MAJOR NAJRA,F,10/10/1979,Válido,33
33234,22,Não eleito,FRANCISCO KENEDY BASTOS MARTINS,KENEDY,M,22/12/1983,Válido,33
33011,32,Não eleito,MARCOS ALAN LEAL DA FONSECA,MARQUINHOS DO PARÁ,M,30/06/1982,Válido,33
33456,2111,Não eleito,FERNANDO EDUARDO SOUSA DE LIMA SANTOS,FERNANDO LIMA,M,29/05/1989,Válido,33
33000,7,Não eleito,FRANCISCO DAS CHAGAS DE OLIVEIRA GODINHO,SARGENTO OLIVEIRA,M,14/10/1972,Anulado sub judice,33
33999,868,Não eleito,JORGE DE SOUSA LIMA,CORONEL JORGE,M,21/07/1974,Válido,33
33190,732,Não eleito,THANACK HITLER DA SILVA COSTA,CAPITÃO THANACK,M,17/02/1975,Válido,33
33232,64,Não eleito,FRANCISCO SALVADOR MARTINS DE SOUSA,SALVADOR,M,03/05/1982,Válido,33
33690,1,Não eleito,MARIA HELENA BATISTA DA SILVA,MARIA HELENA DA USINA SANTANA,F,30/05/1993,Válido,33
33987,5,Não eleito,LUCIVAN DA SILVA PAZ,VAI VAI LUCIVAN AAAAAAH,M,06/11/1981,Anulado sub judice,33
33147,53,Não eleito,FRANCISCO DE ASSIS CARDOSO FONTINELES,ASSIS FONTINELES,M,27/04/1966,Válido,33
33759,20,Não eleito,FRANCISCA BATISTA DA SILVA,FRANCISCA BATISTA,F,14/01/1981,Válido,33
33180,89,Não eleito,MARIA JOSÉ FLORENCIO MESQUITA RÊGO,ZEZÉ MESQUITA,F,11/04/1972,Válido,33
33013,1,Não eleito,SARA CARVALHO AZEVEDO,SARA CARVALHO,F,03/07/1988,Válido,33
33678,60,Não eleito,VALDECI LEITE DE SOUSA CRISPIM,MORENA,F,01/04/1967,Válido,33
33330,69,Não eleito,GEONIRA COSTA VIANA,GEONIRA GEO,F,12/10/1964,Válido,33
33258,57,Não eleito,DOMINGOS BEZERRA LIMA FILHO,DOMINGUINHOS,M,23/01/1956,Válido,33
33102,38,Não eleito,CLAUDIONOR CHAVES DE OLIVEIRA,PROFESSOR CLAUDIONOR,M,20/01/1968,Válido,33
33222,1572,Não eleito,JULIMAR ALVES DA SILVA,PROF JULIMAR,M,16/09/1962,Válido,33
33015,14,Não eleito,ANA CLEIDE NUNES VIEIRA SOARES,ANA CLEIDE,F,07/06/1976,Válido,33
40999,495,Não eleito,GIRLENO ALVES MARTINS,PROFESSOR GIRLENO MARTINS,M,05/10/1970,Válido,40
40111,467,Não eleito,ALZIRA DE PÁDUA COSTA,ALZIRA DE PÁDUA,F,01/03/1955,Válido,40
40133,200,Não eleito,POLIANA PESSOA DA SILVA,POLIANA PESSOA,F,20/01/1982,Válido,40
40456,89,Não eleito,MARIANA LIMA DE ARAÚJO,MARIANA LIMA,F,10/06/1999,Válido,40
40000,145,Não eleito,EVANILD LIMA DA SILVA ALVES,EVANILD LIMA,F,04/08/1976,Válido,40
40100,147,Não eleito,CAROLINNE GOMES NEVES,CAROL NEVES,F,07/11/1981,Válido,40
40222,231,Não eleito,MENANDRO PEDRO LOPES DA LUZ,DELEGADO MENANDRO PEDRO,M,25/03/1956,Válido,40
40777,171,Não eleito,LOURIVAL PEREIRA DA SILVA,PASTOR LOURIVAL PEREIRA,M,19/02/1965,Válido,40
40700,69,Não eleito,JUCELINO ALVES DA SILVA LIMA,PROFESSOR LIMA,M,03/01/1979,Válido,40
40123,4307,Não eleito,JAMES GUERRA JÚNIOR,DELEGADO JAMES GUERRA,M,25/03/1976,Válido,40
40190,1331,Não eleito,MARIA ELIZETE DE LIMA SILVA,MAJOR ELIZETE,F,24/11/1974,Válido,40
40940,366,Não eleito,JOAQUIM RODRIGUES ALVES,JOAQUIM RODRIGUES,M,28/12/1939,Válido,40
40678,11,Não eleito,FRANCISCA MARIA DO NASCIMENTO,FRANCISCA MARIA,F,04/10/1952,Válido,40
40555,436,Não eleito,JOÃO BATISTA LIMA,CAETANO,M,21/04/1954,Válido,40
40192,2,Não eleito,VALMIRA RIBEIRO DA SILVA,VAL RIBEIRO,F,27/10/1958,Anulado sub judice,40
40125,36,Não eleito,JOSÉ RODRIGUES ALVES CAVALCANTE,RODRIGO LEE,M,12/07/1964,Válido,40
40007,408,Não eleito,MARTHA FERNANDA E SILVA DE OLIVEIRA,MARTHA FERNANDA,F,19/12/1984,Válido,40
35213,203,Não eleito,FRANCIVONE DE SOUSA SARAIVA,SARAIVA,M,17/04/1968,Válido,35
35777,266,Não eleito,JOSÉ AUGUSTO NUNES DA ROCHA,AUGUSTO NUNES,M,19/02/1979,Válido,35
35005,7,Não eleito,BRUNA RAFAELA DE ALMEIDA FROTA,BRUNA RAFAELA,F,15/11/1982,Válido,35
35147,393,Não eleito,FRANCISCO ANDRADE LESSA,LESSA,M,21/08/1951,Válido,35
35222,810,Não eleito,ANTONIO DA SILVA DO NASCIMENTO,ANTONIO NASCIMENTO,M,23/05/1962,Válido,35
35003,171,Não eleito,KÁTIA SAMARA PEREIRA DOS SANTOS SILVA,KÁTIA SAMARA DA SAÚDE,F,20/04/1977,Válido,35
35999,23,Não eleito,MARIA DO SOCORRO NERY DE GOIS,SOCORRO NERY,F,17/12/1968,Válido,35
35123,843,Não eleito,ETIVALDO QUIRINO DA SILVA,ETIVALDO QUIRINO,M,06/04/1963,Válido,35
35177,142,Não eleito,EDINÁ ALVES DE SOUSA,TIA EDINÁ,F,17/09/1976,Válido,35
35221,384,Não eleito,ELIANA MARIA MOURA DA SILVA,ELIANA DO MAJOR,F,26/07/1987,Válido,35
35000,925,Não eleito,DILSON RESENDE DE ARAUJO,DILSON RESENDE,M,18/11/1973,Válido,35
35800,312,Não eleito,FRANCISCO PEREIRA DA COSTA,CHICO COSTA,M,22/10/1966,Válido,35
35121,314,Não eleito,JOANA DARC BEZERRA DE SOUSA RODRIGUES,JOANA D'ARC,F,24/06/1964,Válido,35
35333,540,Não eleito,JOSOILDO PEREIRA ALVES,CARECA DO CRISTO REI,M,14/07/1969,Válido,35
35200,451,Não eleito,FRANCISCO DAS CHAGAS TEÓFILO DE MORAIS,PROF CHAGAS TEÓFILO,M,17/04/1967,Válido,35
35110,484,Não eleito,FRANCISCO GOMES DOS SANTOS,CHICO GOMES,M,15/11/1982,Válido,35
35789,847,Não eleito,ANTONIO JOSE DOS SANTOS DA MATA,ANTONIO JOSE (BICUDO),M,05/07/1970,Válido,35
35678,73,Não eleito,JOSÉ DE RIBAMAR DE AMORIM,RIBAMAR AMORIM,M,12/09/1967,Válido,35
35478,616,Não eleito,NOEME DE SOUZA TORRES,PROFESSORA NOEME,F,14/05/1963,Válido,35
35500,642,Não eleito,ALEXANDRE MARIANO LUSTOSA,ALEXANDRE MARIANO,M,17/10/1964,Válido,35
35192,63,Não eleito,JOÃO CARLOS DE LUCENA CASTELLO BRANCO,JOÃO CARLOS DA MOCIDADE,M,13/10/1958,Válido,35
35700,4,Não eleito,ERMELINDA ALVES,ERMELINDA,F,11/01/1986,Válido,35
35111,686,Não eleito,EDMAR VIEIRA BATISTA,CAPITÃO EDMAR,M,10/10/1959,Válido,35
35258,76,Não eleito,VALMARIO LIMA DA SILVA,VALMARIO LIMA,M,04/03/1962,Válido,35
35444,5,Não eleito,ECLEZIANE MARIA VITALINO DA SILVA,ECLEZIANE,F,14/04/1984,Válido,35
35135,353,Não eleito,ROSÉLIA MELO DE ARAÚJO,DEA,F,03/03/1985,Válido,35
35001,359,Não eleito,VALDINAR ANDRADE DE ANCHIETA,ANCHIETA,M,13/05/1971,Válido,35
35654,194,Não eleito,ANTONIO JEAN MARQUES MACHADO,JEAN MACHADO,M,14/06/1969,Válido,35
35199,431,Não eleito,JOSE FREIRE DA SILVA FILHO,ZÉ FREIRE ,M,21/08/1978,Válido,35
35100,329,Não eleito,FRANCISCO DAS CHAGAS OLIVEIRA SILVA,FRANCISCO PELA IGUALDADE,M,25/09/1979,Válido,35
35456,420,Não eleito,JOSÉ CARLOS LIMA DA SILVA,JC DO GRANDE DIRCEU,M,26/06/1971,Válido,35
35412,1170,Não eleito,MARIA DO ROSÁRIO DE FÁTIMA BORGES VIEIRA,PROF ROSÁRIO,F,20/12/1960,Válido,35
35666,243,Não eleito,ALFREDO BORGES DE OLIVEIRA,ALFREDO BORGES,M,04/01/1971,Válido,35
35234,24,Não eleito,SELMA MARIA DE FREITAS RIBEIRO,SELMA FREITAS,F,17/10/1960,Válido,35
35555,627,Não eleito,FRANKLIN BATISTA DE SOUSA,FRANKLIN BATISTA,M,26/09/1984,Válido,35
35007,8,Não eleito,SOLANGE DA SILVA LIMA,SOLANGE SILVA,F,20/06/1969,Válido,35
35888,332,Não eleito,NEUTON DE OLIVEIRA BRAGA,PROF NEUTON,M,20/10/1959,Válido,35
35233,539,Não eleito,JURACY SIDNEY CORTEZ ALVES,CORTEZ,M,22/04/1962,Válido,35
35353,718,Não eleito,ROSÂNGELA VASCONCELOS DE BRITO CUNHA,ROSÂNGELA BRITO,F,10/05/1973,Válido,35
19007,201,Não eleito,FRANCISCO TOMAZ TEIXEIRA,TOMAZ TEIXEIRA ,M,20/11/1945,Válido,19
45222,5685,Eleito,GUSTAVO CROMWELL DE CARVALHO PACIFICO,GUSTAVO DE CARVALHO,M,28/12/1975,Válido,45
45600,68,Suplente,ARIOVALDO MARTINS DO LAGO,ARI LAGO,M,17/08/1967,Válido,45
45767,46,Suplente,ALAN SANTOS DE OLIVEIRA,ALAN DO SÃO JOÃO,M,04/07/1978,Válido,45
45677,140,Suplente,RAIMUNDO NONATO CAVALCANTE NUNES,CAVALCANTE NUNES,M,21/11/1955,Válido,45
45321,92,Suplente,CELESTE QUEIROZ DE MELO,CELESTE QUEIROZ,F,14/07/1983,Válido,45
45245,172,Suplente,ANATOLI FRANCE VERAS E SILVA,PROF ANATOLI,M,10/03/1955,Válido,45
45300,55,Suplente,JOSEPH EYMARD TEIXEIRA,JOSEPH JUNIOR,M,25/08/1978,Válido,45
45777,292,Suplente,ÁLVARO SILVESTRE ALVES PEREIRA,ALVARO DO SHOPPING,M,24/05/1962,Válido,45
45145,1993,Suplente,SAMARA CRISTINA SILVA PEREIRA,SAMARA PEREIRA,F,10/09/1981,Válido,45
45135,43,Suplente,VICENTE DE PAULO FILHO,VICENTE DA CODIPI,M,18/06/1970,Válido,45
45666,5012,Eleito,EDSON MOURA SAMPAIO MELO,EDSON MELO,M,08/02/1954,Válido,45
45333,124,Suplente,MARIA DO SOCORRO QUADROS GRAMOSA,SOCORRINHA GRAMOSA,F,27/10/1962,Válido,45
45615,3295,Suplente,JONAS DOS SANTOS FILHO,JONINHA,M,28/04/1967,Válido,45
45445,83,Suplente,SAFIRA BRINGEL DE SOUSA,COMENDADORA SAFIRA BENGELL,F,28/05/1958,Válido,45
45437,282,Suplente,MANOEL MARIANO DE SOUSA JUNIOR,JUNIOR GAVIAO,M,04/05/1974,Válido,45
45555,4523,Eleito,JOSÉ VENÂNCIO CARDOSO NETO,VENÂNCIO,M,02/05/1986,Válido,45
45045,27,Suplente,ROSETE GOMES DA SILVA,ROSE GOMES,F,12/07/1969,Válido,45
45456,69,Suplente,VANILSON MENDES BRITO,VANILSON BRITO,M,11/02/1984,Válido,45
45888,125,Suplente,MIGUEL ARCANJO FERREIRA FILHO,PROFESSOR MIGUEL,M,03/07/1970,Válido,45
45678,3453,Suplente,PAULO ROBERTO PEREIRA DANTAS,PAULO DANTAS,M,01/08/1957,Válido,45
45999,706,Suplente,ROGÉRIA LÚCIA CLARA DE SOUSA,ROGÉRIA DA HABITAÇÃO,F,09/01/1963,Válido,45
45123,3864,Suplente,ÍTALO PALMEIRA DIAS DO RÊGO BARROS,ÍTALO BARROS,M,14/11/1985,Válido,45
45455,1468,Suplente,RAISSA ROXANE LIMA FIRMEZA ROCHA,RAÍSSA PROTETORA,F,02/10/1977,Válido,45
45933,32,Suplente,ROSA PEREIRA DA SILVA,ROSA SILVA,F,21/03/1967,Válido,45
45111,140,Suplente,SUZISLÂNIA DOS SANTOS FEITOSA,SUZI SANTOS,F,21/05/1990,Válido,45
45789,245,Suplente,ANTÔNIO DE PÁDUA ARAUJO RESENDE,PADUA ARAUJO,M,02/05/1975,Válido,45
45444,1173,Suplente,ABIEL DE SOUSA BOMFIM,ABIEL BOMFIM,M,15/04/1982,Válido,45
45000,5079,Eleito,PAULO DA SILVA LOPES,PAULO LOPES,M,26/10/1962,Válido,45
13137,308,Suplente,JOSÉ GOMES MARQUES,ZÉ GOMES,M,07/09/1961,Válido,13
13200,262,Suplente,NEIDE DE JESUS CARVALHO,NEIDE CARVALHO,F,05/01/1978,Válido,13
13123,2908,Suplente,JOÃO DE DEUS PEREIRA,JOÃO PEREIRA,M,09/06/1977,Válido,13
13678,1595,Suplente,FRANCISCA MARINA DE MOURA COSTA,MARINA MOURA,F,13/01/1989,Válido,13
13777,1625,Suplente,FABÍOLA DE AZEVEDO LEMOS,FABÍOLA,F,26/04/1974,Válido,13
13110,70,Suplente,ROSÂNGELA MARIA DA COSTA,ROSÂNGELA COSTA,F,11/11/1968,Válido,13
13111,3995,Eleito,DEOLINDO MOURA NETO,DEOLINDO MOURA,M,23/03/1984,Válido,13
13013,949,Suplente,LEONDIDAS FREIRE SILVA JÚNIOR,LEONDIDAS JÚNIOR,M,24/09/1991,Válido,13
13444,125,Suplente,FRANCISCO FELIX DE SOUSA,FELIX DE SOUSA,M,23/03/1975,Válido,13
13789,299,Suplente,FRANCISCO DAS CHAGAS BEZERRA DO VALE,CHAGAS VALE,M,19/09/1965,Válido,13
13222,641,Suplente,JOHN WALLACE DE SOUSA,JOHN WALLACE,M,05/02/1989,Válido,13
13888,271,Suplente,JOÃO BATISTA SOUSA VASCONCELOS,JOÃO VASCONCELOS,M,08/02/1965,Válido,13
13000,939,Suplente,GILBERTO DA PAIXÃO FONSECA,PAIXÃO,M,06/06/1958,Válido,13
13131,3390,Suplente,DÉCIO SOLANO NOGUEIRA,DÉCIO SOLANO,M,10/10/1960,Válido,13
13234,179,Suplente,ANISIA MARIA TEIXEIRA PEREIRA DA SILVA,ANÍSIA TEIXEIRA,F,02/01/1975,Válido,13
13100,329,Suplente,ADALGISA GOMES DE SOUSA SILVA,ADALGISA SILVA,F,02/03/1981,Válido,13
13566,100,Suplente,JULIANA PATRÍCIA NEVES LOPES,JULIANA LOPES,F,06/08/1972,Válido,13
13344,2314,Suplente,GENIVALDO CAMPELO DA SILVA,GENIVALDO CAMPELO,M,27/02/1971,Válido,13
13999,1730,Suplente,FLAVIANO ALVES CAMPOS,FLAVIANO CAMPOS,M,31/05/1983,Válido,13
13333,3530,Eleito,ELZUILA ALVES CALISTO,ELZUILA CALISTO,F,14/02/1983,Válido,13
13155,141,Suplente,NELSON LOPES CASTELO BRANCO FILHO,NELSINHO,M,17/08/1974,Válido,13
13555,632,Suplente,NILSON ANTÔNIO COELHO DE ALMEIDA FILHO,NILSIN COELHO,M,06/03/1987,Válido,13
13101,48,Suplente,JOSÉ CARLOS GOMES DE MELO,J MELO,M,06/01/1957,Válido,13
13567,2151,Suplente,MARCOS VINICIUS DO AMARAL OLIVEIRA,MARCOS MAGALHÃES,M,16/02/1988,Válido,13
13456,3860,Eleito,EDILBERTO BORGES DE OLIVEIRA,DUDU,M,06/01/1969,Válido,13
13666,503,Suplente,FRANCISCO CHAGAS DO NASCIMENTO JUNIOR,JUNIORMPTRÊS,M,23/11/1970,Válido,13
51234,95,Suplente,JOSÉ WILSON LEAL NUNES,CAPITÃO WILSON,M,22/03/1958,Válido,51
51258,391,Suplente,JULIO CESAR BATISTA DE OLIVEIRA,CABO JULIO CESAR,M,03/07/1974,Válido,51
51222,42,Suplente,PAULINE CAMPOS MONÇÃO,PAULINE MONÇÃO,F,22/12/1990,Válido,51
51288,49,Suplente,JOSELINA FERREIRA DE SANTANA,PROFESSORA JÔ,F,05/05/1969,Válido,51
51444,3156,Eleito,THANANDRA STEFANI BORGES LIMA FELIX,THANANDRA SARAPATINHAS,F,15/08/1995,Válido,51
51100,665,Suplente,SAMUEL SERAFIM DE OLIVEIRA BRANDÃO,SAMUEL BRANDÃO,M,20/02/1994,Válido,51
51111,78,Suplente,JOSE RIBAMAR DE SOUSA,RIBAMAR MAZINHO,M,10/09/1960,Válido,51
51001,51,Suplente,MARCO ANTONIO ASSUNÇÃO CORDEIRO,MARCO ASSUNÇÃO,M,20/02/1978,Válido,51
51901,1,Suplente,JOÃO HENRIQUE MONTEIRO,JOÃO HENRIQUE,M,05/06/1964,Válido,51
51192,2192,Suplente,LÁZARO ROGERIO CARVALHO SOARES,DR. LÁZARO,M,30/12/1974,Válido,51
51123,384,Suplente,GUMERCINDO GOMES DE ARAUJO NETO,TIO GEGEAN,M,17/12/1959,Válido,51
51009,87,Suplente,LENON ALVES LEMOS,LENON LEMOS,M,10/09/1985,Válido,51
51115,99,Suplente,PEDRO ALVES DA PAZ,ALVES ,M,24/09/1979,Válido,51
51000,524,Suplente,LUCIANO PINHEIRO CARVALHO,LUCIANO CARVALHO,M,22/05/1981,Válido,51
51991,80,Suplente,ANA CRISTINA FERREIRA LIMA,TINA LIMA,F,19/10/1972,Válido,51
51017,86,Suplente,ALDENIR SANTOS SILVA,ALDENIR DOS APLICATIVOS,M,03/12/1980,Válido,51
51007,64,Suplente,MONICA GISELE PESTANA SOARES,GISELE,F,11/09/1978,Válido,51
51038,73,Suplente,JOAO BATISTA OLIVEIRA CARDOSO JUNIOR,JOTA OLIVEIRA,M,29/08/1984,Válido,51
51999,96,Suplente,TATIANA VIEIRA RODRIGUES,TATI DO VÔLEI,F,21/01/1973,Válido,51
51190,567,Suplente,OTONIEL D'OLIVEIRA CHAGAS BISNETO,OTONIEL BISNETO,M,28/04/1972,Válido,51
51777,124,Suplente,JOAQUIM JOSE SARAIVA DA PENHA,JOAQUIM SARAIVA,M,18/03/1963,Válido,51
51888,551,Suplente,LUCIA MARIA DE SOUSA AGUIAR DOS SANTOS,DRA. LUCIA SANTOS,F,03/11/1964,Válido,51
51191,24,Suplente,CELESTE MARIA DE SOUSA,CELESTE SOUSA,F,24/12/1972,Válido,51
51555,151,Suplente,ALUISIO REBELO COSTA,ALUISIO REBELO,M,05/02/1970,Válido,51
51567,51,Suplente,LUIS ALVES DA SILVA,JAPONÊS,M,28/10/1961,Válido,51
10200,65,Suplente,FRANCISCO JOSÉ DE SOUSA IVO,IVO DO ESPORTE,M,04/10/1961,Válido,10
10333,180,Suplente,ANTONIO NOGUEIRA DOS SANTOS,IRMÃO MARREIRA,M,18/05/1974,Válido,10
10113,61,Suplente,JOSIANNE MARIA DA SILVA ABREU,PROF JOSIANNE,F,24/03/1977,Válido,10
10115,58,Suplente,MARIA LUIZA DE SOUZA ARAUJO,LUIZA ARAUJO,F,03/09/1963,Válido,10
10190,712,Suplente,PAULO HENRIQUE DOS SANTOS FERREIRA,DR PAULO HENRIQUE,M,17/02/1959,Válido,10
10888,186,Suplente,ODAILTON MASCARENHA,ODAILTON MASCARENHA,M,06/06/1972,Válido,10
10137,43,Não eleito,DOMINGOS VALDECY DA COSTA SOUSA,DOMINGOS VALDECY,M,01/10/1972,Anulado sub judice,10
10123,5884,Eleito,LEVINO DOS SANTOS FILHO,LEVINO DE JESUS,M,20/06/1968,Válido,10
10147,15,Suplente,ANTONIA FEITOSA DA SILVA,ANTÔNIA FEITOSA,F,08/01/1959,Válido,10
10000,5609,Suplente,CAIO LUSTOSA BUCAR,CAIO BUCAR,M,27/04/1968,Válido,10
10999,344,Suplente,JOSELITO FERREIRA ALVES,JOSELITO DO KARATÊ,M,14/11/1962,Válido,10
10222,205,Suplente,ÍTALO MATHEUS ALENCAR BORGES,MATHEUS BORGES,M,27/08/1995,Válido,10
10988,349,Suplente,JULIA BEATRIZ PIRES DE ALMEIDA OLIVEIRA,CORONEL JULIA,F,04/03/1968,Válido,10
10007,102,Suplente,SOFIA BARBOSA BESSA ELVAS DE SA,SOFIA BARBOSA,F,05/10/1961,Válido,10
10377,38,Suplente,EDIGAR FRANCISCO DA CONCEICAO,EDIGAR LIMA,M,20/07/1983,Válido,10
10002,181,Suplente,MARCO ANTÔNIO DOS SANTOS,TREINADOR MARCÃO,M,12/05/1972,Válido,10
10666,24,Suplente,JOSENILSON RUFINO DA SILVA,JOSENILSON,M,13/12/1972,Válido,10
10101,97,Suplente,JOAQUIM EVILARDO DE SANTANA JUNIOR,JR SANTANA,M,10/01/1991,Válido,10
10555,109,Suplente,AUGUSTO ASSIS RODRIGUES NETO,GUGU,M,19/11/1956,Válido,10
10444,40,Suplente,ELIÉSIO DA SILVA FERNANDES,ELIÉSIO FERNANDES,M,21/10/1983,Válido,10
10233,254,Suplente,MARIA DA CRUZ REIS DE MORAIS,CRUIZINHA REIS,F,03/06/1973,Válido,10
10777,151,Suplente,LUIS FRANCISCO NASCIMENTO,RUSSO,M,12/10/1978,Válido,10
10500,32,Suplente,LAYNA MEIRELES VIEIRA,LAIANE MEIRELES,F,28/02/1985,Válido,10
10133,104,Suplente,ANTONIO PEREIRA DE ARAUJO,PROFESSOR ANTONIO,M,30/05/1949,Válido,10
10710,121,Suplente,KASSYUS KLAY LAGES DE CARVALHO,PROF KASSYUS LAGES,M,10/07/1976,Válido,10
10110,113,Suplente,MARIA RAIMUNDA DE SOUSA ROCHA,RAIMUNDINHA HBB,F,29/07/1973,Válido,10
10987,38,Suplente,FRANCISCO BARBOSA DE MACEDO,PASTOR MACEDO,M,07/05/1946,Válido,10
10621,76,Suplente,IZAURA MARIA DE MELO LIMA MORAIS,IZAURA MORAIS,F,28/04/1976,Válido,10
10121,124,Suplente,MARIA GORETE ALVES DOS SANTOS,MARIA GORETE,F,06/11/1959,Válido,10
10218,48,Suplente,FRANCISCO RODRIGUES DE SOUSA FILHO,FRANCISCO GARÇOM,M,21/10/1971,Válido,10
10100,41,Suplente,TALLYANE RAYNARA DA SILVA RIBEIRO CÂMARA,RAYNARA CÂMARA,F,09/03/1994,Válido,10
10210,27,Suplente,LUIZ CARLOS DA SILVA LEAL,CARLITO,M,02/07/1965,Válido,10
10267,167,Suplente,IARA SANTANA VAZ,IARA,F,13/10/1986,Válido,10
10910,98,Suplente,PEDRO HENRIQUE GOMES DE ALMEIDA VIANA,PEDRO HENRIQUE,M,10/01/1987,Válido,10
77605,459,Suplente,FLAVIO PEREIRA DOS SANTOS,FLAVIO PEREIRA,M,22/04/1967,Válido,77
77555,1029,Suplente,KARINE CAMPELO DE BARROS CANABRAVA,KARINE BARROS CANABRAVA,F,25/06/1984,Válido,77
77777,2249,Suplente,FÁBIO DOURADO GONÇALVES,FÁBIO DOURADO,M,14/07/1973,Válido,77
77177,29,Suplente,EDMILSON DE MELO LIMA,SARGENTO EDMILSON,M,06/08/1974,Válido,77
77444,122,Suplente,SAMANTA DOURADO DE OLIVEIRA,SAMANTA DOURADO,F,25/09/1993,Válido,77
77224,15,Suplente,PEPITA FERNANDES DA SILVA,PEPEU,F,30/03/1973,Válido,77
77147,205,Suplente,ERISVALDO DE OLIVEIRA MOURA,ERISVALDO MIRO,M,30/06/1981,Válido,77
77797,214,Suplente,HANDS WELLINGTON BATISTA OLIVEIRA,PROFESSOR HANDS,M,24/10/1968,Válido,77
77100,338,Suplente,MARIA DO SOCORRO GOMES ARARIPE SEABRA,SOCORRO SEABRA,F,10/08/1959,Válido,77
77007,299,Suplente,JOSÉ MESSIAS ANDRADE JUNIOR,MESSIAS JUNIOR,M,07/09/1969,Válido,77
77234,363,Suplente,WALKE RODRIGUES ALVES PRADO,DR WALKE PRADO,M,02/03/1952,Válido,77
77888,572,Suplente,NILSON ANTÔNIO DOS SANTOS,NILSON SANTOS,M,16/01/1962,Válido,77
77077,396,Suplente,JULIANA CASTELO BRANCO PAZ DA SILVA,JULIANA PAZ,F,12/02/1975,Válido,77
77000,79,Suplente,SHARDENHA MARIA CARVALHO VASCONCELOS,SHARDENHA VASCONCELOS,F,27/03/1974,Válido,77
77013,199,Suplente,JOSÉ WASHINGTON SUCUPIRA LIMA,PROF SUCUPIRA,M,18/11/1965,Válido,77
77882,69,Suplente,ROSENÁRIA ALVES DA SILVA,ROSENÁRIA,F,06/10/1956,Válido,77
77999,151,Suplente,RAQUEL BARBOSA JALES DE CARVALHO,RAQUEL JALES,F,09/09/1974,Válido,77
77123,5240,Suplente,GUSTAVO SOUZA DE ALMENDRA GAIOSO,GUSTAVO GAIOSO,M,19/03/1982,Válido,77
77789,6078,Eleito,FERNANDA GABRIELLY COSTA GOMES,FERNANDA GOMES,F,11/02/1998,Válido,77
77222,148,Suplente,FRANKLANE PIEROTE DA CRUZ LIMA,FRANKLANE PIEROTE,F,26/08/1979,Válido,77
77333,69,Suplente,LUIZ GONZAGA RODRIGUES DE SOUSA,LUIZ GONZAGA DO SÃO JOAQUIM,M,03/10/1957,Válido,77
77113,110,Suplente,HÉLIO JANSEN FERNANDES E SANTOS,DR HÉLIO JASEN,M,04/02/1987,Válido,77
80123,115,Não eleito,FRANCISCO DAS CHAGAS SANTOS CARVALHO,COBRADOR CARVALHO,M,30/09/1979,Válido,80
80333,130,Não eleito,VITÓRIA EMANUELLY DE OLIVEIRA SILVA,NÓS POR NÓS,F,24/01/1998,Válido,80
18000,67,Não eleito,JEFFERSON DE SOUSA CARVALHO,PROF. JEFFERSON CARVALHO,M,24/05/1978,Válido,18
18888,16,Não eleito,SARA MIRELY MENDES CARVALHO,SARA MENDES,F,14/04/1997,Válido,18
18500,529,Não eleito,ROBERTO RIVELINO BORGES DA SILVA,ROBERTO BORGES,M,23/09/1970,Válido,18
18333,92,Não eleito,GLEYCE REZENDE SILVA,GLEYCE REZENDE,F,27/01/1988,Válido,18
18800,216,Não eleito,CARLOS ALBERTO PEREIRA DA SILVA,CARLOS ALBERTO,M,28/03/1983,Válido,18
