numero,votos_nominais,situacao,nome,nome_urna,sexo,data_nasc,destino_voto,numero_partido
22000,71,Não eleito,JEAN CARLO BRAZ,JEAN DA LANHOUSE,M,17/12/1979,Válido,22
22223,43,Não eleito,UBALDO TAMANDARÉ BARBOSA,UBALDO TAMANDARÉ,M,10/01/1994,Válido,22
22111,61,Não eleito,COSME BARBOSA CARDOSO,COSME BARBOSA CARDOSO,M,24/02/1974,Válido,22
22123,135,Não eleito,ADRIANO ELIAS DE FREITAS BATISTA,ADRIANO SEGURANÇA,M,25/07/1975,Válido,22
22789,145,Não eleito,JOÃO BOBBIO SOBRINHO,JOÃO BOBBIO,M,15/07/1964,Válido,22
22100,63,Não eleito,WELLINGTON CORREIA DA SILVA,WELLINGTON CORREIA,M,13/07/1986,Válido,22
22201,132,Não eleito,KELVEM TORQUATO DOS SANTOS,KELVEM TORQUATO,M,10/12/1991,Válido,22
22222,112,Não eleito,FABIO FERREIRA FIRMINO,FABINHO ANTENAS,M,17/02/1983,Válido,22
22234,155,Não eleito,RAQUEL SERAFIM,RAQUEL SERAFIM,F,10/07/1971,Válido,22
22333,14,Não eleito,EROINA DA SILVA FERNANDES COSWOSK AGOSTINHO,EROINA,F,24/07/1981,Válido,22
22456,66,Não eleito,SEBASTIÃO RIBEIRO,TIÃOZINHO DO ONIBUS,M,20/01/1958,Válido,22
22213,52,Não eleito,ARLENE MARIA FERREIRA BAZONI,ARLENE BAZONI,F,11/09/1977,Válido,22
22345,28,Não eleito,IVANETE GONÇALVES COSTA FERREIRA,NETE DO TIM,F,21/10/1976,Válido,22
55666,87,Suplente,GILCEMAR LIMA DE SOUZA,CIMÁ DO CARVÃO,M,20/02/1974,Válido,55
55444,186,Eleito,JOCEANDRO CRUZ MACHADO,JOCEANDRO,M,06/09/1987,Válido,55
55111,70,Suplente,PATRICK DE OLIVEIRA COSTA,MINHOCA,M,12/04/1992,Válido,55
55222,32,Suplente,ENI RAMOS DA SILVA,DONA ENI,F,27/03/1954,Válido,55
55555,78,Suplente,ADEILDO DA SILVA ALVES,DEDÊ DU VALE,M,13/12/1985,Válido,55
55678,168,Suplente,HONORATO DEGAN,HONORATO DEGAN,M,20/05/1953,Válido,55
55999,37,Suplente,MARLENE PREMOLE DOS SANTOS,MARLENE PREMOLE,F,25/09/1968,Válido,55
55888,71,Suplente,MARILZA BASSANI ALVES,MARILZA BASSANI,F,06/04/1967,Válido,55
55120,37,Suplente,ADILSON LOPES VIANA,ADI CALANGO,M,25/07/1973,Válido,55
55000,101,Suplente,ADRIANO LEÃO COUTINHO,ADRIANO COUTINHO DIDA,M,10/03/1987,Válido,55
55333,81,Suplente,ROBERTO ALCANTARA TEIXEIRA,ROBERTO PADEIRO,M,28/06/1970,Válido,55
55123,59,Suplente,ROMY MATIAS,ROMY MATIAS,M,02/10/1970,Válido,55
55456,14,Suplente,EDILENE SOUZA DE OLIVEIRA,BAIANA,F,20/07/1968,Válido,55
33444,134,Suplente,EDIMAR GUIDINI CROSCOPP,EDIMAR CROSCOPP,M,07/10/1968,Válido,33
33800,175,Suplente,DIONE ALDO MATIS,DIONE ALDO,M,02/08/1984,Válido,33
33199,10,Suplente,EDIVAN RODRIGUES DOS SANTOS,EDIVAN DOS PERFURMES,M,29/06/1991,Válido,33
33222,255,Eleito,IGOR COSTA SILVA,IGOR DO SALÃO,M,08/05/1989,Válido,33
33500,32,Suplente,ROSINAR PADILHA DOS SANTOS,DONA ROSA,F,24/04/1966,Válido,33
33333,92,Suplente,CARLA BARCELLOS RUY,CARLA RUY,F,26/11/1981,Válido,33
33000,209,Suplente,ALEDIANA FERREIRA DE JESUS,ALEDIANA DA SAUDE,F,21/05/1982,Válido,33
33678,33,Suplente,GILBERTO GOMES SOUZA,JAPÃO,M,09/04/1975,Válido,33
33123,210,Suplente,ELIZABETH SANTANA DE MORAIS,BETE SANTANA,F,02/12/1964,Válido,33
33900,61,Suplente,ELIZETE DE PAULO,TUTU,F,15/08/1981,Válido,33
33567,39,Suplente,WEDSON BRITO CAMPISTA,EDINHO CAMPISTA,M,04/07/1996,Válido,33
33777,33,Suplente,EDEMILSON DE JESUS SOARES,TIO NENÉM,M,14/01/1969,Válido,33
33789,34,Suplente,BERNARDO JOÃO PORTELA,CUTIA,M,04/02/1957,Válido,33
33456,628,Eleito,JOÃO PAULO DA SILVA,JOÃO PAULO,M,20/12/1983,Válido,33
40123,63,Suplente,EDSANDRA ALVES SANTOS,SANDRA DA PADARIA,F,20/10/1976,Válido,40
40444,83,Suplente,ERICA DE NOVAIS VIEIRA,ERICA DO GALDINO,F,04/02/1985,Válido,40
40100,128,Suplente,ROBSON MARTINS SEIXAS,ROBINHO SEIXAS ,M,22/09/1959,Válido,40
40440,23,Suplente,ANDREIA DA SILVA SANTOS,ANDREIA DA SILVA,F,06/05/1980,Válido,40
40789,249,Suplente,TARCISIO BOBBIO,TARCISIO,M,25/03/1967,Válido,40
40234,291,Eleito,ALDEMIR DOS SANTOS FREDERICO,LOBÃO,M,02/01/1967,Válido,40
40111,174,Suplente,EDSON COSTA BRANCO,EDSON BRANCO,M,20/10/1976,Válido,40
40133,8,Suplente,JEANE SCHAYDER PREMOLE,JEANE SHAYDER,F,13/05/1979,Válido,40
40000,282,Eleito,JAQUELINE GOMES,DRA. JAQUELINE,F,19/07/1986,Válido,40
40456,225,Suplente,ROLIAN LIMA DE SOUSA,ROLIAN DO JUNCADO,M,26/08/1982,Válido,40
40222,45,Suplente,JOSE MOURA PEREIRA,ZÉ MOURA,M,08/04/1947,Válido,40
40555,66,Suplente,ELMO CASAGRANDE,ELMO CASAGRANDE,M,22/05/1963,Válido,40
40580,182,Suplente,ERIVELTER LUNS,ERIVELTER LUNS,M,03/05/1977,Válido,40
14955,15,Suplente,ALEXANDRO MARTINS,ALEX,M,11/07/1976,Válido,14
14011,80,Suplente,ROQUE JOSE BAZZONI,ROQUE BAZZONI,M,16/08/1963,Válido,14
14444,284,Suplente,NELSON ANTONIO DOS SANTOS SANDER,NELSINHO,M,26/10/1967,Válido,14
14222,17,Suplente,MARCIRLENE DE ALMEIDA VENTURIM,MARCIA VENTURIM,F,09/11/1975,Válido,14
14333,16,Suplente,REGINA CONCEIÇÃO,REGINA,F,28/02/1972,Válido,14
14000,465,Eleito,KLYSMAMM MARCELINO MACHADO PEREIRA,KLYSMAMM MARCELINO,M,25/11/1997,Válido,14
14123,89,Suplente,ADHEMAR MARIN,ADHEMAR MARIN,M,10/03/1958,Válido,14
14999,29,Suplente,ELZA RIBEIRO DOS SANTOS,ELZA DO QUINCAS,F,29/06/1955,Válido,14
14015,42,Suplente,LUCIMAR VIEIRA DE CASTRO,BABY VIEIRA,M,17/09/1978,Válido,14
14111,60,Suplente,SEBASTIÃO GOMES,TIÃO GOMES,M,17/04/1955,Válido,14
14012,28,Suplente,MIRIAM FERREIRA DOS SANTOS,MIRIAM DO ZÉ MINININHO,F,24/07/1988,Válido,14
13222,46,Não eleito,MARCILENE CERQUEIRA MERGACE,MARCILENE MERGACE,F,08/03/1989,Válido,13
13333,58,Não eleito,ROBERTO SOUZA SANTOS,ROBERTO DO LEITE,M,10/03/1962,Válido,13
13113,10,Não eleito,MARIA MADALENA DOS SANTOS CORREIA,MADA CORREIA,F,08/03/1967,Válido,13
13221,27,Não eleito,SAMUEL FELIX,SAMUEL FELIX,M,28/03/1999,Válido,13
13123,10,Não eleito,ODAIR JOSE DOS SANTOS,ODAIR DAS MAQUINAS,M,10/08/1974,Válido,13
13000,32,Não eleito,ATANIEL SANTOS DE OLIVEIRA,LATA ATANIEL,M,30/06/1976,Válido,13
13727,15,Não eleito,MARIA VIEIRA DA SILVA,FATINHA,F,10/08/1961,Válido,13
13131,41,Não eleito,JOZINO FERREIRA DE ARAUJO,ZINO FERREIRA,M,05/06/1967,Válido,13
13999,143,Não eleito,MAURO RODRIGUES DA SILVA,MAURO RODRIGUES,M,01/04/1972,Válido,13
13013,53,Não eleito,DAVI PINTO DA ROCHA,DAVI PINTO,M,28/10/1979,Válido,13
13678,167,Não eleito,DEVARLI CORREA DA SILVA,DEVARLI CORREA,M,27/05/1968,Válido,13
51000,50,Suplente,JESCLISLEY SODRE DE OLIVEIRA,JESCLISLEY SODRE ,M,08/10/1990,Válido,51
51999,24,Suplente,SILVIA DOS SANTOS,SILVIA DA SAÚDE,F,15/07/1975,Válido,51
51456,244,Suplente,FABIO DE MORAES SILVA,FABIO LEÃO,M,15/09/1982,Válido,51
51555,27,Suplente,JAIRYSON TRAGINO DUARTE,JAIRYSON DUARTE,M,25/12/1987,Válido,51
51222,144,Suplente,ANTONIO CARLOS MOLINARIO,TOINHO DEDÃO,M,04/06/1971,Válido,51
51051,13,Suplente,VALDINEIA DOS SANTOS,VALDINEIA,F,02/09/1981,Válido,51
51111,377,Eleito,OSCAR FRANCISCO DOS SANTOS,OSCAR SANTOS,M,29/11/1972,Válido,51
51234,294,Suplente,EDISON CARLOS COSTA RODRIGUES,EDISON COSTA,M,27/04/1985,Válido,51
51777,59,Suplente,MARIA IZABEL PEDRO,IZABEL PEDRO ,F,26/06/1973,Válido,51
51345,5,Suplente,JOCILENE DE ALMEIDA MARTELO,CILENY,F,10/09/1994,Válido,51
51888,118,Suplente,ADEMILSON COUTINHO SERRANO,BIDU SERRANO,M,22/07/1970,Válido,51
51444,99,Suplente,TIAGO DE MORAES,TIAGO PROFESSOR,M,09/10/1984,Válido,51
51333,70,Suplente,MARINALDO NUNES MARTINS,MARINALDO DO SALGADO,M,18/01/1982,Válido,51
51666,12,Suplente,ELIANE SOUZA DE JESUS,ELIANE SOUZA,F,07/06/1981,Válido,51
18333,7,Não eleito,MARCELO BATISTA FERREIRA,MARCELÃO,M,11/09/1981,Válido,18
18018,57,Não eleito,EVERALDO ALVES CAMARA,VERIN DO ESPETIN,M,18/07/1977,Válido,18
18007,19,Não eleito,BELARMINDO RODRIGUES DE SOUZA,NEGO DO PORCO,M,06/11/1970,Válido,18
18555,47,Não eleito,RENIVALDO RODRIGUES,BOY,M,04/04/1973,Válido,18
18000,9,Não eleito,VALDINEIA DIMAS DA SILVA,VALDINEIA DIMAS,F,28/05/1978,Válido,18
18123,11,Não eleito,LUANA JORGE ROCHA,LUANA ROCHA,F,30/06/1990,Válido,18
18111,5,Não eleito,ADILCELENA FERREIRA DA SILVA,LENA,F,02/01/1983,Válido,18
18888,14,Não eleito,CARLOS SEBASTIÃO DE OLIVEIRA,PROFESSOR CARLOS,M,23/10/1973,Válido,18
10444,11,Suplente,IRACI JOSÉ DE SOUZA,DONA DEDE,F,12/11/1965,Válido,10
10000,209,Suplente,NEUSO CALIMAN,CALIMAN,M,22/07/1962,Válido,10
10123,281,Eleito,PAULO SERGIO DE REZENDE,PAULINHO DO GAS,M,12/04/1977,Válido,10
10115,51,Suplente,LUZINETE SANTOS SOUZA,NETE,F,17/05/1979,Válido,10
10125,31,Suplente,CLAUDEMIR MORENO DOS SANTOS ALMEIDA,CLAUDEMIR BESOURO,M,25/05/1971,Válido,10
10222,184,Suplente,DOLORES DE FATIMA COLLE,DOLORES COLLE,F,04/04/1977,Válido,10
10010,199,Suplente,LUCEMIR DIMAS DOS SANTOS,CEMIR,M,04/12/1976,Válido,10
10212,260,Suplente,WILLINGTON DA COSTA JORGE,WILLINGTON DA COSTA,M,02/12/1990,Válido,10
10190,71,Suplente,MARIA APARECIDA VIANA,SAGENTO APARECIDA,F,07/02/1971,Válido,10
10888,466,Eleito,TIAGO CAMILETTI,TIAGO CAMILETTI,M,14/04/1986,Válido,10
10333,168,Suplente,EDSON ANTONIO LUCIO,EDINHO CANTOR,M,03/07/1984,Válido,10
10789,195,Suplente,NILSON COSTA DOS SANTOS,NILSON COSTA,M,11/07/1981,Válido,10
23777,7,Não eleito,ALEZIANA TOZI PINTO DE ALMEIDA,ALEZIANA PINTO,F,07/07/1979,Válido,23
23444,10,Não eleito,SANDRA MARA COUTINHO DA SILVA,SANDRA MARA,F,20/02/1965,Válido,23
23768,8,Não eleito,ANTÔNIO HERCULANO DA SILVA,HERCULANO GÁS,M,07/08/1974,Válido,23
23555,13,Não eleito,FÁBIO ALMEIDA DE MENEZES,DÉ MENEZES,M,29/12/1979,Válido,23
23883,49,Não eleito,TADEU TOMÉ DE OLIVEIRA,TADEU TOMÉ,M,03/01/1981,Válido,23
23333,39,Não eleito,LUCIANA DE ASSUNCAO PEREIRA,LUCIANA ASSUNÇÃO,F,06/08/1981,Válido,23
23000,166,Não eleito,FÉLIX CAVALLINI ZANDOMENEGHI,FÉLIX ZANDOMENEGHI,M,15/10/1978,Válido,23
23190,34,Não eleito,GEOVANI BERGAMO,GIOVANI BERGAMO,M,05/11/1976,Válido,23
23789,14,Não eleito,ELOIDE TEIXEIRA PAPA CUNHA,ELOIDE PAPA,F,14/06/1960,Válido,23
23456,57,Não eleito,ROGÉRIO NUNES FERREIRA,ROGERINHO DO FERRO VELHO,M,12/12/1970,Válido,23
23700,396,Não eleito,EDSON ISIDORO FERREIRA CAMPOS,EDSON ISIDORO,M,09/08/1978,Válido,23
23111,30,Não eleito,LUCAS MENEGUELI NICOLA,LUCAS MENEGUELI,M,25/01/1994,Válido,23
23023,11,Não eleito,LUCIANO RIBEIRO DE ALMEIDA,LUCIANO DE ALMEIDA,M,04/12/1982,Válido,23
25250,24,Não eleito,JHON LENON FERREIRA DOS SANTOS,JHON LENON,M,06/03/1990,Válido,25
25111,29,Não eleito,ELESSANDRA RODRIGUES OZA MENEGUETTI,ELESSANDRA OZA,F,20/07/1979,Válido,25
25000,36,Não eleito,EDINÉIA DOS SANTOS SANTIAGO,NÉIA SANTIAGO,F,05/10/1978,Válido,25
25123,20,Não eleito,REGINALDO SOARES,REGINALDO,M,09/08/1983,Válido,25
25666,33,Não eleito,ADÃO FELICIO ROCHA,ADÃO DO PULA PULA,M,23/12/1982,Válido,25
11013,36,Não eleito,WASHINGTON ANTONIO RIGATO,WASHINGTON RIGATO,M,01/10/1985,Válido,11
11350,4,Não eleito,ESTHER CAROLINE GONÇALVES DE CRISTO,ESTHER CRISTO,F,06/06/2000,Válido,11
11222,84,Não eleito,VICTOR KUBOYAMA DOS SANTOS,VICTOR KUBOYAMA,M,19/10/1986,Válido,11
11110,56,Não eleito,JUSCILEIA DA SILVA SANTOS,LEÍA PINHEIRO,F,10/11/1979,Válido,11
11015,6,Não eleito,MAURO LIRIO,MAURO LIRIO,M,15/01/1962,Válido,11
11999,18,Não eleito,IZABEL DOS SANTOS ALVES,DONA IZABEL,F,11/04/1950,Válido,11
11123,74,Não eleito,ERALDO DE OLIVEIRA GOMES,ERALDO BAÉ,M,12/07/1961,Válido,11
11111,114,Não eleito,CLEMILSON GULART ROSA,KITO,M,19/11/1975,Válido,11
11012,53,Não eleito,JOSE ORLANDO SOARES SANTOS,ORLANDO COBRADOR,M,26/08/1985,Válido,11
11250,1,Não eleito,ELIZANGELA LOPES LAJES,ELIZANGELA LAJES,F,11/09/1981,Válido,11
11666,12,Não eleito,CLAUDEMIR DA SILVA MOURA,CLAUDEMIR PESCADOR,M,03/02/1961,Válido,11
11000,61,Não eleito,PAULO GOMES,PAULO GOMES,M,25/01/1963,Válido,11
11011,187,Não eleito,PAULO ROBERTO SALVADOR,BEBETO SALVAOR,M,24/01/1960,Válido,11
