numero,votos_nominais,situacao,nome,nome_urna,sexo,data_nasc,destino_voto,numero_partido
25190,131,Suplente,JOSÉ INÁCIO FARIAS DE ABREU,JOSÉ FARIAS,M,15/10/1980,Válido,25
25010,2960,Suplente,PAULO PEREIRA MAGALHÃES,PAULO MAGALHÃES,M,01/02/1947,Válido,25
25025,527,Suplente,EDUARDO COSTA BORGES,EDUARDO BORGES,M,10/05/1980,Válido,25
25000,1605,Suplente,DESIRÉE PEÑALBA MACHADO,DESIRÉE,F,22/12/1987,Válido,25
25880,19,Suplente,FLAVIA PATRICIA SANTOS,FLAVIA PATRICIA,F,06/02/1980,Válido,25
25444,86,Suplente,DEBORA ALVES QUEIROZ TEIXEIRA,DEBORA QUEIROZ,F,12/05/1982,Válido,25
25555,825,Suplente,GOIRAN SEGURADO BESSA,GOIRAN,M,16/05/1966,Válido,25
25789,89,Suplente,CICERO FRANCINETE SILVA,CICERO FRANCINETE ,M,02/05/1958,Válido,25
25900,2237,Suplente,JAIR ALVES DE SOUZA,JAIR DIAMANTINO,M,02/11/1967,Válido,25
25500,369,Suplente,MARIANE MONALISA APARECIDA COSTA CARNEIRO,MONALISA,F,02/05/1991,Válido,25
25123,602,Suplente,FRANCISCO OLIVEIRA ZICA,CHICO ZICA,M,13/04/1959,Válido,25
25111,39,Suplente,GILBERTO PATRÍCIO DA SILVA,GILBERTO PATRÍCIO,M,21/11/1944,Válido,25
25800,1477,Suplente,JULIANA MARCOS BRAGA,JULIANA BRAGA DO KARATÊ,F,12/12/1970,Válido,25
25333,27,Suplente,JOSE FAGUNDES BARBOSA,"JOSÉ FAGUNDES ""CATRAQUINHA""",M,01/06/1966,Válido,25
25700,2835,Suplente,SEBASTIÃO PEIXOTO MOURA,PEIXOTO,M,20/01/1945,Válido,25
25678,89,Suplente,FLAVIA RENATA SERRA DOURADO,FLAVIA DOURADO,F,01/07/1980,Válido,25
25300,197,Suplente,FRANCIS JOSE RODRIGUES MAIA,BISPO FRANCIS MAIA,M,19/03/1981,Válido,25
25160,288,Suplente,WILSON WONNÊ PEREIRA CAVALCANTE,DELEGADO WILSON CAVALCANTE,M,08/12/1960,Válido,25
25888,436,Suplente,NERIVALDO ELISIO VIEIRA JUNIOR,NERIVALDO JÚNIOR,M,17/10/1983,Válido,25
25154,269,Suplente,ALEXANDRE LUIZ BELCHIOR,ALEXANDRE BELCHIOR,M,09/03/1975,Válido,25
25321,45,Suplente,JOSÉ ROBERTO ALVES DE OLIVEIRA,ZEREGUIDÊ,M,06/03/1976,Válido,25
25600,2153,Suplente,ROBERTO RICARDO DE SOUSA,ROBERTO RICARDO ,M,12/07/1959,Válido,25
25125,668,Suplente,CURY TAVARES DE AQUINO,CURY AQUINO ,M,14/09/1970,Válido,25
25026,52,Suplente,FERNANDA DE OLIVEIRA SILVA,FERNANDA SILVA,F,13/06/1984,Válido,25
25100,3743,Eleito,ANDERSON SALES DE FARIA,ANDERSON SALES- BOKÃO,M,03/11/1974,Válido,25
25666,167,Suplente,NILVA FERREIRA RIBEIRO,PROFESSORA NILVA DO SACOLÃO,F,31/01/1958,Válido,25
25551,146,Suplente,SILVIANE LEMES FLEURY,SILVIANE FLEURY,F,13/04/1976,Válido,25
25147,835,Suplente,FLORISVALDO PEREIRA DA SILVA,FLORISVALDO SILVA,M,26/02/1969,Válido,25
15678,96,Suplente,JUCELIA PEREIRA DA SILVA,JUCÉLIA PEREIRA,F,24/09/1970,Válido,15
15730,143,Suplente,LINDOMAR GOMES DA SILVA,PÉ DE GALO,M,11/05/1963,Válido,15
15999,109,Suplente,FABIANA CALIXTO DA SILVA,FABIANA CALIXTO,F,13/01/1978,Válido,15
15346,12,Suplente,JOSÉ WILLAMIS MATOS SOARES,JOSÉ DO URIAS,M,14/01/1979,Válido,15
15888,851,Suplente,GILSON BENEVIDES DUARTE,GILSON BENEVIDES,M,28/11/1945,Válido,15
15577,23,Suplente,ELISANGELA ARAÚJO DOS SANTOS,ELIZANGELA ARAÚJO,F,30/12/1978,Válido,15
15600,3621,Suplente,MIZAIR LEMES DA SILVA,MIZAIR LEMES,M,17/07/1963,Válido,15
15400,39,Suplente,LILIVANIA DE SOUZA BARBOSA,LILIVANIA SOUZA,F,02/12/1972,Válido,15
15700,3937,Suplente,DENÍCIO CÉLIO TRINDADE,DENÍCIO TRINDADE,M,24/08/1963,Válido,15
15151,147,Suplente,JOSE ANTONIO NACIFF NETO,JOSE NACIFF,M,15/08/1952,Válido,15
15000,3750,Suplente,MICHEL AFIF MAGUL,MICHEL MAGUL,M,29/09/1992,Válido,15
15569,205,Suplente,CLAUDINEI BATISTA DA COSTA,LOBINHO DA NOROESTE,M,06/03/1968,Válido,15
15147,2023,Suplente,SEBASTIAO MENDES DOS SANTOS,TIÃOZINHO DA SAÚDE,M,15/10/1963,Válido,15
15008,18,Suplente,RAIMUNDA SOARES DE ARAÚJO,RAIMUNDA SOARES,F,16/10/1957,Válido,15
15800,1934,Suplente,ORMANDO JOSE PIRES JÚNIOR,ORMANDO PIRES,M,21/12/1969,Válido,15
15900,3919,Suplente,SEBASTIÃO DE SOUZA PORTO FILHO,TIÃOZINHO PORTO,M,07/05/1974,Válido,15
15773,200,Suplente,ROSYENE DA SILVA GOMES NASCIMENTO,ROSY SILVA,F,19/04/1979,Válido,15
15333,98,Suplente,MARIA DA CONCEIÇÃO ALVES DA SILVA MORAES,CONCEIÇÃO DA SAÚDE,F,05/06/1966,Válido,15
15123,4729,Eleito,GIANCARLO SAID RIBEIRO,DR GIAN,M,01/06/1975,Válido,15
15520,39,Suplente,JESULENE PEREIRA DA SILVA,JÔ SILVA,F,21/12/1977,Válido,15
15963,70,Suplente,EULER DE JESUS PIMENTA,EULER DO ASSUVIO,M,06/06/1963,Válido,15
15602,4574,Eleito,ANSELMO PEREIRA DA SILVA SOBRINHO,ANSELMO PEREIRA,M,21/08/1954,Válido,15
15444,340,Suplente,WELBERVAM SILVA MARQUES,WELBERVAM MARQUES,M,02/06/1975,Válido,15
15456,596,Suplente,WELITON CARLOS PEREIRA,ELTINHO JK,M,04/12/1974,Válido,15
15777,421,Suplente,GERACINO ALVES SOBRINHO,GERACINO ALVES,M,15/08/1956,Válido,15
15020,690,Suplente,BRUNO ALVES DE SOUSA QUEIROZ,BRUNO QUEIROZ,M,20/09/1987,Válido,15
15500,103,Suplente,POLLYANA CARDOSO LOPES,POLLY ALÔ GOIÂNIA,F,28/06/1982,Válido,15
15550,296,Suplente,KARINE RODRIGUES SANTOS DE ALMEIDA PEREIRA,KARINE RODRIGUES,F,26/04/1980,Válido,15
15010,4372,Eleito,HENRIQUE ALVES LUIZ PEREIRA,HENRIQUE ALVES,M,09/11/1984,Válido,15
15012,34,Suplente,RENACI HENRIQUE ALVES,RENACI HENRIQUE,F,23/12/1974,Válido,15
15007,901,Suplente,JOSE OSIRES MELO CECILIO,ZÉ OSIRES,M,05/03/1962,Válido,15
15789,217,Suplente,ROSEDALIA MARCAL ALVES DE ARAUJO,ROSADÁLIA MARÇAL,F,25/10/1956,Válido,15
15222,88,Suplente,JOSÉ MIGUEL FERREIRA,MIGUELÃO DO FERRO VELHO,M,18/01/1949,Válido,15
15055,982,Suplente,GILBERTO CARVALHO DA SILVEIRA,GILBERTO CRISTAL,M,01/05/1954,Válido,15
15666,230,Suplente,GLEIDSON RIPARDO PAIVA,CEARÁ RIPARDO,M,21/02/1984,Válido,15
15100,693,Suplente,ROSENDO CONCEIÇÃO VASCO,ROSENDO CONCEIÇÃO,M,10/11/1975,Válido,15
15321,3478,Suplente,GUSTAVO ALVES CRUVINEL,GUSTAVO CRUVINEL,M,05/03/1981,Válido,15
15015,5132,Eleito,CLÉCIO ANTÔNIO ALVES,CLÉCIO ALVES,M,26/04/1961,Válido,15
15890,73,Suplente,SAMUEL PEREIRA DA SILVA,SAMUEL GOIÂNIA,M,04/03/1964,Válido,15
15555,85,Suplente,SEBASTIÃO RIELI RAMOS,SEBASTIÃO CARA LIMPA,M,02/04/1959,Válido,15
15415,301,Suplente,MARCO ALESSANDRO BERQUO NUNES,MARCO BERQUÓ,M,22/11/1999,Válido,15
15300,4062,Eleito,KLEYBE LEMES DE MORAIS,KLEYBE MORAIS,M,28/05/1976,Válido,15
15515,180,Suplente,JANINE PROCÓPIO DE OLIVEIRA FERREIRA,JANINE PROCÓPIO,F,26/05/1980,Válido,15
15535,890,Suplente,ANDRÉ LUIZ SALES DIAS,ANDRÉ MACALÉ,M,22/05/1963,Válido,15
15150,1276,Suplente,CÉLIA MARIA DA SILVA VALADÃO,CÉLIA VALADÃO,F,26/09/1966,Válido,15
15180,60,Suplente,ASTRIDE DE CARVALHO MAGALHÃES ALCANTARA,ASTRIDE MAGALHÃES,F,23/03/1980,Válido,15
15200,4007,Eleito,IZIDIO ALVES DE SOUZA,IZIDIO ALVES,M,26/07/1955,Válido,15
15156,116,Suplente,DIVINO DE SOUSA ALMEIDA,DIVINO DO PICOLÉ,M,13/07/1975,Válido,15
15273,3402,Suplente,CARLOS ALBERTO DA SILVA,CARLIN CAFÉ,M,08/01/1963,Válido,15
15111,860,Suplente,JEOVAN CAVALCANTE ALENCAR,JEOVAN FARMACÊUTICO,M,02/04/1967,Válido,15
15054,21,Suplente,MARIA LÚCIA MESSIAS DIAS,LÚCIA DIAS,F,13/05/1954,Válido,15
11011,178,Suplente,DAIANE ALVES DA SILVA GONZAGA,DAIANE GONZAGA,F,29/04/1988,Válido,11
11333,28,Suplente,ROSIMEIRE MARIA DE FREITAS,MEIRE FREITAS,F,08/09/1968,Válido,11
11044,322,Suplente,FABIANA DE PAULA BAIA,BIA DA 44,F,23/08/1976,Válido,11
11133,174,Suplente,RICARDO DA CRUZ,RICARDO CRUZ,M,13/01/1979,Válido,11
11255,93,Suplente,SERGIO APARECIDO BONOMI,SERGIO BONOMI,M,27/04/1963,Válido,11
11001,644,Suplente,FERNANDA MIRANDA DE OLIVEIRA,FERNANDA MIRANDA,F,21/07/1969,Válido,11
11200,330,Suplente,JHONATAN DE MACEDO SOUSA,JHONATAN MACEDO,M,03/05/1986,Válido,11
11007,87,Suplente,PAULO HENRIQUE DE OLIVEIRA,PAULO OLIVEIRA,M,06/02/1980,Válido,11
11222,181,Suplente,EDILSON DE MORAES SILVA,EDILSON MORAES,M,12/03/1978,Válido,11
11321,102,Suplente,ANA FLAVIA PONTES DOURADO,BACK PULA PULA,F,03/03/1980,Válido,11
11190,914,Suplente,MANOEL ALVES DE JESUS,TENENTE JESUS,M,31/10/1963,Válido,11
11456,578,Suplente,ROBSON MARTINS DE OLIVEIRA,PROFESSOR ROBSON MARTINS,M,07/07/1984,Válido,11
11195,63,Suplente,JAPIASSU RODRIGUES QUINTINO,PIAU MOTO TAXI,M,30/11/1965,Válido,11
11555,38,Suplente,ELIANE BASILIO PEIXOTO MENDANHA,ELIANE PASSOS,F,28/10/1974,Válido,11
11153,816,Suplente,EBER SARAIVA DOS SANTOS BARROS,EBER SARAIVA,M,23/05/1977,Válido,11
11999,141,Suplente,CARLOS GIOVANI LEMOS MOREIRA,CARLOS GIOVANI,M,17/04/1967,Válido,11
11123,4664,Eleito,JOAO SANDES JUNIOR,SANDES JUNIOR,M,28/04/1959,Válido,11
11500,2329,Suplente,OSÉIAS MENDES PEREIRA,OSÉIAS VARÃO,M,25/01/1977,Válido,11
11444,194,Suplente,ALEXANDRE MACHADO DE SOUSA,ALEXANDRE XANDE,M,20/07/1973,Válido,11
11005,100,Suplente,MARCIO FERREIRA DE ANDRADE,MÁRCIO ANDRADE,M,01/12/1969,Válido,11
90137,66,Não eleito,JANE APARECIDA DE SOUZA,JANE SOUZA,F,13/03/1973,Válido,90
90044,252,Não eleito,LEONARDO EVANGELISTA COSTA,LEO PANTANEIRO,M,13/10/1983,Válido,90
90900,153,Não eleito,KATIA CRISTINA BERNARDES PIMENTEL DINIZ,KATIA PIMENTEL,F,25/03/1972,Válido,90
90153,229,Não eleito,EDIEL FERNANDES DE SOUZA,EDIEL DO URIAS,M,08/05/1966,Válido,90
90113,8,Não eleito,SAULO LAMARTINE MARQUES INÁCIO,SAULO LAMARTINE,M,13/11/1991,Válido,90
90190,199,Não eleito,CARLOS ALBERTO MILHOMENS LEITE,CARLOS MILHOMENS,M,06/08/1976,Válido,90
90123,4179,Não eleito,IGOR RECELLY FRANCO DE FREITAS,IGOR FRANCO,M,03/01/1986,Válido,90
90315,16,Não eleito,MARCIO SANTOS SEPULVIA DE OLIVEIRA,MARCIO SEPULVIA,M,31/05/1992,Válido,90
90133,199,Não eleito,JAIRO EDER DA COSTA SOUZA,JAIRO SOLDA FORTE,M,30/11/1983,Válido,90
90335,68,Não eleito,RENATO JÚNIO RUA,RENATO RUA,M,31/08/1992,Válido,90
90111,120,Não eleito,PAULO VICTOR SILVA DE OLIVEIRA,PAULO VICTOR,M,29/04/1987,Válido,90
90777,476,Não eleito,OSMARINA ACACIO ATHIE FILHA PIMENTEL,OSMARINA ATHIE,F,20/10/1967,Válido,90
90800,30,Não eleito,JOSE RENATO ALVIM DA SILVA,JOSE RENATO,M,20/04/1968,Válido,90
90333,623,Não eleito,PATRICIA NUNES LEITE BORGES,PATRICIA LEITE,F,23/04/1969,Válido,90
90126,32,Não eleito,ALEXANDRE RODRIGUES CARDOZO GOMES,ALEXANDRE RODRIGUES,M,10/05/1997,Válido,90
90507,204,Não eleito,DOMINGOS RAMOS ASSUNÇÃO,PROFESSOR DOMINGOS RAMOS,M,22/03/1959,Válido,90
90062,43,Não eleito,SAMUEL BRUNO SILVA COSTA,SAMUEL BRUNO,M,20/11/1993,Válido,90
90555,21,Não eleito,DENEVALDO EUFRAUSINO DOS SANTOS,DENES O PIAUÍ,M,08/12/1963,Válido,90
90999,7,Não eleito,ANDRESSA FREIRE DE AGUIAR,ANDRESSA FREIRE,F,11/11/1994,Válido,90
90234,24,Não eleito,DIVINA BARBOSA DOS REIS,DIVINA DOS REIS,F,10/11/1960,Válido,90
90500,2888,Não eleito,TELEMACO BRANDÃO,TELEMACO BRANDÃO,M,05/01/1978,Válido,90
90022,167,Não eleito,MIKAEL PACHECO DE ARAUJO,MIKAEL ARAUJO,M,22/01/1996,Válido,90
90622,13,Não eleito,ALENICE MARIA DE JESUS,ALENICE DE JESUS,F,06/10/1978,Válido,90
90719,62,Não eleito,GILBERTO DE FARIA STIPP,GILBERTO STIPP,M,17/04/1974,Válido,90
90444,247,Não eleito,EDMARCUS CARDOSO SILVA,EDMARCUS THU,M,22/03/1971,Válido,90
90009,13,Não eleito,JHUAN RODRIGUES CHAVES,JHUAN CHAVES,M,16/12/1994,Válido,90
90789,8,Não eleito,LEONARDO LEAL DA SILVA,LEONARDO LEAL,M,01/05/1994,Válido,90
90100,148,Não eleito,MARCONI JOSE CRUZ,MARCONI CRUZ,M,04/01/1982,Válido,90
90284,68,Não eleito,SIBELLE MARIA DAMASCENO LOPES,SIBELLE LOPES,F,28/04/1980,Válido,90
90090,31,Não eleito,ORLANDO PEREIRA CAMPOS,ORLANDO DANDA,M,16/10/1955,Válido,90
90222,19,Não eleito,ANA PEREIRA DE ARAUJO,ANA ARAUJO,F,05/08/1968,Válido,90
90345,582,Não eleito,ELSON GEROLINETO RODRIGUES,ELSON GEROLINETO,M,24/03/1969,Válido,90
90317,137,Não eleito,ENI PEREIRA DOS SANTOS MENDONÇA,PASTORA ENI MENDONÇA,F,29/06/1972,Válido,90
12252,61,Suplente,MAURINA PORCINA DOS SANTOS,MAURINA PORCINA,F,26/07/1974,Válido,12
12331,65,Suplente,SERGIO RICARDO CORDEIRO,SERJÃO ESSE É BÃO,M,12/09/1977,Válido,12
12038,20,Suplente,EDUARDO DOS SANTOS CARDOSO,EDUARDO MACACO,M,31/08/1962,Válido,12
12600,105,Suplente,ADRIANO IZIDORO SILVA AMANCIO,ADRIANINHO,M,04/01/1974,Válido,12
12145,222,Suplente,JÚLIO EDUARDO PEREIRA NETO,JÚLIO CABELEIREIRO,M,24/06/1975,Válido,12
12321,12,Suplente,JOAO MILTON DA SILVA ALEIXO,ROMÃO DO SWING BRASIL,M,15/06/1965,Válido,12
12456,44,Suplente,DIEGO XAVIER PRATES,DIEGO PRATES,M,10/08/1992,Válido,12
12025,31,Suplente,CLEIDE CANDIDA RODRIGUES DE BARROS,CLEIDE CABELEIREIRA,F,19/01/1967,Válido,12
12101,27,Suplente,VALDENICE ALMEIDA SAMPAIO,VAL SAMPAIO,F,30/04/1981,Válido,12
12111,118,Suplente,APARECIDA DO CARMO PIMENTEL MACHADO,CIDA PIMENTEL,F,06/11/1957,Válido,12
12444,114,Suplente,JORGE HENRIQUE GONÇALVES SAMPAIO,JORGE HENRIQUE,M,15/05/1979,Válido,12
12007,229,Suplente,WENDER PEREIRA RODRIGUES,WENDER VEIM,M,05/04/1980,Válido,12
12021,17,Suplente,FERNANDO ISAAC BORGES DE FARIA,FERNANDO ISAAC,M,21/05/1965,Válido,12
12900,94,Suplente,HIDELBRANDO MAURILIO ROSA NETO,DR HIDELBRANDO,M,28/04/1983,Válido,12
12234,13,Suplente,SEBASTIAO LOURENÇO SOBRINHO,TIAO DELEGADO,M,14/01/1953,Válido,12
12008,1,Não eleito,DANILO DE MELO OLIVEIRA,DANILO DE MELO,M,21/09/1966,Anulado,12
12002,53,Suplente,ARIANA SANTANA DA ABADIA,ARIANA SANTANA,F,12/09/1985,Válido,12
12112,101,Suplente,CLEONICE COELHO DE OLIVEIRA,DRA. CLEONICE COELHO,F,13/03/1969,Válido,12
12200,181,Suplente,WELZELY FERREIRA EUSTAQUIO,WESLEY TONIGHT,M,15/06/1974,Válido,12
12400,117,Suplente,JOHN CHRISTOPHER FERNANDES SOUSA,JOHN JOHN,M,07/04/1995,Válido,12
12020,39,Suplente,LUIZ FERNANDO DE MORAES,LUIZ FERNANDO,M,17/02/1954,Válido,12
12069,12,Suplente,STEFANE DE MORAES AMARAL,STEFANE BLAY,F,18/08/1994,Válido,12
12333,311,Suplente,RODRIGO RODRIGUES DA SILVEIRA,PROFESSOR RODRIGO UNUS,M,16/10/1976,Válido,12
12522,60,Suplente,LUCIMEIRE XAVIER SOUZA,IRMÃ MEIRE,F,11/09/1969,Válido,12
12066,53,Suplente,JOAO BATISTA DA SILVA,JOÃO BATISTA BAIANO,M,13/07/1953,Válido,12
12555,89,Suplente,JEREMIAS GONÇALVES DA COSTA,JEREMIAS É DAQUI,M,17/07/1953,Válido,12
12222,75,Suplente,JESSICA KAROLINE DO CARMO PEREIRA,JESSICA DO BRISA,F,17/11/1991,Válido,12
12777,13,Suplente,RAFAEL DIAS CAETANO,RAFAEL DIAS,M,03/09/1982,Válido,12
12345,2207,Suplente,GUILHERME CHAGAS SILVA,GUILHERME GRAUS,M,21/05/1992,Válido,12
12190,92,Suplente,JANIO SOUSA DINIZ,LEO DINIZ,M,10/01/1973,Válido,12
12000,406,Suplente,ANTONIO CARLOS MIRANDA DOS SANTOS,ANTONIO IRMÃO DA GENTE,M,14/01/1970,Válido,12
12999,109,Suplente,ANA PAULA CUNHA DO CARMO,ENFERMEIRA ANA PAULA CUNHA,F,05/05/1992,Válido,12
12010,208,Suplente,BELCHIOR FURTADO DE OLIVEIRA,BELCHIOR FURTADO DA SAUDE,M,10/01/1964,Válido,12
12212,72,Suplente,MARCELO ERICK DE PAULA,MARCELO ERICK,M,22/02/1965,Válido,12
12578,9,Suplente,AGENOR INACIO FILHO,AGENOR INACIO,M,15/03/1962,Válido,12
12800,276,Suplente,HEBERT SEVERO DA COSTA,MANTEGÃO,M,08/03/1979,Válido,12
12012,317,Suplente,JOSE ANTONIO FORNAZIER,ZÉ TIGRÃO,M,25/10/1965,Válido,12
12024,35,Suplente,NICKERSON SOUSA DO CARMO,NICKERSON SOUSA,M,04/12/1988,Válido,12
12105,132,Suplente,FRANCISCA ELENIR ALVES NOGUEIRA,MISSIONARIA FRANCISCA,F,01/12/1970,Válido,12
12767,273,Suplente,JOHNATAN ALVES NASCIMENTO GONÇALVES NUNES,JOHNATAN DA SAÚDE,M,06/01/1994,Válido,12
12300,39,Não eleito,ALBERTO FERNANDO FERNANDES DE OLIVEIRA,LAFUNCHA,M,11/02/1975,Anulado,12
12099,27,Suplente,KARLA BENTO DE AQUINO,KARLA BENTO,F,23/10/1975,Válido,12
12121,155,Suplente,CARLOS ANTONIO DE ALMEIDA,CARLOS TONY CERIMONIAL,M,26/08/1970,Válido,12
12700,208,Suplente,VERALUCIA RODRIGUES DA CRUZ,VERA LUCIA CORRETORA,F,25/01/1966,Válido,12
12678,259,Suplente,GERALDO MARCOS DA SILVA SOBRINHO,GERALDO GORDIM,M,25/09/1990,Válido,12
12888,56,Suplente,GENILZA ANES REGINO,GÊ DO ELI FORTE,F,19/09/1961,Válido,12
12001,85,Suplente,THIAGO HENRIQUE DE PAULA,THIAGO HENRIQUE,M,22/03/1991,Válido,12
12100,132,Suplente,IRONDINA CAETANO DE OLIVEIRA,DONA IRONDINA DA FEIRA,F,05/07/1953,Válido,12
12123,3173,Eleito,JUAREZ DE SOUZA LOPES,JUAREZ LOPES,M,11/10/1964,Válido,12
12051,46,Suplente,NILVA MARQUES DA SILVA,MULHER COITÉ,F,27/08/1960,Válido,12
12500,672,Suplente,MARCOS ANTONIO DA SILVA E SILVA,MARCOS ANTONIO,M,15/04/1991,Válido,12
12193,89,Suplente,UILLIAM RIBEIRO DA COSTA,UILLIAM BOMBEIRO,M,20/03/1976,Válido,12
30300,2190,Não eleito,PAULO VITOR GONÇALVES MARQUES,PAULO VITOR MARQUES,M,14/02/1990,Válido,30
30000,808,Não eleito,YURI VAZ CORREIA,YURI VAZ,M,25/11/1991,Válido,30
30007,1752,Não eleito,MARIA LUIZA FELICIANO VERWAEST,LUIZA VERWAEST,F,30/08/1994,Válido,30
30430,205,Não eleito,MARIA RITA DE PAULA,MARIA RITA,F,25/08/1962,Válido,30
30100,340,Não eleito,THIAGO ARAÚJO PEREIRA,THIAGO ARAÚJO,M,12/12/1994,Válido,30
30123,244,Não eleito,MAGNO CESAR OLIVEIRA PEREIRA,MAGNO CESAR,M,08/02/1974,Válido,30
30789,388,Não eleito,PAULO CÉSAR DE BRITO,PAULÃO DO NOVO,M,21/02/1967,Válido,30
30777,347,Não eleito,WORLEM KENEDY ALVES DE JESUS,WORLEM KENEDY,M,01/01/1995,Válido,30
30030,1012,Não eleito,LENINA RIBEIRO MACHADO REZENDE,LENINA REZENDE,F,21/09/1963,Válido,30
30200,1243,Não eleito,JAMIL CALIXTO SAID,JAMIL SAID,M,30/03/1976,Válido,30
28288,115,Suplente,CLEODENORA PRAXEDES DO MONTE,CLEODONORA,F,14/04/1970,Válido,28
28321,453,Suplente,FRANCISCO ANTÔNIO PEREIRA DE SOUSA,CHICÃO DRIVER,M,13/06/1980,Válido,28
28700,50,Suplente,THELWANE ALVES PORTO,THELWANE ALVES,F,18/08/1975,Válido,28
28020,485,Suplente,MARIA JOSÉ DUTRA,ZEZÉ BOLSONARIANA,F,18/11/1960,Válido,28
28222,50,Suplente,RÚBIA SILVEIRA RAMOS CARVALHO,RUBIA SILVEIRA,F,15/08/1974,Válido,28
28510,123,Suplente,LINDEMBERG DE JESUS GOMES,BEG GRANDÃO,M,20/11/1984,Válido,28
28110,97,Suplente,SANDRA REGINA FLEURY ABRANTES SANTOS,SANDRA FLEURY,F,01/10/1970,Válido,28
28022,155,Suplente,ELVIS RODRIGUES CARVALHO,ELVIS RODRIGUES,M,25/07/1975,Válido,28
28102,789,Suplente,DARLAN FERREIRA PAULINO,DARLAN CANARINHO,M,11/06/1982,Válido,28
28008,540,Suplente,MAURICIO COSTA DE MOURA FILHO,MAURÍCIO MOURA,M,22/01/1979,Válido,28
28999,23,Suplente,PRISCILLA BRIGIDA DOS REIS SOARES DE OLIVEIRA,PRICILLA BRIGIDA,F,03/08/1980,Válido,28
28234,131,Suplente,ERLEY GONÇALVES NUNES,ERLEY DO CELULAR,M,17/03/1983,Válido,28
28777,747,Suplente,PABLO BARBOSA HOFFMEISTER,PABLO HOFF,M,23/03/1981,Válido,28
28024,406,Suplente,IRANILTON ROSA DA SILVA,POPÓ DA RECICLAGEM,M,19/07/1980,Válido,28
28023,0,Suplente,SONIA MAIRMA DE SOUZA DUTRA,SONIA MAIRMA,F,11/11/1963,Válido,28
28190,622,Suplente,SERGIO MARCOS LÔBO,SGT LÔBO,M,27/12/1973,Válido,28
28380,120,Suplente,MARCELO SILVA MAGALHÃES,MARCELO MAGALHÃES,M,28/08/1967,Válido,28
28025,114,Suplente,VALQUÊNIA DIVINA CARDOSO PEREIRA,VAL DA PAPELARIA,F,25/08/1980,Válido,28
28001,138,Suplente,SIMÃO PEDRO COSTA ROCHA FREITAS,CABO SIMÃO,M,26/05/1991,Válido,28
28012,1445,Suplente,JOÃO PAULO CAMARGO MORAES,JOÃO PAULO CAMARGO,M,14/11/1979,Válido,28
28456,524,Suplente,JOSÉ ERIDAN PINHEIRO,JOSÉ ERIDAN,M,30/01/1974,Válido,28
28300,917,Suplente,GILBERTO PINTO DOS SANTOS,GILBERTO ÔMEGA,M,01/05/1981,Válido,28
28800,577,Suplente,WAGNER RODRIGUES DA SILVA,WAGNER FEDERAL,M,24/04/1962,Válido,28
28029,10,Suplente,JESSICA PEREIRA DA SILVA,JESSICA PEREIRA,F,30/12/1990,Válido,28
28627,133,Suplente,LINDOMAR MOREIRA DA SILVA,MOREIRA DO EIXÃO,M,18/04/1970,Válido,28
28789,658,Suplente,HUGO HENRIQUE MALHEIROS MOTA,HUGO HENRIQUE,M,17/02/1994,Válido,28
28567,234,Suplente,FERNANDO DE OLIVEIRA TAVARES,FERNANDO TAVARES,M,10/03/1984,Válido,28
28280,80,Suplente,WANDERSON PAULO DE SOUZA,WANDERSON PAULO DA PADRÃO,M,05/12/1983,Válido,28
28890,110,Suplente,JONATAS GOMES RODRIGUES,BALEIA GOMES,M,14/10/1971,Válido,28
28599,189,Suplente,THIAGO DIAS GONÇALVES PADILHA,DR.THIAGO PADILHA,M,01/01/1985,Válido,28
28428,130,Suplente,MARCOS DA SILVA CAZORLA BARBOSA,DR MARCOS CAZORLA,M,04/04/1971,Válido,28
28006,41,Suplente,HELLENWHITE DA SILVA MÁXIMO,HELLEN MÁXIMO,F,28/12/1977,Válido,28
28900,270,Suplente,PAULO DE TÁRCIO DE FARIA ARANTES,PAULO DO GATO PINGADO,M,29/08/1961,Válido,28
28010,2540,Eleito,SANTANA DA SILVA GOMES,SANTANA GOMES,M,20/11/1961,Válido,28
28128,148,Suplente,DÁCIO ROGÉRIO FERNANDES CINTRA,DÁCIO CINTRA,M,13/09/1972,Válido,28
28608,140,Suplente,ELIANE SILVA DO NASCIMENTO,ELIANE NASCIMENTO,F,04/03/1980,Válido,28
28100,548,Suplente,SAMUEL FERNANDES DE OLIVEIRA,SAMUEL FERNANDES,M,03/07/1974,Válido,28
28144,500,Suplente,JARDELAINE ALVES RIBEIRO SILVA,JARDELAINE ALVES,F,18/03/1972,Válido,28
28678,156,Suplente,VERA LÚCIA ROSA,VERA PRETA,F,30/06/1962,Válido,28
28197,2044,Suplente,ÁLVARO CÁSSIO DOS SANTOS,DELEGADO ÁLVARO CÁSSIO,M,26/10/1957,Válido,28
28500,294,Suplente,ALEX ANTÔNIO DOS REIS,ALEX ANTÔNIO,M,13/07/1990,Válido,28
28028,57,Suplente,HELENITA ABADIA MESQUITA,HELENITA MESQUITA,F,14/06/1961,Válido,28
28600,4632,Eleito,BRUNO DINIZ MACHADO,BRUNO DINIZ,M,10/09/1980,Válido,28
28007,478,Suplente,EMERSON PEREIRA DOS SANTOS,RODRIGO DELAMAYER,M,20/05/1973,Válido,28
28044,76,Suplente,GERTUDE PEREIRA GOMES,GETÚLIO DA QUARENTA E QUATRO,M,12/03/1966,Válido,28
28002,303,Suplente,KADMMOUS EZZDIN ALASSAL,KADMMOUS ALASSAL,M,08/05/1965,Válido,28
28444,815,Suplente,MARCELO CONRADO,MARCELO CONRADO,M,13/07/1966,Válido,28
28888,51,Suplente,ORLANDO FILISBINO DA SILVA,ORLANDO DA CARROCEIRA,M,04/01/1967,Válido,28
28005,47,Suplente,ANNE MARY OLIVEIRA DOS SANTOS,ANNE DO IVETE,F,31/03/1982,Válido,28
28123,1515,Suplente,WILSON SODRÉ DE OLIVEIRA,WILSON SODRÉ,M,28/09/1974,Válido,28
28200,165,Suplente,CLÉIA PEDROZO DA SILVEIRA SANTOS,CLÉIA PEDROZO,F,14/05/1966,Válido,28
28000,1288,Suplente,ALZIRO DE CASTRO MIRANDA,ALZIRÃO,M,10/05/1982,Válido,28
22144,133,Suplente,REGINALDO SALES SILVA JUNIOR,SALLES BOIADEIRO,M,01/10/1988,Válido,22
22777,474,Suplente,RENATO DE FARIA,RENATO DAS PRAÇAS,M,05/05/1962,Válido,22
22122,336,Suplente,ELISVALDO SANTOS SILVA,MANO SANTOS,M,17/09/1985,Válido,22
22000,148,Suplente,ISRAEL LUIZ ARAUJO DO CARMO,ISRAEL FOBYA,M,07/10/1987,Válido,22
22555,700,Suplente,LAURENCIO MESSIAS DE CARVALHO,LAURENCIO FUKINHA,M,12/08/1973,Válido,22
22446,43,Suplente,ESTHEMARIA GONCALVES DE BRITO,ESTHER,F,03/05/1989,Válido,22
22369,366,Suplente,EVERTON CIRILO DA ANUNCIAÇÃO,EVERTON CIRILO,M,16/07/1982,Válido,22
22022,250,Suplente,DIEGO VELASCO DE AZEVEDO,DIEGO VELASCO,M,17/01/1982,Válido,22
22111,113,Suplente,EDNA ROSA SANTOS,CORRETORA EDNA,F,27/11/1972,Válido,22
22222,1131,Suplente,LUCIMEIRE ISABEL DE SOUSA LOPES,MEIRE,F,02/08/1968,Válido,22
22044,301,Suplente,WALTER SOUTO DE SOUZA,WALTER SOUTO,M,15/08/1951,Válido,22
22148,60,Suplente,MARCOS GOMIDE DE CASTRO,MARCOS GOMIDE,M,25/08/1999,Válido,22
22244,31,Suplente,KATYELE DE SOUSA LEITE,KATYELE SOUSA,F,08/06/1987,Válido,22
22123,675,Suplente,LUIZMAR LACERDA SOARES,MIGUELITO LACERDA,M,20/06/1971,Válido,22
22020,55,Suplente,CARLOS ALBERTO GARCIA PURIFICAÇÃO,CARLIN PURIFICAÇÃO,M,18/06/1957,Válido,22
22424,87,Suplente,CLEVER TADEU SILVA,TADEU DA ROX,M,05/03/1955,Válido,22
22522,279,Suplente,ZANDER LUIS OLIVEIRA DE QUEIROZ,ZANDER QUEIROZ,M,02/12/1985,Válido,22
22453,157,Suplente,MARIA DA CONSOLAÇÃO MARQUES FARIAS,CONSOLAÇÃO,F,21/05/1951,Válido,22
22500,1275,Suplente,ÁTILA BERNARDES CARNEIRO MARQUES,ÁTILA MARQUES,M,18/12/1996,Válido,22
22612,26,Suplente,MARIA HELENA FERREIRA DOS ANJOS,MÃEZINHA,F,12/06/1949,Válido,22
22002,1972,Eleito,WILLIAN VELOSO DE CARVALHO,WILLIAM VELOSO,M,26/06/1964,Válido,22
22345,390,Suplente,ALEXANDRE DE OLIVEIRA,XANDÃO,M,26/08/1971,Válido,22
22310,35,Suplente,HELDER MAGALHAES MARQUES,HELDERDIN,M,03/07/1987,Válido,22
22456,1153,Suplente,MAURICIO RICARDO DE SOUZA NETO,MAURICIO COMUNICATIVO LESTE,M,18/05/1977,Válido,22
22115,66,Suplente,IRIS JOSE DA SILVA,IRIS,M,15/10/1979,Válido,22
22322,161,Suplente,RANDES GONÇALVES DE SOUZA,RANDES COWBOY,M,28/09/1978,Válido,22
22323,220,Suplente,FATIMA REGINA PERRI,REGINA PERRI,F,31/03/1964,Válido,22
22333,133,Suplente,MARCOS GOMES MARTINS,MARCOS GOMES,M,16/07/1977,Válido,22
22444,288,Suplente,PAULA DE OLIVEIRA MILHOMEM,PAULINHA,F,23/02/1979,Válido,22
22321,853,Não eleito,NATALIA CRISTINA AZEVEDO QUEIROZ,DRA NATALIA QUEIROZ,F,01/02/1987,Anulado sub judice,22
22700,715,Suplente,OLAIR JOSE RIBEIRO DOS SANTOS,OLAIR É DAQUI,M,23/10/1975,Válido,22
22626,358,Suplente,LEANDRO TELES DE PAIVA,LEANDRINHO,M,29/10/1978,Válido,22
22150,1558,Suplente,MAX PAULINO DO NASCIMENTO,MAX NASCIMENTO,M,09/12/1976,Válido,22
22200,329,Suplente,JUAREZ PEREIRA CARNEIRO,JUAREZ EXPLOSÃO,M,12/08/1972,Válido,22
22153,365,Suplente,NONATO GOMES DOS SANTOS,NONATO,M,13/09/1977,Válido,22
22400,296,Suplente,PABLO PEREIRA VICENTE,PABLO PABOLA,M,29/09/1980,Válido,22
22234,329,Suplente,LESSANDRA MAIONE FIGUEREDO,LESSANDRA MAIONE DA ASPAAN,F,16/02/1977,Válido,22
22675,43,Suplente,ELISANGELA DE SOUSA PIRES BARROS,ELISANGELA BARROS,F,18/03/1974,Válido,22
22190,278,Suplente,MOISES BIZERRA VIDAL,MOISES VIDAL,M,19/06/1974,Válido,22
22301,60,Suplente,LÚCIA CAMILO DEEP,LÚCIA DEEP,F,19/06/1963,Válido,22
22193,846,Suplente,LUIZ ROSA SANTOS,TENENTE CORONEL LUIZ,M,30/12/1967,Válido,22
22221,1091,Suplente,ADEILTON SERGIO DA SILVA,ADEILTON SERGIO,M,01/05/1979,Válido,22
21000,131,Não eleito,ARTHUR RAMOS DA CONCEIÇÃO,ARTHUR RAMOS,M,13/02/2001,Válido,21
65567,81,Não eleito,EDESIO SOARES CIRQUEIRA,PROFESSOR EDÉSIO,M,08/04/1966,Válido,65
65420,151,Não eleito,MARCUS VINICIUS DOS REIS,MARCOLA,M,06/01/1989,Válido,65
65690,49,Não eleito,NAIR DE MOURA BESSA,NAIR BESSA,F,09/06/1959,Válido,65
65001,247,Não eleito,LUIS LOPES MACHADO,MESTRE LUIZINHO,M,12/09/1962,Válido,65
65003,547,Não eleito,MARIA JOSE COSTA PEREIRA,MARIA JOSÉ,F,12/11/1967,Válido,65
65011,152,Não eleito,FABIANO MARTINS DA SILVA,PASTOR FABIANO SILVA,M,11/03/1987,Válido,65
65678,11,Não eleito,ALESSANDRO NUNES OLIVEIRA BANDEIRA,ALESSANDRO PICA PAU,M,24/10/1982,Válido,65
65180,199,Não eleito,MARIA ANGÉLICA DE SOUSA SANTOS,MARIA ANGÉLICA,F,22/06/1996,Válido,65
65000,108,Não eleito,VINICIUS FRANCISCO DOS SANTOS,CHICO ARQUITETO,M,10/03/1987,Válido,65
65101,45,Não eleito,THIAGO WAKLEY PEREIRA,THIAGO WAKLEY,M,04/12/1992,Válido,65
65889,57,Não eleito,IVO MOREIRA DA SILVA,IVO MAMONA,M,03/04/1983,Válido,65
65656,620,Não eleito,FÁBIO JOSÉ BASILIO,FÁBIO BASÍLIO,M,11/05/1975,Válido,65
65007,78,Não eleito,PAULO ROBERTO VIANA,PAULO VIANA,M,21/03/1983,Válido,65
65010,68,Não eleito,ANTONIO ALVES PEREIRA JUNIOR,JUNIOR JACKSON,M,04/04/1989,Válido,65
65120,105,Não eleito,CAIO NASCIMENTO BARBALHO,CAIO BARBALHO,M,05/08/1993,Válido,65
65558,131,Não eleito,ANTONIO CESAR MARTINS LOPES,ANTONIO LOPES,M,21/12/1961,Válido,65
65111,115,Não eleito,MAURO DE PAULA SIQUEIRA,MAURO TRADIÇÃO,M,02/02/1964,Válido,65
65654,144,Não eleito,ISRAEL SILVA NETO,ISRAEL LELLO,M,10/09/1959,Válido,65
65621,101,Não eleito,DOMINGOS SAVIO FELIX,DR. DOMINGOS SÁVIO,M,21/06/1970,Válido,65
65222,158,Não eleito,PAOLA CECILIA NOVOA E SILVA,PAOLA,F,22/08/1979,Válido,65
65012,14,Não eleito,MURILLO BARRETO SERRA,MURILLO SERRA,M,28/10/1985,Válido,65
65020,38,Não eleito,THIAGO FRANCISCO SALAZAR SOBRAL,THIAGO SALAZAR,M,10/02/1988,Válido,65
65265,327,Não eleito,ANTONIO LOPES DA SILVA,ANTÔNIO MARANHÃO,M,26/04/1964,Válido,65
65141,89,Não eleito,PEDRO HENRIQUE LOPES DO PRADO,PEDRO LOPES,M,06/09/1995,Válido,65
65055,19,Não eleito,JANAINA FERREIRA LEMES DA SILVA,JANAINA LEMES,F,23/12/1976,Válido,65
65789,453,Não eleito,HONORIO ANGELO DA ROCHA,HONÓRIO ROCHA,M,02/10/1955,Válido,65
65777,126,Não eleito,AGOSTINHO ALVES BRASIL,AGOSTINHO BRASIL,M,02/05/1971,Válido,65
65300,152,Não eleito,MONICA ANGELICA TRANQUEIRA DE CARVALHO,MÔNICA CARVALHO,F,05/06/1983,Válido,65
65085,52,Não eleito,RAIMUNDA MORENO DOS SANTOS,RAIMUNDA MORENO,F,10/01/1963,Válido,65
65650,429,Não eleito,ELDER JOÃO DOS SANTOS,ELDER MANIN,M,21/09/1969,Válido,65
65555,105,Não eleito,JOHNATHAN CHAVES DE OLIVEIRA,JOHNATHAN CHAVES,M,18/10/1985,Válido,65
65005,100,Não eleito,GUILHERME MATHEUS FERREIRA BALBINO,GUILHERME LEMES,M,30/07/2002,Válido,65
65456,122,Não eleito,RAFAEL PEREIRA RIBEIRO,DR. RAFAEL RIBEIRO,M,16/04/1990,Válido,65
65033,14,Não eleito,SILVERIO SAMZON YAMAMOTO DE BORGES MENDES,SILVERIO YAMAMOTO ,M,23/06/1969,Válido,65
65122,7,Não eleito,KESIA CRISTINA FERREIRA SIMOES,KESIA CRISTINA,F,18/03/1996,Válido,65
65338,6,Não eleito,ERICKA FRANCIELLE SOUSA DIAS,MISSIONÁRIA ERICKA,F,22/04/1981,Válido,65
65201,31,Não eleito,CLAUDIOMIRO VIGILATO DA SILVA,CLAUDIO VIGILATO,M,24/03/1977,Válido,65
65123,1801,Não eleito,ELENIRA TATIANA LEMOS VIEIRA CHADUD,TATIANA LEMOS,F,28/12/1978,Anulado sub judice,65
65112,13,Não eleito,NATHALIA AURELIANA DA SILVA,NATHALIA,F,11/10/1987,Válido,65
65051,63,Não eleito,MARILUCIA MACHADO FLORES,MARILUCIA MACHADO,F,01/03/1976,Válido,65
65100,15,Não eleito,ALEXSSANDRO NEVES SUQUE,ALEXSSANDRO SUQUE,M,22/12/1982,Válido,65
65999,9,Não eleito,JEANE TEREZA DA CONCEIÇÃO,JEANE TEREZA,F,11/01/1980,Válido,65
65666,10,Não eleito,EURIPEDES DA SILVA DIAS,MANO,M,22/05/1957,Válido,65
65250,58,Não eleito,MARIA TEREZA DE MORAIS,MARIA TEREZA,F,12/02/1964,Válido,65
65190,492,Não eleito,JOSÉ NILTON CARVALHO DA SILVA,DR. JOSÉ NILTON CARVALHO ,M,11/10/1969,Válido,65
65670,692,Não eleito,NIVALDO DOS SANTOS,PROFESSOR NIVALDO,M,20/02/1962,Válido,65
65321,11,Não eleito,MARIA DO CEU VICENTE FERREIRA,SELMA DA MORADIA,F,05/06/1960,Válido,65
65025,14,Não eleito,MASTERSON RODRIGUES RUSTIGUEL,MASTERSON,M,25/01/1975,Válido,65
33000,689,Não eleito,MARIANA FRANCISCA DOS SANTOS,ANALÚ MARIANA,F,20/02/1954,Válido,33
33130,76,Não eleito,PEDRO DA SILVA COSTA,PEDRO MOTO BOY,M,01/08/1984,Válido,33
33331,80,Não eleito,LUCIANO JUNQUEIRA PRADO,LUCIANO PRADO,M,31/03/1976,Válido,33
33120,22,Não eleito,RAIMUNDO AGUIAR ALVES DA SILVA,RAIMUNDO AGUIAR,M,23/03/1957,Válido,33
33707,67,Não eleito,SINARA SIMOES MENDES,SINARA MENDES,F,31/07/1987,Válido,33
33333,321,Não eleito,RAQUEL MENDES RODRIGUES,RAQUEL MENDES,F,14/03/1961,Válido,33
33433,114,Não eleito,CLEITON DE CARVALHO QUEROBIN,CLEITINHO,M,17/07/1978,Válido,33
33111,59,Não eleito,MARIA DE FÁTIMA FERREIRA,MARIA DE FATIMA,F,03/08/1962,Válido,33
33253,165,Não eleito,JULIANA DOS SANTOS CAMPOS,JULIANA CAMPOS,F,22/05/1984,Válido,33
33777,298,Não eleito,DIEGO EMERENCIANO BRINGEL DE OLIVEIRA,DR DIEGO BRINGEL,M,18/06/1980,Válido,33
33123,1242,Não eleito,PAULO ROBERTO DAHER JUNIOR,DR PAULO DAHER,M,16/10/1973,Válido,33
33150,232,Não eleito,WELLINGTON DOS SANTOS,TIM CHINELA,M,25/12/1975,Válido,33
33600,312,Não eleito,MARCIA DIVINA DA SILVA,MARCIA DIVINA,F,26/03/1967,Válido,33
33789,168,Não eleito,MARLEY MORAES,MARLEY MORAES,M,28/07/1964,Válido,33
33190,455,Não eleito,MARUZAN MARQUES DE JESUS RIBEIRO,SGTO MARUZAN,M,21/01/1967,Válido,33
33234,45,Não eleito,ADAILTON FERREIRA LIMA,ADAILTON LIMA,M,16/11/1967,Válido,33
33128,102,Não eleito,RICARDO DAMACENA DE SOUSA,PR RICARDO DAMACENA,M,26/11/1976,Válido,33
33188,49,Não eleito,CARLOS LINO DE SOUSA,CARLOS LINO,M,06/11/1979,Válido,33
33667,170,Não eleito,LINDOMAR SANTOS DA SILVA,LINDOMAR SANTOS,M,18/05/1978,Válido,33
33044,80,Não eleito,ELINES DA SILVA MARQUES,LIS MARQUES,F,16/11/1978,Válido,33
33233,89,Não eleito,SÉRGIO RICARDO ALVES,SÉRGIO VIGILANTE,M,13/03/1974,Válido,33
33567,70,Não eleito,DILZA DE SOUZA CAMPOS,PROFESSORA DILZA CAMPOS,F,06/03/1947,Válido,33
33100,119,Não eleito,ELECY MENDES DA SILVA,PROFESSORA ELECY MENDES,F,29/10/1971,Válido,33
33355,65,Não eleito,IPECULOS GOMES BELCHIOR,BELCHIOR,M,01/08/1965,Válido,33
33800,58,Não eleito,TACILEIDE APARECIDA RODRIGUES DE LEMOS,TACILEIDE APARECIDA,F,31/12/1971,Válido,33
33200,267,Não eleito,ADALTO CORREIA DA SILVA,ADALTO CORREIA,M,17/12/1972,Válido,33
33151,661,Não eleito,ANTÔNIO VALDO PEREIRA NASCIMENTO,ANTONIO BIGODE,M,17/12/1974,Válido,33
33700,212,Não eleito,ADILSON ELIAS DA SILVA,ADILSON DO GAS,M,01/08/1969,Válido,33
33321,170,Não eleito,VALDIVINO DA SILVA OLIVEIRA,VALDIVINO OLIVEIRA,M,09/12/1968,Válido,33
33238,242,Não eleito,MARCO AURÉLIO GESTEIRA SANTOS,MARCO GESTEIRA,M,30/03/1992,Válido,33
33500,605,Não eleito,EUDISNEI DE LIMA,EUDISNEI DA MERCEARIA,M,28/06/1965,Válido,33
33933,148,Não eleito,HERIKA SILVA VASQUES,PROFESSORA HÉRIKA VASQUES,F,20/03/1979,Válido,33
33326,5,Não eleito,MARCOS ANTÔNIO VIRGINIO DE SOUZA,PASTOR MARCO ANTÔNIO,M,04/06/1972,Válido,33
33193,78,Não eleito,EDVALDO CIRILO DOS SANTOS,NIL CABRA VÉI,M,30/10/1964,Válido,33
33133,39,Não eleito,ANA MARIA DA SILVA,ANA MARIA UINAH,F,07/12/1959,Válido,33
35110,49,Suplente,OSVALDINA PEREIRA DA SILVA,OSVALDINA FEIRANTE,F,31/01/1963,Válido,35
35888,389,Suplente,FABIO JUNIOR DAS NEVES,FABIO JR DA CASA DE CARNE,M,21/10/1980,Válido,35
35035,1469,Suplente,NEWTON DA CUNHA SANTOS,NEWTON SANTOS BLACK,M,12/05/1960,Válido,35
35159,19,Suplente,RAQUEL CAMPOS SOUSA,RAQUEL CAMPOS,F,01/08/1982,Válido,35
35123,799,Suplente,CHANTER LANE PEREIRA DE ALMEIDA,CHANTER LANE,M,16/04/1970,Válido,35
35100,149,Suplente,ADAO EUSTAQUIO FERREIRA,ADAO EUSTAQUIO DA DENGUE,M,28/01/1960,Válido,35
35147,30,Suplente,MARIA DAS DORES DIAS DOS REIS,MARIA DO PAIOL,F,15/09/1979,Válido,35
35222,10,Suplente,FERNANDA DRUMOND GUIMARAES ROSA BAILAO,FERNANDA BAILAO,F,09/03/1995,Válido,35
35444,339,Suplente,EGIDIO ALVES FOGACA,PASTOR EGIDIO,M,09/10/1964,Válido,35
35351,28,Suplente,MARCOS FLAVIO RIBEIRO VALERIO,MARCOS FLAVIO,M,07/07/1969,Válido,35
35111,2298,Eleito,WILSON PEREIRA DA SILVA CUNHA,PASTOR WILSON,M,29/07/1969,Válido,35
35800,1199,Suplente,CRISTIANCLEY DOS SANTOS BARROS,CRISTIANO XAVIEZIN,M,25/07/1981,Válido,35
35353,1516,Suplente,RANDER GOMES DE DEUS,DELEGADO RANDER,M,12/09/1961,Válido,35
35180,35,Suplente,MARIA EDUARDA GALIZA DE ASSIS,MARIA EDUARDA GALIZA,F,18/08/2000,Válido,35
35014,133,Suplente,GISELE SILVA DE FREITAS CARDOSO,GISELE FREITAS,F,07/05/1978,Válido,35
35456,339,Suplente,GILBERTO NUNES SIQUEIRA JUNIOR,GILBERTO MOREIRA,M,29/12/1996,Válido,35
35777,1774,Suplente,DANILO GOMES AVELINO DE ALENCAR ARRAES,DANILO ARRAES,M,10/05/1979,Válido,35
35200,321,Suplente,MARCO AURELIO DIAS MELO,MARCO AURELIO MELO,M,07/02/1978,Válido,35
35785,24,Suplente,NEDIR RODRIGUES TAVARES,NEDIR TAVARES,F,12/10/1956,Válido,35
35820,812,Suplente,NILTON CESAR DOS SANTOS,NILTON CESAR MAO NA MESA,M,06/08/1968,Válido,35
35233,1404,Suplente,CLEZER DE OLIVEIRA PINTO,CLEZER OLIVEIRA,M,11/05/1980,Válido,35
35350,793,Suplente,MARCO AURÉLIO DE SOUSA,MARCO AURELIO,M,11/10/1966,Válido,35
35555,1522,Suplente,EDIVALDO CARLOS DE OLIVEIRA,EDIVALDO CARLOS,M,30/11/1971,Válido,35
35001,192,Suplente,ALVES BATISTA LIMA,ALVES BATISTA ALVIM,M,31/12/1964,Válido,35
35789,922,Suplente,PAULO JOSE GALVAO SALDANHA FILHO,PAULINHO SALDANHA,M,21/04/1986,Válido,35
35234,80,Suplente,DANIELA INACIO FARIA,DANIELA FARIA,F,19/10/1983,Válido,35
35002,497,Suplente,DIOUGUISTANAY GONCALVES ARRUDA,TONINHO DO VERA CRUZ,M,29/07/1981,Válido,35
35288,12,Suplente,FABIO CRISTIANO DE MEDEIROS,FABIO MEDEIRO,M,25/07/1976,Válido,35
35013,347,Suplente,JORGEAN LIMA LOPES,JORGEAN DO ITAIPÚ,M,05/01/1984,Válido,35
35115,5,Suplente,DIVINA D'ARC NASCIMENTO DOS SANTOS,DIVINA D'ARC,F,21/08/1980,Válido,35
35678,278,Suplente,WEVERTON TAVARES DE PAULA,WEVERTHON TAVARES,M,16/10/1992,Válido,35
35135,446,Suplente,GLENIO CANDIDO DE MELO,GLENIO DA POSYTIVA CALÇADOS,M,04/03/1974,Válido,35
35000,949,Suplente,JOAO PAULO ABINAGEM,JOAO PAULO ABINAGEM,M,07/06/1989,Válido,35
35786,1055,Suplente,EDUARDO PONCHIO SILVA,EDUARDO GRILLO,M,21/09/1961,Válido,35
35700,2905,Eleito,EDGAR DUARTE GOMES,EDGAR DUARTE CARECA,M,16/01/1979,Válido,35
35900,446,Suplente,FERNANDO MAXIMO DE OLIVEIRA,FERNANDO MÁXIMO ,M,11/11/1984,Válido,35
35600,607,Suplente,WENDEL CESAR RIBEIRO,WENDEL RIBEIRO,M,05/08/1979,Válido,35
35315,1,Suplente,ROSELIA JOSE DA COSTA,ROSELIA COSTA,F,30/08/1968,Válido,35
35333,149,Suplente,MARIA DE FATIMA CHAVES,TARÚ,F,18/03/1961,Válido,35
40626,2329,Suplente,GIOVANI ANTONIO BARBOSA,GEOVANI,M,12/12/1963,Válido,40
40333,105,Suplente,MARIA DE FATIMA DOS SANTOS GUIMARAES,FATIMA DA APOSENTADORIA,F,24/08/1960,Válido,40
40000,1007,Suplente,MARTINIANO PEREIRA CAVALCANTE NETO,MARTINIANO CAVALCANTE,M,27/01/1959,Válido,40
40068,105,Suplente,ANTONIA PEREIRA DA SILVA,TOINHA,F,04/04/1957,Válido,40
40404,44,Suplente,JAMIRO RIBEIRO DE ANDRADE JUNIOR,JAMIRO JR,M,20/07/1960,Válido,40
40100,157,Suplente,LEOMAR MAURICIO DA SILVA,LEOMAR,M,18/05/1966,Válido,40
40001,202,Suplente,FLAVIO AUGUSTO CORREA,FLÁVIO CORREA,M,22/11/1967,Válido,40
40753,131,Suplente,SILVER BRAZ MACHADO DE SOUZA,BRAIZINHO,M,17/06/1972,Válido,40
40140,61,Suplente,EDVALDO COSTA DOS SANTOS,EDVALDO SAPECA,M,14/08/1981,Válido,40
40567,301,Suplente,ELIONALDO DIAS DE OLIVEIRA,LÉO OLIVEIRA,M,01/07/1973,Válido,40
40510,34,Suplente,EDVANDRO NEVES DE SOUZA,EDVANDRO BARUC TURISMO,M,19/07/1979,Válido,40
40456,1148,Suplente,TALES DE CASTRO CASSIANO,TALES DE CASTRO CASSIANO,M,20/06/1986,Válido,40
40700,105,Suplente,ANTONIO MARCOS DE LIMA SANTOS,CHINA MOTOTÁXI,M,01/10/1984,Válido,40
40234,61,Suplente,LUIZ DE OLIVEIRA FILHO,LUIZ SQUASH,M,21/09/1959,Válido,40
40222,768,Suplente,LUZIA DE CASSIA RIBEIRO DUARTE,LUZIA DE CASSIA,F,01/12/1970,Válido,40
40321,68,Suplente,MARCIO EDUARDO PEREIRA MARTINS,PROFESSOR MARCIO EDUARDO,M,18/12/1978,Válido,40
40600,239,Suplente,ELIAS RODRIGUES PEREIRA,ELIAS RODRIGUES,M,14/04/1989,Válido,40
40888,29,Suplente,LEONARDO OLIVEIRA COSTA,LEONARDO OLIVEIRA,M,04/06/1994,Válido,40
40040,1123,Suplente,KELLY CRISTINA ALMEIDA DE SOUSA EGITO,KELLY EGITO,F,13/03/1981,Válido,40
40789,6,Não eleito,OSCAR DE JESUS SANTA ROSA,OSCAR DE JESUS,M,15/08/1977,Válido (legenda),40
40444,124,Suplente,MARCIENE ROBERTO DA COSTA ANDRADE,MARCIENE,F,31/10/1969,Válido,40
40500,63,Suplente,MARLY APARECIDA DE ASSIS,MARLY DO POVO,F,01/09/1967,Válido,40
40400,789,Suplente,FERNANDO MARQUES FAUSTINO,COLETIVO FERNANDO BOI,M,11/04/1976,Válido,40
40123,3233,Eleito,ANDERSON CRUZ E FREIRE,PEDRO AZULÃO JR,M,09/04/1976,Válido,40
40111,1015,Suplente,DOMINGOS BARBOSA DOS SANTOS,PROFESSOR DUMAS,M,21/01/1968,Válido,40
40007,39,Suplente,VICTOR HUGO FERREIRA SANTOS,TERRAQUEO VICTOR HUGO,M,08/01/1962,Válido,40
40050,203,Suplente,ELIAS FERRAZ DE LIMA,ELIAS FERRAZ,M,15/09/1974,Válido,40
40369,101,Suplente,VIRGINIA DO CARMO SANTOS,IRMA VIRGINIA,F,25/07/1976,Válido,40
40004,609,Suplente,JOSE EDUARDO DA SILVA BATISTA,COLETIVO ZÉ EDUARDO,M,24/05/1968,Válido,40
40555,68,Suplente,ANA KARINA VIEIRA DA SILVA,ANA KARINA VIEIRA,F,20/05/1972,Válido,40
40777,435,Suplente,ANDREA GONCALVES DE MELO,ANDREA GONÇALVES,F,27/01/1974,Válido,40
14555,177,Suplente,ARYELLE DOS ANJOS CORONHEIRO,ARYELLE DOS ANJOS,F,28/05/1997,Válido,14
14153,268,Suplente,VALDIMIR DE SOUZA PASSOS,VALDIMIR PASSOS,M,03/05/1972,Válido,14
14121,40,Suplente,FLAVIANNA NUNES,FLAVIANNA NUNES,F,21/12/1981,Válido,14
14214,104,Suplente,SHEILA DE NAZARÉ FONSECA CARDOSO,SHEILA CARDOSO,F,27/03/1976,Válido,14
14333,279,Suplente,CLAUDIO REGO DE SOUZA,CLAUDIÃO,M,01/12/1964,Válido,14
14500,806,Suplente,RODRIGO CIRQUEIRA DE SOUSA,RODRIGO CIRQUEIRA,M,07/10/1981,Válido,14
14001,201,Suplente,JOHNATAN ALVES FERREIRA,JOHNATAN FERREIRA,M,02/04/1986,Válido,14
14190,1223,Suplente,CLEBER EURÍPEDES MARTINS,CABO CLEBER MARTINS,M,16/02/1981,Válido,14
14167,503,Suplente,TITO ALVES DE SENA,TITO SENNA,M,06/02/1967,Válido,14
14777,144,Suplente,IONE MOREIRA VITOR MONTELO,MISSIONARIA IONE,F,26/07/1978,Válido,14
14900,33,Suplente,LILLIAN CORREIA DE BRITO,LILLIAN CORREIA,F,07/09/1982,Válido,14
14600,192,Suplente,SUELSON SILVA MARINHO,MARIANO,M,13/05/1981,Válido,14
14000,228,Suplente,GUSTAVO DE OLIVEIRA CRUZ,GUSTAVO CRUZ,M,19/12/1990,Válido,14
14111,127,Suplente,JULIO CESAR FERREIRA DE JESUS,JULIO CESAR FERREIRA,M,08/07/1981,Válido,14
14123,1493,Suplente,ELTON RIBEIRO DE MAGALHÃES,ELTON MAGALHÃES,M,12/09/1975,Válido,14
14195,42,Suplente,NEIRES MARIA ALVES BARRETO,NERES BARRETO,F,11/11/1958,Válido,14
14456,1360,Suplente,SERGIO AUGUSTO SEVERO,SERGIO SEVERO SERGINHO,M,02/04/1972,Válido,14
14120,74,Suplente,YASMIN GONZAGA DE FREITAS,YASMIN GONZAGA,F,26/02/1994,Válido,14
14018,41,Suplente,MAGNO HENRIQUE DOS REIS,MAGNO REIS,M,18/06/1982,Válido,14
14321,175,Suplente,DARCY FRANCA FRANCO JUNIOR,FRANCO JUNIOR,M,07/09/1969,Válido,14
14014,1091,Suplente,JOÃO PAULO DE SOUZA DUTRA,JOÃO PAULO DE SOUZA,M,23/04/1986,Válido,14
14789,916,Suplente,MARIA APARECIDA DE OLIVEIRA SOUSA,IRMÃ CIDA,F,09/08/1968,Válido,14
14100,491,Suplente,VALDOMIRO BORBA DE FREITAS,VALDOMIRO BORBA,M,11/05/1960,Válido,14
14520,65,Suplente,CLEIDIMAR BARBOSA DOS SANTOS GOMES,CLEIDIMAR BARBOSA,F,07/09/1975,Válido,14
14650,0,Suplente,CARLOS AURELIO LABOISSIERE DE CARVALHO,CARLOS LABOISSIERE,M,11/03/1964,Válido,14
14300,695,Suplente,BENEDITO PIMENTA FERREIRA NETO,DITO PIMENTA,M,03/10/1965,Válido,14
14477,67,Suplente,PAULO RICARDO DOS SANTOS,PAULO GARÇOM,M,01/08/1986,Válido,14
14332,505,Suplente,LEONARDO RIBEIRO DE FRANÇA,LEO FRANÇA,M,28/08/1975,Válido,14
14444,1799,Eleito,LEONARDO JOSE ARANTES,LEO JOSÉ,M,04/09/1982,Válido,14
14251,97,Suplente,NEUBERTO BATISTA DE FIGUEIREDO,PRESBÍTERO NEUBERTO,M,25/04/1969,Válido,14
14700,713,Suplente,ARIZIO RIBEIRO DOS SANTOS,ARIZIO SEMEAR,M,27/11/1955,Válido,14
14515,295,Suplente,ROSIMEIRE FREITAS DE SOUSA,ROSE FREITAS,F,09/07/1976,Válido,14
14999,430,Suplente,ORLANDO LAUREANO DE SOUSA,ORLANDO LAUREANO DA ONG,M,15/02/1962,Válido,14
14180,23,Suplente,SERGIO EDUARDO CARDOSO,PR SERGIO CARDOSO,M,22/10/1975,Válido,14
14020,59,Suplente,SEBASTIÃO ROSA DOS SANTOS,TIÃO CARTEIRO,M,28/12/1950,Válido,14
14222,454,Suplente,BERNARDINO DE SOUZA MARIANO,DINO MARIANO EXCURSÕES,M,16/04/1974,Válido,14
14140,128,Suplente,LUIS RENATO BATIGNIANI,LUIS BATIGNIANI,M,25/09/1968,Válido,14
14567,800,Suplente,ELIZIO HENRIQUE COELHO ALFENAS,ELIZIO ALFENAS,M,17/01/1994,Válido,14
14400,40,Suplente,APARECIDA CRISTINA DE ALCÂNTARA,CRISTINA ALCÂNTARA,F,30/03/1977,Válido,14
14345,55,Suplente,RAYAN MENDES CONSTANTINO,RAYAN RAMIRO RODA,M,20/09/1992,Válido,14
36136,134,Suplente,RENATA PIRES DE SOUZA,RENATA PIRES,F,26/08/1978,Válido,36
36888,134,Suplente,MARCELO VIEIRA DE FARIA,MARCELO ROSQUINHA,M,23/08/1969,Válido,36
36200,160,Suplente,JOSE ROBERTO SALES MAGALHAES,DJ PICA-PAU,M,03/01/1986,Válido,36
36600,189,Suplente,MARCIO GLEYSON SILVA DE BITTENCOURT,MARCIO BITTENCOURT,M,25/11/1967,Válido,36
36666,237,Suplente,ROSA MARIA DAS GRACAS BUCAR,ROSA BUCAR,F,20/03/1950,Válido,36
36321,67,Suplente,THIAGO FERREIRA DE OLIVEIRA,THIAGO FERREIRA,M,09/02/1981,Válido,36
36006,183,Suplente,ALEXANDRE ROCHA RIBEIRO,ALEXANDRE ROCHA,M,03/05/1981,Válido,36
36025,238,Suplente,MARIA DAS GRAÇAS OLIVEIRA,GRAÇA DA SAUDE,F,25/09/1966,Válido,36
36700,2583,Eleito,PAULO HENRIQUE RODRIGUES SILVA,PAULO HENRIQUE DA FARMACIA,M,30/07/1986,Válido,36
36999,910,Suplente,CLEIDE PEREIRA DA ROCHA,CLEIDE ROCHA,F,19/12/1955,Válido,36
36011,161,Suplente,AIRTON DIAS VIEIRA,AIRTON DIAS CATRA,M,15/06/1977,Válido,36
36690,29,Suplente,CONCEIÇÃO FRANCISCA DA SILVA,CONCEIÇÃO,F,13/04/1954,Válido,36
36366,193,Suplente,ANAI MENDONÇA DE SOUSA,ANAÍ MENDONÇA,F,22/05/1973,Válido,36
36032,46,Suplente,ANDRE LUIZ MARQUES DE MORAES,ANDRE MARQUES,M,28/07/1962,Válido,36
36444,60,Suplente,ADEDIAS LEOPOLDINO DE SOUSA,ADEDIAS DO TRANSPORTE,M,11/12/1972,Válido,36
36456,1958,Suplente,GENIVALDO DE SOUZA DILL OLIVEIRA,DILL OLIVEIRA,M,21/08/1966,Válido,36
36123,1240,Suplente,LUIZ ANTONIO TEOFILO ROSA,LUIZ TEOFILO,M,16/06/1959,Válido,36
36333,49,Suplente,ADRIANE AUGUSTA DA SILVA MORAIS,ADRIANE DO CERRADO,F,07/04/1985,Válido,36
36000,271,Suplente,DOMINGOS SAVIO VIEIRA DOS SANTOS,PROF. DOMINGOS SAVIO,M,23/03/1959,Válido,36
36361,134,Suplente,PAULO ROBERTO DE SOUSA,PAULO SARUÊ,M,01/09/1959,Válido,36
36104,692,Suplente,JOSELITO SOBRINHO DA SILVA,JOTA SOBRINHO,M,07/02/1968,Válido,36
36380,157,Suplente,CESAR SALUSTIANO RIBEIRO,TENENTE CESAR SALUSTIANO,M,05/05/1979,Válido,36
36010,587,Suplente,JANETE ALI DAHBUR MENDES,PROFESSORA JANETE,F,10/03/1969,Válido,36
36100,208,Suplente,NADIR VITORINO DOS SANTOS,NADIR DOS SANTOS,M,29/09/1969,Válido,36
36777,23,Suplente,GERALDO LIMA SANTOS,BISPO GERALDO LIMA,M,08/03/1973,Válido,36
36789,2440,Suplente,CELIO DE CARVALHO SILVA,CELIO SILVA,M,03/07/1957,Válido,36
36139,169,Suplente,VIVIANE DE SOUZA MORGADO,VIVIANE MORGADO,F,05/09/1962,Válido,36
36036,591,Suplente,FERNANDA MOREIRA ARAÚJO MACHADO,NANDA MOREIRA,F,07/08/1978,Válido,36
36369,49,Suplente,ALEXANDRE FIGUEIREDO FERREIRA,ALEXANDRE DO TRANSPORTE,M,17/01/1965,Válido,36
36023,482,Não eleito,LINDOMAR RODRIGUES SOARES,LINDOMAR PROAP,M,23/10/1974,Anulado,36
36007,1814,Suplente,EUDES CARDOSO ALVES,EUDES VIGOR,M,13/07/1968,Válido,36
36016,203,Suplente,BRUNO VILELA DO VALLE,BRUNO VILELA,M,28/02/1989,Válido,36
36626,74,Suplente,WILMAR PEREIRA CORDEIRO,WILMAR CONTA,M,04/11/1967,Válido,36
36015,8,Suplente,PAULO CESAR BARBOSA COUTINHO,PAULINHO COUTINHO,M,28/03/1977,Válido,36
36222,91,Suplente,ANTÔNIO MAGALHÃES,MAGALHÃES LAJES CASTELO,M,02/11/1950,Válido,36
45602,586,Suplente,JOCELINO ANTONIO LARANJEIRAS NETO,NETO LARANJEIRAS,M,01/09/1988,Válido,45
45670,168,Suplente,VANILDA MARIA RUSTIGUEL,RUSTIGUEL,F,22/07/1961,Válido,45
45190,269,Suplente,KARLLISON FREDERIC DE OLIVEIRA,SARGENTO OLIVEIRA,M,14/06/1970,Válido,45
45333,547,Suplente,NELSON REMY GILLET,NELSON GILLET,M,02/01/1945,Válido,45
45999,519,Suplente,KANDICE BATISTA ALVES DA VEIGA JARDIM,KANDICE VEIGA,F,14/04/1983,Válido,45
45001,6,Suplente,MARINHO MARTINIANO,MARINHO MARTINIANO,M,26/02/1942,Válido,45
45750,139,Suplente,WILSON CARVALHO DE SANTANA,WILSON ELETRICISTA,M,21/01/1974,Válido,45
45524,150,Suplente,WILSON PEREIRA SAMPAIO JUNIOR,JUNIOR PINHEIRO,M,18/11/1991,Válido,45
45100,496,Suplente,GISCARD DE ESTAING DE MENEZES,GISCARD DE ESTAING,M,01/03/1978,Válido,45
45900,167,Suplente,VANI ALBINO DE CASTRO,VANI DE CASTRO,M,26/08/1968,Válido,45
45666,291,Suplente,MARCO TULIO DUTRA,MARCO TULIO DUTRA,M,21/09/1971,Válido,45
45151,945,Suplente,ELEUZA SEGATI DE OLIVEIRA,ELEUZA SEGATI,F,07/08/1967,Válido,45
45545,69,Suplente,ELAINE SILVA RIBEIRO,ELAINE GUANABARA,F,05/08/1972,Válido,45
45012,347,Suplente,ARQUIMEDES MARCIANO DE CARVALHO NETO,ARQUIMEDES MARCIANO,M,25/11/1976,Válido,45
45454,269,Suplente,JACQUELINE BEZERRA CUNHA,JACQUELINE CUNHA,F,20/03/1965,Válido,45
45455,11,Suplente,POLIANA DE JESUS VASCONCELOS,POLIANA VASCONCELOS,F,15/02/1989,Válido,45
45690,715,Suplente,ULISSES RODRIGUES RAIMUNDO,ULISSES GUIMARÃES,M,10/01/1961,Válido,45
45567,36,Suplente,MARCOS ROBERTO DOS SANTOS RIBEIRO,MARQUIM KARATÊ,M,07/04/1976,Válido,45
45555,353,Suplente,DARCIMAR DOS SANTOS OLIVEIRA,DELCIMAR DIÁCONO,M,15/01/1972,Válido,45
45021,444,Não eleito,FAGNER TAVARES DE ALMEIDA,FAGNER TAVARES,M,21/12/1979,Anulado sub judice,45
45456,2865,Eleito,AAVA SANTIAGO AGUIAR,AAVA SANTIAGO,F,20/10/1989,Válido,45
45234,307,Suplente,ALESSANDRO PEREIRA DOS SANTOS VITORINO,SANDRO BOLA,M,23/10/1983,Válido,45
45004,364,Suplente,EZEQUIAS ALVES PINTO,EZEQUIAS SUPERPAM,M,24/09/1982,Válido,45
45700,682,Suplente,MAGNO MARCIEL RAMOS BARBOSA,MAGNO RAMOS,M,08/10/1984,Válido,45
45789,1404,Suplente,ERI RISTOV DA SILVA,ERI RISTOV,M,21/12/1966,Válido,45
45450,243,Suplente,SILBRIA REGINA PEREIRA DA SILVA BARRETO,SILBRIA BARRETO,F,09/01/1986,Válido,45
45500,768,Suplente,PAULO SILVA DE JESUS,PAULINHO DE JESUS,M,31/08/1949,Válido,45
45045,1582,Suplente,RAFAEL AZEVEDO ARAUJO,RAFAEL AZEVEDO,M,17/05/1989,Válido,45
45009,37,Suplente,JOANA DINAIDES PEREIRA,NAIDES VARGAS,F,10/05/1963,Válido,45
45222,116,Suplente,BALTAZAR NORATO FERNANDES,BALTAZAR FERNANDES,M,22/03/1984,Válido,45
45600,11,Suplente,PEDRO PAULO JARDIM BRAGA,PEDRO JARDIM,M,04/06/1984,Válido,45
45300,754,Suplente,LUIZ CARLOS GOMES DOS SANTOS,LUIZ GOMES,M,23/07/1977,Válido,45
45055,986,Suplente,LUSIMAR PINTO DOS SANTOS,LUSIMAR SANTOS,M,13/01/1978,Válido,45
45007,63,Suplente,ISNAEL GOMES LIMA,ISNAEL CORRERIA,M,09/11/1991,Válido,45
45000,129,Suplente,RAFAEL ALVES FOLHA,RAFAEL FEUILLE,M,23/12/1994,Válido,45
45018,35,Suplente,TANIA ALVES DO NASCIMENTO,TANIA NASCIMENTO,F,06/11/1983,Válido,45
45321,16,Suplente,VANESSA AGUIAR DE ASSUNÇÃO,VANESSINHA AGUIAR,F,27/09/1984,Válido,45
45111,63,Suplente,DAVID DE LIMA BRITO,DAVID BRITO,M,02/04/1976,Válido,45
45005,96,Suplente,JESSICA SANTANA,JESSICA SANTANA PANTERA NEGRA,F,28/03/1990,Válido,45
45645,66,Suplente,SUELLEN FERNANDES DE OLIVEIRA LIMA,SUELLEN FERNANDES,F,16/10/1982,Válido,45
45200,1671,Suplente,WILLIAM TAVARES DA SILVA,WILLIAM DO ARMAZÉM SILVA,M,21/05/1974,Válido,45
45123,650,Suplente,MARCOS DA CONCEIÇÃO DE ALBUQUERQUE,MARQUIM ALBUQUERQUE,M,30/11/1976,Válido,45
43023,182,Não eleito,DONIZETE DE ALELUIA,DI DONE DONIZETE,M,25/01/1956,Válido,43
43233,617,Não eleito,DENNIS EGIDIO GONÇALVES DIAS,DENNIS DA ED FÍSICA,M,21/04/1967,Válido,43
43000,964,Não eleito,JÚLIO CÉSAR ALVES,CÉSAR NANINE,M,20/04/1971,Válido,43
43300,175,Não eleito,EDGAR MARINHO BORGES,EDGAR MARINHO,M,30/01/1989,Válido,43
43043,192,Não eleito,MARCELO MARTINS MONTEIRO,MARCELO DA LATINHA,M,06/04/1966,Válido,43
43190,486,Não eleito,FERNANDO JORGE DE OLIVEIRA,FERNANDO JORGE,M,31/01/1967,Válido,43
43210,150,Não eleito,PATRÍCIA PEREIRA DOS SANTOS,PATY ROXINHA,F,22/05/1983,Válido,43
43400,209,Não eleito,LANA LUZIA DE FREITAS,PROFESSORA LANA,F,09/12/1952,Válido,43
43434,108,Não eleito,SANDRA COSTA PRUDENTE,PROFA SANDRA PRUDENTE,F,11/02/1968,Válido,43
43222,391,Não eleito,JEAN CARLOS OLIVEIRA JACINO,PROF JEAN,M,15/03/1974,Válido,43
43020,477,Não eleito,ACITAMAR LUZ DE ARAÚJO,TELÊ ACITAMAR,M,04/05/1974,Válido,43
43040,55,Não eleito,LORENA JARDIM MARQUES,SARGENTO LORENA,F,29/11/1978,Válido,43
43998,11,Não eleito,JHÔANNE PEREIRA DE AMORIM,JHÔANNE AMORIM,F,10/12/1998,Válido,43
43789,403,Não eleito,PAULO RENATO SILVA,PAULINHO DA CESTA,M,16/01/1984,Válido,43
43433,317,Não eleito,LUIZ SÉRGIO PACHECO SANTOS,LUIZ SÉRGIO,M,26/08/1949,Válido,43
43567,447,Não eleito,JOSÉ DA LUZ BORGES DA SILVA,SD ZÉ DA LUZ,M,20/03/1971,Válido,43
43111,260,Não eleito,JOSÉ ROBERTO GOMES DOS SANTOS,ROBERTO GOMES,M,13/05/1959,Válido,43
43369,274,Não eleito,CLÁUDIO GUIMARÃES BRANDÃO DA SILVA,DR CLÁUDIO BRANDÃO,M,19/12/1969,Válido,43
43100,683,Não eleito,GILDO FELIPE DE PAULA,GILDO FELIPE,M,09/12/1969,Válido,43
43333,318,Não eleito,BRUNO HERNANDEZ ALMEIDA DE ARAÚJO,BRUNO HERNANDEZ,M,20/05/1978,Válido,43
43200,109,Não eleito,VICTOR HUGO FURQUIM DE FREITAS ALVES,VICTOR HUGO FURQUIM,M,13/12/1980,Válido,43
43613,34,Não eleito,FRANCISCO CARLOS FERREIRA,IRMÃO CARLOS,M,19/10/1956,Válido,43
43123,1995,Não eleito,CARLOS SILVA DE SOUSA ALVES,CARLOS DA SAÚDE,M,17/12/1986,Válido,43
43001,9,Não eleito,PRISCILLA SANTOS COSTA,PRISCILA SANTOS,F,12/03/1984,Válido,43
43435,70,Não eleito,NINA MARA RODRIGUES DE CARVALHO FERRARI,NINA FERRARI,F,20/08/1968,Válido,43
43999,11,Não eleito,NAIRA ROSANA LOPES BESSA,NAIRA BESSA,F,18/02/1986,Válido,43
19800,732,Suplente,WELLINGTON CARDOSO DA SILVA,WELLINGTON CARDOSO,M,19/10/1986,Válido,19
19001,60,Suplente,CARLOS HENRIQUE CARVALHO,BARÉ,M,15/03/1965,Válido,19
19999,537,Suplente,SANDRA HELENA COSTA MILAGRE,PROFESSORA SANDRA MILAGRE,F,03/12/1960,Válido,19
19555,593,Suplente,WANDERSON DA SILVA BASTOS,WANDERSON PEQUI,M,07/03/1973,Válido,19
19020,69,Suplente,IVAN ALVES DA CRUZ JÚNIOR,DR IVAN ALVES,M,24/12/1988,Válido,19
19600,3184,Eleito,RONILSON DE SOUZA REIS,RONILSON REIS,M,20/09/1979,Válido,19
19333,1720,Suplente,ELSON VANDES DE SOUZA,KILÃO,M,02/01/1969,Válido,19
19312,27,Suplente,RENATA ALVES NUNES,RENATA ALVES,F,26/01/1979,Válido,19
19500,334,Suplente,LUCIANO CARLOS MARTINS MAIA,LUCIANO MAIA,M,12/05/1982,Válido,19
19100,206,Suplente,MONALISA LOZI MACHADO CAMPOS,MONALISA MACHADO,F,06/01/1994,Válido,19
19010,217,Suplente,AGABO SOUSA MAGALHÃES,AGABO DA PAZ,M,01/11/1973,Válido,19
19250,43,Suplente,MARCIA PEREIRA DE OLIVEIRA,MARCINHA F-250,F,03/04/1973,Válido,19
19654,159,Suplente,FIDELES CASTRO FERREIRA MARTINS,FIDELES CASTRO,M,23/03/1981,Válido,19
19322,329,Suplente,ALTAIR GONÇALVES DE ALMEIDA,ALTAIR ALMEIDA,M,12/12/1973,Válido,19
19777,161,Suplente,MARIA LÚCIA VASCONCELOS,PROFESSORA LÚCIA VASCONCELOS,F,09/02/1968,Válido,19
19119,23,Suplente,JUSCILENE LARA DA CUNHA,JUSCILENE LARA,F,30/03/1962,Válido,19
19369,409,Suplente,ELTON GOMES FERRAZ,PROFESSOR ELTON FERRAZ,M,20/05/1974,Válido,19
19038,34,Suplente,CLAYTON GUBIO DOS SANTOS,CLAYTON GUNSTAR,M,19/03/1982,Válido,19
19900,742,Suplente,WALDEMIR SOARES DA SILVA,WALDEMIR SOARES,M,11/01/1963,Válido,19
19789,652,Suplente,VAGNER BARBOSA DOS SANTOS PRESTES,VAGNER PRESTES,M,13/03/1980,Válido,19
19122,265,Suplente,JOÃO MARCOS MARTINS CUNHA,JOÃO MARCOS,M,30/10/1990,Válido,19
19197,129,Suplente,EDMAR PEREIRA DOS SANTOS,EDMAR BAIANINHO,M,23/01/1962,Válido,19
19007,187,Suplente,LORENA CAMARGO CARNEIRO,LORENA CARNEIRO,F,08/06/1974,Válido,19
19456,998,Suplente,HEDER SALATIEL DA SILVA,HEDER JÓIA,M,01/02/1972,Válido,19
19678,71,Suplente,IVONICE CELESTINO DE LÚCIA,IVONE LOURENÇO,F,03/12/1963,Válido,19
19190,760,Suplente,PALMERON RODRIGUES DE SOUSA,SARGENTO PALMERON,M,02/06/1951,Válido,19
19111,63,Suplente,MARIA DAS DORES ARRIEL BRAGA,DORA ARRIEL,F,10/09/1965,Válido,19
19738,27,Suplente,CLÁUDIA CAMPELO DOS SANTOS,CLAUDINHA CAMPELO,F,28/04/1985,Válido,19
19321,93,Suplente,MÁRIO HENRIQUE NOVAIS LEMES,MÁRIO LEMES,M,18/11/1963,Válido,19
19123,1702,Suplente,FELIPE CORTES BEZERRA,FELIPE CORTÊZ,M,22/05/1984,Válido,19
19345,123,Suplente,JOSÉ ZULMAR JÚNIOR,DR ZULMAR,M,24/04/1962,Válido,19
19156,814,Suplente,RONNY DE SOUZA ESTEVES,RONNY SOUZA,M,25/01/1982,Válido,19
19069,26,Suplente,NAUALIA GABRIELLE AMARAL TEIXEIRA,NAUALIA GABRIELLE,F,09/05/1986,Válido,19
19033,793,Suplente,EUDAIR JOSÉ FERREIRA,EUDAIR JOSÉ,M,29/12/1967,Válido,19
19700,128,Suplente,ELIZEU RODRIGUES MARTINS,TIELIZEU,M,25/09/1968,Válido,19
19110,182,Suplente,ADAGLION AIRES DE ANDRADE,ADAGLION AIRES,M,14/12/1973,Válido,19
19000,1365,Suplente,FABRICIO BONFIM DE SOUSA,FABRÍCIO BONFIM,M,24/11/1973,Válido,19
19400,63,Suplente,LORENNA DE OLIVEIRA LOUZADA TEIXEIRA,LORENNA LOUZADA,F,10/07/1983,Válido,19
19444,439,Suplente,NEREU AZEVEDO DOS SANTOS,NEREU AZEVEDO,M,08/11/1965,Válido,19
19115,33,Suplente,MEIRIANE RODRIGUES MARINHO,MEIRIANE RODRIGUES,F,26/09/1975,Válido,19
19062,743,Suplente,JANAINA REJANE CARVALHO SILVA,JANAINA CARVALHO,F,29/03/1989,Válido,19
19267,56,Suplente,JÚLIO CÉSAR MOTA DE ALMEIDA,PROFESSOR JÚLIO MOTA,M,02/06/1974,Válido,19
19191,222,Suplente,GILSON JOSÉ ROMANELLI,GILSON ROMANELLI,M,26/02/1969,Válido,19
19300,292,Suplente,MARCOS MOREIRA CÉSAR,MARCOS VILLAS BÔAS,M,28/01/1991,Válido,19
19120,171,Suplente,ELIVAN MOREIRA DOS SANTOS,ELIVAN MOREIRA,M,30/09/1983,Válido,19
19234,58,Suplente,JOSEMAR ALMEIDA BARRETO,JOSEMAR BARRETO,M,23/04/1966,Válido,19
19019,2310,Suplente,WELTON DE OLIVEIRA LEMOS,WELTON LEMOS,M,15/09/1976,Válido,19
19377,31,Suplente,VILMAR COSTA DA MOTA,VILMAR COSTA MOTA,M,16/08/1960,Válido,19
19200,101,Suplente,FERNANDO GONÇALVES GOMES,FERNANDO GONÇALVES,M,08/09/1968,Válido,19
19567,45,Suplente,NAGILA SOUSA DOS SANTOS,NÁGILA SOUSA,F,20/08/1997,Válido,19
19964,163,Suplente,JONAS ARMINDO DA SILVA NETO,JONAS NETO,M,22/06/1964,Válido,19
19192,136,Suplente,IVANISE PEREIRA DE MORAIS FERREIRA,IVANISE MORAIS,F,30/04/1962,Válido,19
19003,75,Suplente,ANTÔNIO JOSÉ LEITÃO AGUIAR,ANTÔNIO MARANHÃO,M,03/12/1976,Válido,19
13013,1004,Suplente,CARLOS ANTONIO SOARES,CARLOS SOARES,M,16/12/1964,Válido,13
13999,46,Suplente,WYLLEN RIK RODRIGUES,WYLLEN RODRIGUES,M,02/07/1984,Válido,13
13193,117,Não eleito,SAUL VALADARES DE ALMEIDA,SAUL VALADARES,M,16/12/1982,Anulado sub judice,13
13033,56,Não eleito,ROBSON BARBOZA,CARIOCA DO OXIGENIO,M,05/10/1966,Anulado sub judice,13
13113,43,Suplente,ROZEMAR DE SENA FERREIRA,ROZEMAR SENA,M,27/11/1976,Válido,13
13567,32,Suplente,RODRIGO FERNANDES,RODRIGO BOLA,M,12/01/1976,Válido,13
13137,44,Suplente,LÚCIA DARCK GRACIANA PEREIRA,LÚCIA DARCK,F,07/08/1981,Válido,13
13006,70,Suplente,CLEIDE FERNANDES PIRES ANTUNES,CLEIDE FERNANDES,F,06/11/1953,Válido,13
13680,3608,Eleito,MAURO RUBEM DE MENEZES JONAS,MAURO RUBEM,M,11/05/1960,Válido,13
13110,33,Não eleito,LOURIVALDO VIEIRA DE SOUZA,LOURIVALDO LORO,M,09/03/1975,Anulado sub judice,13
13111,188,Suplente,EMERSON SOARES MOREIRA,EMERSON SALSISHA,M,21/08/1972,Válido,13
13456,1085,Não eleito,SENIVALDO SILVA RAMOS,SENIVALDO RAMOS,M,06/12/1970,Anulado sub judice,13
13151,74,Suplente,MARIA DAS DORES DA SILVA,DORINHA SILVA,F,16/01/1957,Válido,13
13789,877,Suplente,MARCIO SIQUEIRA FERREIRA,ADVOGADO MARCIO SIQUEIRA,M,07/07/1980,Válido,13
13515,30,Suplente,NEUSA RAMOS DA COSTA,NEUSA COSTA,F,25/03/1965,Válido,13
13123,453,Suplente,SANDRO PEREIRA,SANDRO SALAMANCA,M,01/09/1971,Válido,13
13190,219,Suplente,WELIGTON SILVERIO FERREIRA,SARGENTO SILVÉRIO,M,07/01/1962,Válido,13
13147,2023,Suplente,KATIA MARIA DOS SANTOS,KATIA,F,24/06/1976,Válido,13
13100,1009,Suplente,SUEZA ABADIA DE SOUZA OLIVEIRA,SUEZA,F,16/03/1972,Válido,13
13600,913,Suplente,MATEUS FERREIRA DA SILVA,MATEUS,M,06/04/1984,Válido,13
13133,50,Suplente,FAUSTO AQUINO NETO,FAUSTO AQUINO ,M,30/03/1958,Válido,13
13678,114,Suplente,MARIA ROSALINA DA SILVA PAULA,ROSALINA,F,09/05/1952,Válido,13
13222,348,Suplente,DANIEL MENDES DA SILVA,DANIEL MENDES,M,27/08/1990,Válido,13
13135,272,Não eleito,ISAIAS NUNES DOS SANTOS,ISAIAS NUNES,M,22/05/1966,Anulado,13
13131,1251,Suplente,EURIPEDES CIPRIANO MOTA,CIPRIANO,M,02/07/1958,Válido,13
13313,207,Suplente,BRUNA FERREIRA DA SILVA,BRUNA FERREIRA,F,02/07/1997,Válido,13
13500,201,Suplente,EVERTON JUNIO COSTA,PROFESSOR EVERTON JUNIO,M,19/10/1970,Válido,13
13200,49,Suplente,SEBASTIAO FERREIRA DA SILVA,TIÃOZINHO DA FEGIP,M,01/12/1954,Válido,13
13753,1130,Suplente,SONIA CLEIDE FERREIRA DA SILVA,SONIA CLEIDE,F,07/03/1971,Válido,13
13513,202,Suplente,CHRISTHIANE SOUZA DA SILVA,CHRIS SOUZA,F,21/05/1994,Válido,13
13777,153,Suplente,CLAUDINEI SOUZA FRANÇA,PROFESSOR CLAUDINEI FRANÇA,M,10/02/1969,Válido,13
13727,21,Não eleito,CAIO GABRIEL DE LACERDA,CAIO LACERDA,M,27/04/1998,Anulado,13
13803,466,Suplente,IZABEL TEIXEIRA CAMPOS,IZABELZINHA,F,04/07/1948,Válido,13
13505,55,Suplente,JOAO GUALBERTO CARNEIRO DE SOUSA,JOAO DA BANANA,M,12/07/1967,Válido,13
13888,12,Suplente,ADEMAR RODRIGUES SOARES,ADEMAR SOARES,M,03/10/1963,Válido,13
13345,87,Suplente,NELSON SOARES DOS SANTOS,PROFESSOR NELSON,M,30/01/1974,Válido,13
13444,85,Suplente,WALCY CALIXTO VIEIRA,WALCY CALIXTO,M,02/04/1960,Válido,13
13788,179,Suplente,MARIZA MOURA DO NASCIMENTO,MARIZA MOURA,F,18/11/1972,Válido,13
51222,157,Suplente,CESAR DI TANNO,CESAR DI TANNO,M,29/01/1957,Válido,51
51400,415,Suplente,MARIA DE JESUS LOPES DA SILVA RODRIGUES,MARIA DE JESUS EX CONSELHEIRA,F,14/08/1955,Válido,51
51680,40,Suplente,REGIA LUCIA NEGALHES BRITO MOTA,REGIA LUCIA,F,01/09/1970,Válido,51
51200,2474,Suplente,OMAR BORGES DE SOUSA,OMAR CONSELHEIRO,M,06/05/1963,Válido,51
51551,89,Suplente,ROSANGELA PEREIRA DE MELO,ROSANGELA MELO,F,15/07/1966,Válido,51
51111,736,Suplente,JOSE MARIA DA SILVA,JOSE MARIA REIS PEÇAS XERIFE,M,12/03/1965,Válido,51
51190,3549,Eleito,NATANIEL DE SENA SOARES,CABO SENNA,M,15/03/1972,Válido,51
51144,272,Suplente,ROSSANA DINIZ CAMARA MILHOMEM,ROSSANA CAMARA,F,14/08/1978,Válido,51
51251,63,Suplente,JOSY CHAVEIRO DE CARVALHO,JOSY CHAVEIRO,F,30/09/1979,Válido,51
51100,229,Suplente,ANTONIO XAVIER RIBEIRO SOBRINHO,ANTONIO XAVIER,M,04/03/1966,Válido,51
51153,4541,Eleito,ROMÁRIO BARBOSA POLICARPO,GCM ROMARIO POLICARPO,M,06/06/1987,Válido,51
51122,160,Suplente,LUCIMAR NOGUEIRA SOUSA,LUCIMAR O GORDIM DA FRUTARIA,M,06/07/1983,Válido,51
51555,64,Suplente,SANDRA MARIA DE OLIVEIRA,SANDRA MARIA,F,07/12/1964,Válido,51
51600,143,Suplente,JUCIMMEIRY BARBOSA DA SILVA,MEIRY DO BAZAR,F,12/04/1985,Válido,51
51777,318,Suplente,RICHARD ROCHA BATISTA,RICHARD ROCHA,M,17/11/1970,Válido,51
51700,267,Suplente,ADMILSON PEREIRA VALVERDE,ADMILSON VALVERDE,M,09/04/1955,Válido,51
51900,170,Suplente,MARK REBERT RODRIGUES DA SILVA,MARK REBERT,M,22/11/1983,Válido,51
51633,2043,Suplente,ALFREDO DA ROCHA ARAUJO FILHO,ALFREDO BAMBU,M,10/05/1960,Válido,51
51800,2542,Suplente,ZANDER FABIO ALVES DA COSTA,ZANDER,M,08/07/1972,Válido,51
51500,2792,Suplente,DIVINO RODRIGUES DOS REIS,DIVINO RODRIGUES,M,26/05/1965,Válido,51
51456,3021,Suplente,MARCOS ANTONIO DA SILVA,MARKIM GOYA,M,22/02/1963,Válido,51
51444,499,Suplente,ANA ELIZA BARRETO MACHADO,ANA MACHADO,F,01/03/1988,Válido,51
51234,1615,Suplente,EMILSON PEREIRA,EMILSON PEREIRA,M,06/07/1959,Válido,51
51000,558,Suplente,BASILEU MAGNOLIO DA SILVA,BASILEU,M,17/09/1969,Válido,51
51333,59,Suplente,NILSON DOMINGUES,NILSON DOMINGUES,M,16/10/1965,Válido,51
51050,886,Suplente,ALAOR LEMES MENDANHA,ALAOR MENDANHA,M,08/06/1986,Válido,51
51345,1124,Suplente,RONALDO COUTINHO SEIXO DE BRITO,RONALDO DE BRITO,M,15/03/1949,Válido,51
51999,2842,Suplente,ALVARO ALEXANDRE CAMARGO DA SILVA,ALVARO DA UNIVERSO,M,09/07/1968,Válido,51
51051,35,Suplente,NAIANE DA CONCEICAO SANTOS,NAIANE SANTOS,F,05/02/1989,Válido,51
10038,376,Suplente,ASSUMAR DA CONCEICAO BORGES,VIGILANTE ASSUMAR BORGES ,M,30/09/1980,Válido,10
10155,99,Suplente,ELIZABETH LIMA DO NASCIMENTO,BETH LIMA,F,17/02/1961,Válido,10
10333,297,Suplente,GLEYTON BORGES ALVES RABELO,ZANGAO,M,10/03/1977,Válido,10
10234,134,Suplente,PAULO BATISTA ROSA,PAULO ROSA,M,17/09/1967,Válido,10
10015,153,Suplente,ALEXSANDRO MEDEIROS DOS SANTOS,ALEX MEDEIROS,M,25/11/1978,Válido,10
10000,1513,Suplente,ELIAS MONTEIRO LIMA,ELIAS JUNIOR,M,25/06/1978,Válido,10
10193,170,Suplente,ULISSES DE SOUSA,ULISSES LIDER COMUNITARIO,M,03/04/1965,Válido,10
10110,33,Suplente,LOURIVALDO DA COSTA SOUSA,LOURIVALDO COSTA ,M,01/10/1959,Válido,10
10291,223,Suplente,RUBENS RODRIGUES PEREIRA,IRMAO RUBINHO,M,27/07/1974,Válido,10
10363,88,Suplente,JOAO MARCELINO RIBEIRO,JOAO MARCELINO,M,09/10/1968,Válido,10
10450,3191,Eleito,HELEANDRO FERREIRA DE SENA,LEANDRO SENA,M,09/04/1976,Válido,10
10880,75,Suplente,MIKE RANNYERY TEIXEIRA PINHEIRO,MIKE RANNYERY,M,03/11/1996,Válido,10
10810,90,Suplente,RIZNEY SILVA LIMA,RIZNEY LIMA,F,08/06/1975,Válido,10
10400,185,Suplente,MATHEUS HENRIQUE FARIA DE MOURA,MATHEUS HENRIQUE GYN,M,30/01/2001,Válido,10
10210,260,Suplente,ARMANDO DE SOUZA BORGES NORMANHA,ARMANDO BORGES ,M,11/12/1981,Válido,10
10101,206,Suplente,LUIZ CARLOS BATISTA INACIO,LUIZ CARLOS LUCA ,M,10/11/1984,Válido,10
10044,115,Suplente,SERGIO DE OLIVEIRA AQUINO,SERGINHO DA 44,M,01/02/1978,Válido,10
10010,1169,Suplente,VICTOR SALATIEL CINTRA,VICTOR SALATIEL,M,27/02/1997,Válido,10
10999,201,Suplente,WENDER DE SOUZA OLIVEIRA,WENDER OLIVEIRA,M,21/11/1977,Válido,10
10566,250,Suplente,JOVECI FRANCISCO DE SANTANA,SANTANA SERRALHEIRO,M,06/10/1974,Válido,10
10800,264,Suplente,JEOVAIR DE OLIVEIRA ROCHA,ROCHINHA,M,15/03/1955,Válido,10
10300,262,Suplente,JOAQUIM SOUSA AMARAL,AMARAL,M,16/10/1964,Válido,10
10142,101,Suplente,SINDIA AURORA PEREIRA,SINTIA DA HEMODIALISE,F,06/06/1973,Válido,10
10144,97,Suplente,SUELY ASSIS DA CUNHA,SUELY ASSIS,F,19/06/1953,Válido,10
10700,2440,Suplente,MARCOS VINICIUS DE SOUZA,MARCOS VINICIUS,M,05/01/1967,Válido,10
10121,148,Suplente,MAURICIO AMARO DE SOUZA,MAURICIO DE SOUZA ,M,23/09/1979,Válido,10
10136,211,Suplente,ITAMAR DA SILVA RIBEIRO,ITAMAR RIBEIRO ,M,01/06/1969,Válido,10
10380,107,Suplente,ANDERSON GUIMARAES SILVA,ANDERSON SILVA,M,17/02/1986,Válido,10
10550,69,Suplente,ELIDON ALVES PEREIRA CORREIA,ELIDON ALVES,M,11/05/1969,Válido,10
10123,9323,Eleito,ISAIAS RIBEIRO SANTANA,ISAIAS RIBEIRO,M,28/12/1973,Válido,10
10143,42,Suplente,VÂNIA BARBOSA DA SILVA,VANIA DA COMURG,F,10/08/1972,Válido,10
10190,1996,Suplente,MARIO AUGUSTO ALVES BORGES,SARGENTO MARIO AUGUSTO,M,04/08/1975,Válido,10
10077,119,Suplente,SILVANA SOARES LACERDA,SILVANA SOARES,F,14/08/1988,Válido,10
10201,197,Suplente,ILDEFONSO LUDOVICO SOARES DE SOUSA,ILDEFONSO LUDOVICO,M,07/03/1977,Válido,10
10777,125,Suplente,RICARDO LUIZ,RICARDO HULKAO,M,10/04/1972,Válido,10
10149,36,Suplente,VILMA SOUZA SILVA,VILMA SOUZA,F,01/05/1982,Válido,10
10444,138,Suplente,LIDIA CARLA BORGES DA COSTA OLIVEIRA,LIDIA BORGES ,F,07/02/1978,Válido,10
10600,744,Suplente,EDSON VIEIRA DA SILVA,EDSON AUTOMOVEIS,M,22/10/1956,Válido,10
10001,170,Suplente,EIRE COSTA NEVES,EIRE COSTA,M,30/03/1971,Válido,10
10151,33,Suplente,INEZ ALVES PEREIRA MIGUEL,INEZ CORREDORA ,F,14/12/1984,Válido,10
10888,85,Suplente,ULISSES SELLANE,ULISSES SELLANE,M,05/01/1969,Válido,10
10222,359,Suplente,FERNANDA DE PAULA ROCHA,TIA FE,F,31/10/1983,Válido,10
10150,758,Suplente,MARIA EURIPEDES RODRIGUES PEREIRA,DONA MARIA,F,12/10/1963,Válido,10
10166,149,Suplente,KELLY ADRIANA DE ARAUJO DIAS,KELLY ADRIANA,F,24/02/1983,Válido,10
10147,30,Suplente,ZILA DE JESUS OSORIO,ZILÁ,F,02/03/1969,Válido,10
10111,129,Suplente,JOVENAL DA SILVA,JOVENAL,M,05/03/1964,Válido,10
10146,95,Suplente,CHRISTIANE PEREIRA DA SILVA FIGUEIRA,CHRIS FIGUEIRA,F,25/03/1976,Válido,10
10456,2436,Suplente,NILTON PEREIRA DA SILVA,NILTON BARRIGA,M,18/11/1970,Válido,10
10555,617,Suplente,JOSE DE SOUZA BORGES,NEGUIM BOM DIA ,M,20/08/1973,Válido,10
10100,7247,Eleito,NOVANDIR RODRIGUES DA SILVA,SGT NOVANDIR,M,01/06/1971,Válido,10
10140,110,Suplente,MARIA ROSA BRAVO BECERRA,ROSA BRAVO,F,16/12/1956,Válido,10
10012,41,Suplente,SUELY BARROSO OLIVEIRA,SUELY BARROSO,F,18/05/1981,Válido,10
10500,315,Suplente,CARLOS ROBERTO SOARES DA SILVA,SULIM,M,23/12/1965,Válido,10
70777,552,Suplente,SAMUEL MARTINS LOPES,SAMUEL MARTINS,M,16/03/1989,Válido,70
70770,251,Suplente,HÉLIO CORREA DE ASSIS,HÉLIO CORRÊA,M,04/02/1972,Válido,70
70068,183,Suplente,RONEI PAULO FERREIRA DA ROCHA,RONIN,M,21/11/1968,Válido,70
70120,1027,Suplente,BENEDITO BALBINO DA COSTA,BENÉ DA PANIFICADORA,M,08/08/1957,Válido,70
70105,106,Suplente,BIANCA RODRIGUES ROCHA,BIANCA RODRIGUES,F,29/07/1970,Válido,70
70051,115,Suplente,RONALDO JOAQUIM FERREIRA,KORINGA KIM,M,16/01/1972,Válido,70
70070,86,Suplente,CÉLIO AUGUSTO GALIZA,CÉLIO GALIZA,M,09/05/1985,Válido,70
70100,1610,Suplente,MARCOS ROSA DE SOUSA,MARCOS ROSA,M,14/10/1984,Válido,70
70014,65,Não eleito,DIVINO CORREIA DE OLIVEIRA,DIVININHO,M,02/01/1963,Anulado,70
70800,77,Suplente,ALISON COELHO ARAGÃO,ARAGÃO,M,24/12/1983,Válido,70
70500,961,Suplente,JOSÉ APARECIDO DE OLIVEIRA,PASTOR JOSÉ APARECIDO,M,19/11/1966,Válido,70
70707,360,Suplente,ALEX GOMES DE SENA,ALEX O PALHAÇO,M,21/01/1988,Válido,70
70300,1884,Eleito,THIALU RAPHAEL GUIOTTI LUSTOSA,THIALU GUIOTTI,M,25/02/1984,Válido,70
70200,645,Suplente,JOSUÉ PEREIRA FALCÃO,JOSUÉ FALCÃO,M,03/09/1966,Válido,70
70044,182,Suplente,VALDELICE SILVA RIBEIRO,VAL NEGA NA MODA,F,06/04/1961,Válido,70
70030,265,Suplente,JAILSON OLIVEIRA ARAÚJO,JÁJÁ,M,07/07/1989,Válido,70
70900,994,Suplente,ANTÔNIO HIPÓLITO VIEIRA DE ARAÚJO,HIPÓLITO ARAÚJO,M,12/05/1972,Válido,70
70717,97,Suplente,CUSTÓDIA PEREIRA DA SILVA,CUSTÓDIA,F,09/04/1972,Válido,70
70400,1208,Suplente,ANA ALICE BORGES CAMELO BUENO,ANA ALICE,F,22/03/1967,Válido,70
70555,309,Suplente,ALAN BATISTA MIRANDA,ALAN CALANGO GRAUS,M,12/08/1976,Válido,70
70234,392,Suplente,JOÃO BATISTA RODRIGUES,JOÃO DO POSTO,M,23/05/1970,Válido,70
70456,1437,Suplente,LUDMILA INGRID ROSA MELO,LUDMILA ROSA,F,10/03/1988,Válido,70
70999,27,Suplente,ANA FLÁVIA PIRES DE OLIVEIRA,ANA FLÁVIA,F,12/01/1987,Válido,70
70033,638,Suplente,JOCIMAR FERREIRA MAYRINK,MAZINHO,M,20/01/1974,Válido,70
70123,3060,Eleito,GEVERSON ABEL DE SOUZA CARMO,GEVERSON ABEL,M,08/09/1987,Válido,70
70060,189,Suplente,DONISETE LUIZ BORGES,TÁTÁ DO CLUBE DA TELE GOIÁS,M,16/09/1954,Válido,70
70700,274,Suplente,CLEUMA JUANA DE SOUZA SANTOS RODRIGUES,CLEUMA,F,30/06/1980,Válido,70
70444,72,Suplente,DOMINGOS JESUS BARROS,DOMINGUEIRAS,M,15/11/1969,Válido,70
70919,377,Suplente,ALDEMIR ANTÔNIO CAMARGO DE LIMA,MIRO CAMARGO,M,13/08/1968,Válido,70
70222,120,Suplente,AILTON ARAÚJO DE SOUSA,AILTON MANINHO,M,09/08/1973,Válido,70
70000,1285,Suplente,PETRÔNIO DE OLIVEIRA COSTA,TIZIL,M,02/01/1987,Válido,70
70220,223,Suplente,MANOEL ANTÔNIO DA SILVA,MANOEL BRACIN,M,11/12/1954,Válido,70
70600,64,Suplente,KEILA MAGALI VARANDA CARVALHO,KEYLLA FLOR,F,22/09/1972,Válido,70
70789,1681,Suplente,JAIME MONTEIRO DA SILVA,JAIMINHO,M,31/07/1960,Válido,70
70115,1035,Suplente,MIGUEL VELOSO DA SILVA FILHO,MIGUEL VELOSO,M,01/10/1980,Válido,70
70333,514,Suplente,CRISTIANO BATISTA PEREIRA,CRISTIANO BATISTA,M,17/12/1974,Válido,70
70712,162,Suplente,SEBASTIÃO MATIAS BERNARDES FILHO,SEBASTIÃO MATIAS,M,24/01/1992,Válido,70
70002,212,Suplente,SOLANGE AZEVEDO FREITAS,SOLANGE AZEVEDO,F,04/11/1966,Válido,70
70007,55,Suplente,KARINA MARQUES CARDOSO DA SILVA,KARINA MARQUES,F,01/10/1989,Válido,70
70233,538,Suplente,THALES QUEIROZ DE OLIVEIRA,THALES QUEIROZ,M,30/12/1981,Válido,70
70110,41,Suplente,MARIA LECE DA SILVA,PRETA DA RECICLAGEM,F,13/05/1962,Válido,70
23177,45,Suplente,ROGERIO JULIANO DE SOUZA VIEIRA,ROGÉRIO JULIANO,M,20/05/1978,Válido,23
23345,638,Suplente,LUCIANA DE SOUZA E SILVA PAULA,LUCIANA PAULA,F,19/06/1972,Válido,23
23848,52,Suplente,IRENE DE MIRANDA MACEDO PAVAN,PROFESSORA IRENE,F,28/08/1948,Válido,23
23300,1377,Suplente,CELIO DE MELO OLIVEIRA,CELIO MARQUES,M,29/05/1966,Válido,23
23400,84,Suplente,MARIA ILCA DE ALMEIDA OLIVEIRA,MARIA ILCA,F,11/12/1965,Válido,23
23001,1507,Suplente,CARLOS EDUARDO SILVA DE FARIA,KADU,M,27/12/1978,Válido,23
23250,404,Suplente,THALES WESLEY CAVALCANTI COSTA,THALES DA BARUC,M,21/07/1983,Válido,23
23324,145,Suplente,ADAO CURCINO MARTINS,ADAO GARÇOM,M,20/05/1978,Válido,23
23111,1510,Suplente,TOMAZ AQUINO DA SILVA JUNIOR,TOMAZ AQUINO,M,11/01/1978,Válido,23
23644,47,Suplente,EDIVALDO BALBINO CORDEIRO DOS SANTOS,EDIVALDO PICA PAU,M,20/02/1973,Válido,23
23123,2546,Eleito,MARLON DOS SANTOS TEIXEIRA,MARLON,M,09/04/1983,Válido,23
23424,330,Suplente,SILAS DE OLIVEIRA ALMEIDA,SEU AMIGO SILAS,M,14/11/1973,Válido,23
23193,532,Suplente,SILVANA MARIA RODRIGUES PAIVA,SGT SILVANA MARIA,F,15/06/1977,Válido,23
23321,401,Suplente,JAIRO SILVA NETO,JAIRO NETO,M,18/09/1989,Válido,23
23456,1580,Suplente,FERNANDO DE OLIVEIRA JORGE,FERNANDO DA ABRASEL,M,23/01/1978,Válido,23
23792,58,Suplente,FATIMO JEFERSON RODRIGUES DE OLIVEIRA,JEFERSOM DE OLIVEIRA,M,07/09/1977,Válido,23
23900,501,Suplente,DANIEL FRANCISCO TEIXEIRA JUNIOR,DANIEL JUNIOR JUNINHO,M,03/12/1983,Válido,23
23122,1000,Suplente,AMERICO PIRES DA SILVA NETO,AMERICO GÁS,M,10/12/1979,Válido,23
23010,272,Suplente,GISELE VIEIRA SAMPAIO DA SILVA,GISELE SAMPAIO,F,10/09/1974,Válido,23
23259,79,Suplente,DANIEL NOGUEIRA ANDRADE,DANIEL NOGUEIRA,M,17/04/1979,Válido,23
23777,27,Suplente,DANIELLA VAZ MONTEIRO,DANI DA SAÚDE,F,27/12/1982,Válido,23
23999,190,Suplente,ENIO BRITO DE SA,ENIO BRITO,M,25/10/1956,Válido,23
23700,98,Suplente,VALMY DA SILVA ROCHA,VALMY ROCHA,M,11/08/1969,Válido,23
23023,862,Suplente,SERGIO COUBE BOGADO NETO,SÉRGIO BOGADO,M,11/09/1992,Válido,23
23511,216,Suplente,EDUARDO RODRIGUES DE SENA ROSA,PROFESSOR EDUARDO SENA,M,12/09/1973,Válido,23
23230,331,Suplente,MAXLEY GOMES RIBEIRO,MACKLOCOO,M,10/01/1985,Válido,23
23741,91,Suplente,DENISE FERREIRA NOGUEIRA,DENISE MACARIO,F,09/09/1985,Válido,23
23003,9,Suplente,ROSANA PEREIRA DA SILVA,ROSANA SILVA,F,05/10/1966,Válido,23
23600,178,Suplente,MARCOS VINICIUS RODRIGUES PEREIRA,MARCOS DO SUP RIO JORDAO,M,31/05/1989,Válido,23
23200,117,Suplente,DIVINA LEMES DE SOUZA,DIVINA LEMES,F,01/12/1950,Válido,23
23233,868,Suplente,HELIO COSTA FILHO,HELINHO DO SUPERMERCADO MELO,M,22/08/1963,Válido,23
23444,511,Suplente,OLEGARIO JOSE MARINHO,OLEGARIO MARINHO,M,06/03/1955,Válido,23
23222,124,Suplente,TATHIANE GUEDES DE FREITAS,TATHIANE GUEDES,F,02/09/1980,Válido,23
23500,125,Suplente,KENIA CRISTINA DIAS MACHADO FALEIRO,PROFESSORA KENIA,F,16/12/1976,Válido,23
23555,290,Suplente,JULIO CESAR ANDRADE,PASTOR JULIO,M,24/11/1968,Válido,23
23234,435,Suplente,WILMAR ALCANTARA DA SILVA,WILMAR ALCANTÂRA,M,26/09/1965,Válido,23
23800,1714,Suplente,MARCIO CARVALHO SANTOS,PROFESSOR MARCIO,M,09/03/1984,Válido,23
23150,354,Suplente,RAFAEL MEDEIROS DE ALCANTARA,RAFAEL SUCATÃO,M,27/06/1988,Válido,23
23100,746,Suplente,PIERRE CARLOS HAYASHIDA DO PRADO,PIERRE HAYASHIDA,M,09/08/1968,Válido,23
23333,346,Suplente,GUTEMBERG VERONEZ NETTO,GUTO VERONEZ,M,06/04/1971,Válido,23
23005,199,Suplente,MARIANA TORRES ALVES NETA,MARIANA TORRES,F,18/10/1966,Válido,23
23789,93,Suplente,LUCIANA DOS SANTOS COSTA,LUCIANA SANTOS,F,02/05/1978,Válido,23
23888,104,Suplente,LOURIVAL ROCHA DOS SANTOS,ROCHA,M,19/06/1949,Válido,23
23007,893,Suplente,LIONEL FRANCISCO DE OLIVEIRA,BRIZOLA,M,20/05/1962,Válido,23
23000,952,Suplente,LUIZ ROBERTO BOTOSSO JUNIOR,LUIZ BOTOSSO,M,27/12/1969,Válido,23
27770,22,Suplente,EDESIO CANDIDO DA SILVA,EDESIO,M,15/12/1957,Válido,27
27227,136,Suplente,ANGELO DOS REIS OLIVEIRA,ANGELO REIS,M,05/01/1960,Válido,27
27555,481,Suplente,MARIO RAMOS DE SOUZA,PROFESSOR MARIO,M,22/12/1965,Válido,27
27017,207,Suplente,FERNANDO PEREIRA DE ALMEIDA,THELL ALMEIDA,M,22/03/1979,Válido,27
27020,122,Suplente,PAULA DE ESPINDOLA BASTOS,PAULA BASTOS,F,29/10/1980,Válido,27
27277,53,Suplente,ADELLE ZACHARIAS LEAL,ADELE LEAL,F,07/04/1996,Válido,27
27123,3370,Eleito,WELLINGTON DE BESSA OLIVEIRA,BESSA,M,17/06/1984,Válido,27
27153,61,Suplente,RAILSON DA SILVA MEDEIROS,GCM RAILSON,M,01/08/1970,Válido,27
27700,735,Suplente,HEDER SANDS FLORES DE OLIVEIRA,HEDER CAPACETE,M,29/10/1982,Válido,27
27070,45,Suplente,GILSON RODRIGUES DOS SANTOS,ROMARINHO DA CEASA,M,14/02/1979,Válido,27
27190,1376,Suplente,THIAGO HENRIQUE DA SILVA,CABO THIAGO HENRIQUE,M,19/09/1983,Válido,27
27111,228,Suplente,ANDRE LUIZ ALVES LOUREDO,ANDRE RELIQUIAS,M,11/08/1977,Válido,27
27520,50,Suplente,DOMINGOS DE MELO BRITO FILHO,LUCAS DOMINGOS,M,22/10/1967,Válido,27
27444,192,Suplente,SILVERIO ALVES DE SOUZA,BAIANINHO FRENTISTA,M,03/06/1983,Válido,27
27004,6,Suplente,ANAHY EMMANUELA AUCE,ANAHY AUCÊ,F,16/04/1993,Válido,27
27400,10,Suplente,MILEIA AMARAL DE OLIVEIRA SOUSA,PROFESSORA MILEIA,F,09/09/1986,Válido,27
27234,95,Suplente,ELAINE PARREIRA DA SILVA,ELAINE PINTURINHAS,F,16/07/1982,Válido,27
27500,370,Suplente,FABRICIO NELIO FEITOZA,FABRICIO FEITOZA,M,15/07/1975,Válido,27
27888,327,Suplente,ALEXANDRE RODRIGUES FELGA,ALEXANDRE FELGA,M,01/11/1987,Válido,27
27656,1344,Suplente,MARIO DAS MERCEZ,MARIO MERCEZ,M,25/12/1981,Válido,27
27800,482,Suplente,SAMIRA JAMAL,SAMIRA JAMAL,F,09/11/1961,Válido,27
27300,58,Suplente,MARIA CONCEIÇÃO DOS SANTOS,MARIÁ PRETA,F,06/09/1951,Válido,27
27600,124,Suplente,VALDEMAR MOREIRA NEVES,VALDEMAR DA MORADIA,M,11/11/1964,Válido,27
27678,51,Suplente,SAULO GARDEL PIRES DA ROCHA,SAULO MARANHAO,M,26/12/1985,Válido,27
27456,1540,Suplente,MARCIO ANTONIO DO CARMO,MARCIO DO CARMO,M,20/09/1968,Válido,27
27007,1523,Suplente,JOAO PAULO DE SOUZA CAVALCANTE,JOAO PAULO CAVALCANTE,M,15/07/1993,Válido,27
27177,114,Suplente,MALB BOSIO DOS REIS,MALB REIS,F,17/02/1966,Válido,27
27333,948,Suplente,MARCOS ANTONIO MENEZES MARQUES,MARCOS 3M,M,13/09/1967,Válido,27
27228,595,Suplente,CARLOS ROBERTO PEREIRA DA SILVA,CARLOS D MARIA,M,30/08/1971,Válido,27
27027,3476,Eleito,GABRIELA RODART LOPES,GABRIELA RODART,F,09/05/1996,Válido,27
27222,300,Suplente,OTACILIO FERREIRA LOPO,OTACILIO LOPO,M,14/07/1959,Válido,27
27777,838,Suplente,SILVESTRE PEREIRA DOS SANTOS,CABO SILVESTRE XEBREU,M,14/05/1968,Válido,27
27900,91,Suplente,KEILA DE SOUSA LACERDA,KEILA LACERDA,F,17/06/1977,Válido,27
27127,38,Suplente,EURIPEDES RODRIGUES CAVALCANTE FILHO,EURIPEDES CAVALCANTE,M,14/03/1964,Válido,27
27773,306,Suplente,CLEUBISMAR DE JESUS,CLEUBISMAR MANO CDJ,M,25/01/1985,Válido,27
27170,158,Suplente,ANA MARIA DA SILVA CASTRO,ANINHA DO POSTO,F,07/12/1960,Válido,27
27062,741,Suplente,FREDERICO GUSTAVO RODRIGUES CUNHA,FRED RODRIGUES,M,25/11/1984,Válido,27
27100,614,Suplente,DALVA LIRA XAVIER CARMO,DALVA LIRA,F,17/12/1964,Válido,27
27101,2618,Suplente,RAPHAEL CAVALCANTE CALIXTO,RAPHAEL DA SAUDE,M,21/04/1983,Válido,27
27999,120,Suplente,CRISTINA MELO DOS SANTOS AVELAR,CRISTINA SANTOS,F,25/02/1971,Válido,27
27787,112,Suplente,WERDES FRANCISCO DA SILVA,WELDES CONSTRUTOR,M,19/05/1969,Válido,27
27000,844,Suplente,PASCOAL CAMPOS DOMINGOS,POLICIAL PENAL PASCOAL,M,03/05/1975,Válido,27
27556,62,Suplente,DAVID MARQUES FERREIRA MENDES,DAVID MARQUES,M,16/06/1987,Válido,27
55222,132,Suplente,DAGMA REGINA MENDONÇA RABELO,DAGMA RABELO,F,26/02/1966,Válido,55
55333,109,Suplente,FERNANDA SILVA CARVALHO,FERNANDA LE ROUGE,F,09/07/1975,Válido,55
55175,204,Suplente,DOURIVAN ALVES GLÓRIA,DORIVA VENTURA,M,08/02/1977,Válido,55
55200,70,Suplente,RENATA BARBOSA DE SOUZA ARAÚJO,RENATA SOUZA,F,08/11/1967,Válido,55
55137,233,Suplente,GUSTAVO SIQUEIRA ALEIXO,PROF GUSTAVO ALEIXO,M,04/01/1989,Válido,55
55123,771,Suplente,ROBERTO LADISLAU DE MIRANDA,ROBERTO LADISLAU,M,25/05/1973,Válido,55
55678,154,Suplente,ANA PAULA SILVA RIBEIRO,DRA ANA PAULA RIBEIRO,F,14/05/1981,Válido,55
55000,267,Suplente,DINAIR BERNARDO PEREIRA,DINAIR,M,28/08/1962,Válido,55
55666,129,Suplente,IDEONI PEREIRA DA CRUZ,IDEONI DAS MEIAS,M,29/06/1979,Válido,55
55009,111,Suplente,JOAQUIM CUSTÓDIO DA CRUZ,JOAQUIM CUSTÓDIO,M,06/05/1962,Válido,55
55191,3413,Suplente,NEWTON MORAIS SOUZA,INSP NEWTON MORAIS,M,22/10/1958,Válido,55
55255,324,Suplente,DANILO CARLOS FARIA,DANILO FARIA,M,31/10/1984,Válido,55
55122,336,Suplente,RONALDO DIAS DOS SANTOS,RONALDO DIAS,M,12/08/1968,Válido,55
55020,14,Suplente,TAMIRIS ANTÔNIA FIGUEIRA DA SILVA,TAMIRIS CACAU,F,10/02/1996,Válido,55
55111,103,Suplente,JEFTER JOSÉ DA SILVA DWORNIK,JEFINHO,M,11/01/1964,Válido,55
55444,800,Suplente,GERALDO LOPES DE LIMA JUNIOR,PROFESSOR GERALDO,M,06/04/1974,Válido,55
55900,111,Suplente,PEDRO JOSÉ DA SILVA,IRMÃO PEDRO,M,29/06/1967,Válido,55
55062,1405,Suplente,MAURÍLIO DIOGO LIMA,MAURÍLIO DIOGO,M,14/07/1972,Válido,55
55555,4156,Suplente,PRISCILLA NORGANN DE SOUSA ROCHA,PRISCILLA TEJOTA,F,14/10/1983,Válido,55
55888,181,Suplente,LIAMARA DA SILVA CHAVES MARTINS,LIA CHAVES,F,28/05/1980,Válido,55
55789,5891,Eleito,SABRINA GARCEZ HENRIQUE SILVA,SABRINA GARCEZ,F,03/01/1989,Válido,55
55190,126,Suplente,PAULO ADRIANO NUNES MIRANDA,SARGENTO PAULO CRISTOLINDO,M,05/05/1973,Válido,55
55600,156,Suplente,ADILSON PEREIRA DE OLIVEIRA,ADILSON OLIVEIRA,M,17/12/1979,Válido,55
55505,129,Suplente,EDIO ERBIO RABELO SILVA,MANIM DO SALGADO,M,08/12/1969,Válido,55
55999,5982,Eleito,LUCÍULA CASCÃO CORREA,LUCIULA DO RECANTO,F,07/06/1974,Válido,55
55160,43,Suplente,WELLINGTON COELHO DE SOUSA NETO,NETO DO POVO,M,01/07/1995,Válido,55
55133,75,Suplente,MARISA MARTINS FERREIRA,MARISA MARTINS,F,16/04/1957,Válido,55
55544,204,Suplente,EDNAMAR APARECIDA OLIVEIRA SILVA,EDNA DA SAÚDE,F,07/09/1964,Válido,55
55777,276,Suplente,DIEGO COSTA FERREIRA SANTOS,DIEGO COSTA,M,29/08/1987,Válido,55
55055,89,Suplente,JEOVÁ RODRIGUES DE OLIVEIRA,JEOVÁ RODRIGUES,M,27/11/1971,Válido,55
55153,555,Suplente,JOSICATIA DE JESUS PEREIRA LEMES,JOSICATIA LEMES,F,31/10/1974,Válido,55
20191,346,Suplente,ALCIMAR ALVES DE ALMEIDA,SGT ALCIMAR,M,25/12/1960,Válido,20
20321,46,Suplente,CLAUDIA SPINDOLA DE OLIVEIRA,CLAUDIA SPINDULA,F,13/01/1976,Válido,20
20777,128,Suplente,CIRLETE VILLETE DE SOUZA RIBEIRO,CIRLETE VILLETE,F,25/12/1974,Válido,20
20012,246,Suplente,ELIAS DOS SANTOS CORREIA,ELIAS CORREIA,M,01/08/1981,Válido,20
20700,168,Suplente,FILEMON PEREIRA DE MACEDO,PR FILEMON MACEDO,M,19/03/1959,Válido,20
20999,1921,Suplente,SARAH OLIVEIRA MENDES,PASTORA SARAH MENDES,F,15/01/1982,Válido,20
20153,40,Suplente,RICARDO RIBEIRO RODRIGUES,RICARDO RIBEIRO,M,24/06/1977,Válido,20
20320,137,Suplente,ROSELI DOS SANTOS,TIA ROSELI,F,09/01/1962,Válido,20
20555,872,Suplente,LEANDRO RODRIGUES COSTA,LEANDRO COSTA,M,05/10/1981,Válido,20
20020,1416,Não eleito,LUCÉLIA RODRIGUES DA SILVA FERREIRA,LUCÉLIA RODRIGUES,F,01/11/1995,Anulado,20
20400,522,Suplente,ROUBERTH FELIPE DE MORAIS COSTA,ROUBERTH COSTA,M,02/04/1996,Válido,20
20136,192,Suplente,NARA RUBIA RODRIGUES CARDOSO,NARA CARDOSO,F,15/01/1978,Válido,20
20246,147,Suplente,MARCOS HENRIQUE SANTOS DE OLIVEIRA,MARCÃO JIU JITSU,M,29/11/1983,Válido,20
20100,1016,Suplente,CELIOENES DE GOUVEIA ALVES,CELINE GOUVEIA,F,02/12/1985,Válido,20
20133,173,Suplente,BIEIZ VALERIANO DE OLIVEIRA,BISPO BIEIZ,M,08/06/1971,Válido,20
20115,183,Suplente,ANDRE LUIZ DE OLIVEIRA MELO,ANDRÉ EVANGELISTA,M,11/09/1970,Válido,20
20345,483,Suplente,EDSON DA SILVA PENHA,PACOTIM DO GÁS SÃO JORGE,M,12/08/1982,Válido,20
20220,207,Suplente,MARCOS RIBEIRO DA SILVA,MARQUINHOS POMAROLA,M,24/05/1965,Válido,20
20665,130,Suplente,WALDIR BRÁS BERNARDES,WALDIR FOTÓGRAFO,M,06/11/1968,Válido,20
20200,261,Suplente,JOÃO PEREIRA DOS SANTOS,JOÃO PEREIRA,M,27/08/1974,Válido,20
20800,111,Suplente,DERVAL PEREIRA ALVES,PASTOR DERVAL,M,06/10/1969,Válido,20
20333,425,Suplente,AGNALDO ETERNO DOS SANTOS,AGNALDO CHAME O SÍNDICO,M,23/04/1976,Válido,20
20015,734,Suplente,VALDEMAR LINO DA ROCHA,VALDEMAR ROCHA,M,15/05/1960,Válido,20
20023,55,Suplente,CIRIBALDO DE OLIVEIRA,CIRIBALDO,M,01/03/1977,Válido,20
20017,72,Suplente,FERNANDO LUIZ DOS SANTOS,FERNANDO DO NORTE FERROVIÁRIO,M,26/04/1948,Válido,20
20007,413,Suplente,LAZARA ZITA RODRIGUES DE OLIVEIRA,IRMÃ LÁZARA,F,27/04/1956,Válido,20
20190,479,Suplente,REGINALDO BATISTA DA SILVA,TENENTE REGINALDO,M,23/06/1968,Válido,20
20018,2,Suplente,JOSÉ VENÂNCIO SILVA ABREU VILA NOVA,VENÂNCIO ABREU,M,17/07/1998,Válido,20
20111,91,Suplente,ADRIANO PEREIRA GUIMARÃES,ADRIANO CARREIRINHA,M,10/03/1973,Válido,20
20120,875,Suplente,BERNARDO PAULA NETO,DR. BERNARDO,M,23/12/1945,Válido,20
20444,42,Suplente,ISMAEL DE SOUSA RITA,IRMÃO ISMAEL,M,12/08/1963,Válido,20
20010,348,Suplente,GILBERTO FERREIRA ACACIO,GILBERTÃO DO REAL CONQUISTA,M,08/01/1972,Válido,20
20170,71,Suplente,ANTÔNIO CESAR DE ARAÚJO,CESAR ARAUJO,M,18/09/1979,Válido,20
20222,681,Suplente,JOÃO MANOEL FELIZARDO,DR JOÃO MANOEL,M,23/06/1965,Válido,20
20180,56,Suplente,MAGDEUSA MIRANDA SOARES SILVA,MAGDEUSA,F,10/01/1981,Válido,20
20789,735,Suplente,KLEYTON BANDEIRA DE ARAÚJO,KLEYTÃO DA ACADEMIA,M,23/04/1973,Válido,20
20300,28,Suplente,EVA DOS SANTOS COSTA,EVA LEE,F,28/06/1988,Válido,20
20123,1047,Suplente,ARTHUR MOREIRA DE SOUZA,ARTHUR MOREIRA,M,10/08/1990,Válido,20
20192,60,Suplente,JOÃO FRANÇA DUARTE,JOÃO FRANÇA,M,26/06/1955,Válido,20
20500,3222,Eleito,LÉIA KLÉBIA ARAÚJO E VIEIRA,LÉIA KLEBIA,F,24/09/1981,Válido,20
20888,23,Suplente,VANDA MARIA DE SOUSA,VANDA MARIA,F,30/11/1974,Válido,20
50250,20,Não eleito,UBIRATAN DE OLIVEIRA DIAS,UBIRATAN DIAS,M,09/08/1957,Válido,50
50050,99,Não eleito,WELITON AGOSTINHO DE PINA,WELITON DE PINA,M,22/06/1972,Válido,50
50918,25,Não eleito,MANOEL ALVES DE OLIVEIRA,MANELIM,M,12/10/1984,Válido,50
50000,337,Não eleito,PEDRO INÁCIO BEZE LEITE,PEDRO BEZE,M,04/02/1998,Válido,50
50100,1733,Não eleito,CINTIA APARECIDA DIAS,CINTIA DA AGORA É QUE SAO ELAS,F,25/05/1977,Válido,50
50180,1614,Não eleito,MARIANA DE OLIVEIRA LOPES BARBOSA,MARIANA LOPES,F,31/07/1988,Válido,50
50666,511,Não eleito,LUIZ EDUARDO DE JESUS FLEURY,BACURAL,M,11/12/1977,Válido,50
50333,1381,Não eleito,ALESSANDRA DE ABREU MINADAKIS BARBOSA,ALESSANDRA DA MOTIRÕ COLETIVA,F,12/07/1972,Válido,50
50123,4299,Não eleito,FABRICIO SILVA ROSA,FABRICIO ROSA,M,09/01/1980,Válido,50
17007,209,Suplente,ATENEU VOGADO VIEIRA FILHO,GCM VOGADO,M,26/02/1973,Válido,17
17999,200,Suplente,JÚLIO CÉSAR NERI,JÚLIO NERI,M,17/02/1963,Válido,17
17020,2625,Suplente,MAURIA RODRIGUES GOUVEIA LOURENCO,MAURIA GOUVEIA,F,13/12/1964,Válido,17
17777,314,Suplente,ANTONIO CARLOS DA COSTA FERREIRA,DELEGADO ANTONIO,M,13/06/1970,Válido,17
17193,126,Suplente,ALESSANDRO ROCHA DE OLIVEIRA,SARGENTO ROCHINHA,M,14/07/1974,Válido,17
17123,216,Suplente,LUIZ HENRIQUE FONSECA COSTA,HENRIQUE COSTA,M,28/07/1979,Válido,17
17800,496,Suplente,ELEN REGINA LARA ROCHA FARIAS,ELEN LARA,F,01/07/1971,Válido,17
17021,79,Suplente,SILVANA MARTA DE PAULA SILVA,DRA. SILVANA,F,06/11/1967,Válido,17
17789,16,Suplente,MAX PEREIRA DA SILVA,MAX FERREIRA,M,15/12/1984,Válido,17
17417,9,Suplente,GABRIEL LUCAS DO CARMO PEREIRA,GABRIEL LUCAS,M,22/03/1994,Válido,17
17333,64,Suplente,ALISSON DE ASSIS DIAS,ALISSON DIAS,M,09/09/1980,Válido,17
17117,50,Suplente,AELSON SILVA,AELSON SILVA,M,08/05/1987,Válido,17
17370,42,Suplente,NAJLA SUEIDE FREITAS DO CARMO,NAJLA SUEIDE,F,25/09/1982,Válido,17
17715,116,Suplente,RICARDO GUERRA AFONSO,RICARDO GUERRA,M,15/04/1983,Válido,17
17456,78,Suplente,EVANDRO CAMPOS DO AMARAL,EVANDRO CAMPOS,M,23/02/1973,Válido,17
17062,27,Suplente,LINDAMIR KAZMIERCZAK SHIMOYAMA,LINDA SHIMOYAMA,F,08/09/1971,Válido,17
17681,75,Suplente,WELICA AMARO ROSA LEANDRO,WELICA AMARO,F,25/07/1991,Válido,17
17115,32,Suplente,ANA MARIA ROCHA FRANÇA,ANA MARIA,F,19/03/1964,Válido,17
17190,2634,Suplente,RODOLFO DE SOUZA SILVA,RODOLFO SOUZA,M,31/12/1983,Válido,17
17555,294,Suplente,MAIZA MIRANDA MATOS,MAIZA MATOS,F,21/10/1986,Válido,17
17100,1166,Suplente,AMARILDO PEREIRA FILHO,DR. AMARILDO FILHO,M,15/08/1988,Válido,17
17888,96,Suplente,JOSEMAR ALENCAR LINHARES,ALENCAR LINHARES,M,30/08/1990,Válido,17
17656,68,Suplente,CARLOS DOS SANTOS CARVALHO,DUDU DO POVO,M,05/08/1981,Válido,17
17897,162,Suplente,JONNES BISPO QUEIROZ,JONNES BISPO,M,05/04/1992,Válido,17
17600,165,Suplente,EMANOEL CRUZ SILVA,EMANOEL CRUZ,M,08/09/1987,Válido,17
17300,106,Suplente,RONESIO CESARIO PINHEIRO,RONESIO CESARIO,M,18/02/1971,Válido,17
17207,80,Suplente,JESSIKA CEJANA MENDONÇA DANTAS LARIU,DRA. JESSIKA DANTAS,F,30/11/1979,Válido,17
17717,42,Suplente,FABIO BORGES RIBEIRO,FABIO BORGES,M,22/07/1965,Válido,17
17177,51,Suplente,JOÃO DIVINO DA LUZ SILVA,TENENTE DIVINO,M,29/09/1966,Válido,17
17766,43,Suplente,ANTONIO CELSO DOS SANTOS,ANTONIO CELSO,M,15/12/1967,Válido,17
17170,176,Suplente,CLAISA DOS SANTOS DEIRO,CLAISA DEIRO,F,29/12/1970,Válido,17
17700,445,Suplente,DIEGO APARECIDO DE JESUS GUIMARAES GARCIA,DIEGO GARCIA,M,08/08/1986,Válido,17
17000,4743,Eleito,LUCAS FERREIRA PIRES BUENO,LUCAS KITÃO,M,08/02/1991,Válido,17
17444,35,Suplente,JOÃO BATISTA RODRIGUES,JOÃO BLOQUEIA TUDO,M,06/02/1959,Válido,17
17771,33,Suplente,ROSANGELA MARIA GONCALVES IGLESIAS,ROSANGELA IGLESIAS,F,07/04/1974,Válido,17
17660,4421,Suplente,ACENIL GUERRA DA COSTA,BILL GUERRA MOCHILINK,M,15/02/1972,Válido,17
17111,826,Suplente,PAULO SÉRGIO ALVES DE ARAÚJO,POLICIAL PAULO SÉRGIO,M,08/11/1968,Válido,17
80263,686,Não eleito,LETÍCIA LEMES SCALABRINI,LETÍCIA SCALABRINI,F,25/11/1998,Válido,80
80080,370,Não eleito,REBECA MARIA PERES CALGARO,REBECA CALGARO,F,29/03/1998,Válido,80
80123,61,Não eleito,ANTONIO ALTENIR FERREIRA DOS SANTOS,ANTÔNIO ALTENIR,M,27/07/1962,Válido,80
18800,74,Não eleito,SINVAL CORRÊA BITTENCOURT,SINVAL DO KARATÊ,M,18/04/1959,Válido,18
18080,409,Não eleito,ZELIA DIANA BARBOSA,ZELIA BARBOSA,F,13/02/1986,Válido,18
18100,1061,Não eleito,HUGO ALVES RINCON,PROF HUGO RINCON,M,29/03/1985,Válido,18
18440,67,Não eleito,APARECIDA FERREIRA DA SILVA LIBERATO,CIDA LIBERATO,F,17/01/1964,Válido,18
18321,144,Não eleito,HUGO LEONNARDO CASSIMIRO,PROF HUGO LEONNARDO,M,29/12/1982,Válido,18
18123,1039,Não eleito,ELDER PEREIRA DIAS,ELDER DIAS,M,19/12/1973,Válido,18
18222,68,Não eleito,ESTELA VELOSO DA SILVA LIMA,ESTELA VELOSO,F,09/02/2002,Válido,18
18789,93,Não eleito,MANOEL RODRIGUES LOPES,PROF NELSON,M,11/08/1978,Válido,18
18111,80,Não eleito,LUIZ JOSÉ VENÂNCIO,BUDA,M,27/08/1975,Válido,18
18118,154,Não eleito,OLÁVIO DOS SANTOS FELIX,OLÁVIO FELIX,M,13/12/1989,Válido,18
77756,42,Suplente,PATRICIA VALENTE BARRA,PATRICIA VALENTE,F,14/04/1970,Válido,77
77222,12,Suplente,LUIZA DE SOUSA BERNARDES SILVA,LUIZA SOUSA,F,23/01/1972,Válido,77
77015,23,Suplente,LUZIA ROSA DE MAGALHAES FERNANDES,LU MAGALHAES,F,16/09/1970,Válido,77
77044,171,Suplente,LEUDINEIA GONCALVES,NEIA DA 44,F,10/11/1969,Válido,77
77190,1248,Suplente,ROGERIO GOMES DOS SANTOS,SUB TENENTE ROGERIO,M,18/03/1973,Válido,77
77897,137,Suplente,ROSANA CORREIA FERREIRA LIMA,ROSANA LIMA,F,27/02/1986,Válido,77
77010,622,Suplente,TONIS VINICIUS DE CASTRO LACERDA,TONIS VINICIUS,M,22/12/2000,Válido,77
77200,436,Suplente,JOSE MARCELO ALEXANDRE,PROFESSOR JOSE MARCELO,M,17/12/1968,Válido,77
77789,1235,Suplente,FABIO ALVES CAIXETA,FABIO CAIXETA,M,01/08/1975,Válido,77
77177,378,Suplente,PEDRO KERDOL DA SILVA JUNIOR,PEDRO JUNIOR,M,16/04/1981,Válido,77
77526,71,Suplente,ANISIA MOREIRA NEVES,PROFESSORA TIA ANISIA,F,20/12/1962,Válido,77
77115,30,Suplente,ADEMILTON NUNES DA SILVA SANTOS,ADEMILTON SANTOS,M,23/12/1973,Válido,77
77707,101,Suplente,ENELY CANEDO GUIMARAES DOS SANTOS PINHEIRO,ENELY CANEDO,F,30/08/1959,Válido,77
77377,208,Suplente,ROSALINA MARIA DA SILVA,ROSALINA DA PROTEÇÃO ANIMAL,F,29/03/1970,Válido,77
77577,126,Suplente,MARISA ALVES MAIA,MARISA ALVES,F,04/03/1974,Válido,77
77000,1444,Suplente,GLAUCO BORGES DE ARAUJO,GLAUCO BORGES,M,28/08/1966,Válido,77
77111,272,Suplente,FERNANDO SANTOS DIAS,FERNANDO DA BATATA,M,22/11/1978,Válido,77
77477,32,Suplente,JOAQUIM LUIZ DE FREITAS GUIMARAES NETO,JOTTA LUIZ,M,24/07/1978,Válido,77
77380,33,Suplente,IRIS SOUSA MARTINS,IRIS SOUSA,M,08/03/1963,Válido,77
77500,831,Suplente,UILLIAN COSTA DA TRINDADE,WILLIAN BAIANO,M,10/12/1986,Válido,77
77121,32,Suplente,MARCIO JUNIOR DOS SANTOS,APÓSTOLO MARCIO SANTOS,M,12/02/1977,Válido,77
77040,84,Suplente,MAURO SOARES DO CARMO,MAURO SOARES,M,22/01/1969,Válido,77
77930,85,Suplente,STEEVEN LORRAN DOS SANTOS LOPES,STEEVEN CORINGA,M,16/07/1993,Válido,77
77007,312,Suplente,RODRIGO VAZ SILVA,RODRIGO VAZ,M,18/08/1983,Válido,77
77321,893,Suplente,NARA JUSTINA DOS SANTOS QUEIROZ,PROFESSORA NARA,F,28/04/1976,Válido,77
77678,498,Suplente,LINEIA TAVARES TEOFILO,DOUTORA LINEIA,F,10/03/1974,Válido,77
77112,99,Suplente,LUIZ ANTONIO FIGUERAL DA SILVA,LUIZ DO ESPETIN,M,16/11/1979,Válido,77
77045,31,Suplente,ELIZEU LUIZ DA SILVA,ELIZEU,M,08/03/1963,Válido,77
77123,1903,Suplente,ANTONIO PEREIRA CARNEIRO NETO,ANTONIO CARNEIRO,M,05/05/1985,Válido,77
77770,45,Suplente,BRUNO XAVIER DA SILVA,BRUNO XAVIER,M,12/05/1988,Válido,77
77300,1950,Eleito,JOAO FERREIRA GUIMARAES,JOAOZINHO GUIMARAES,M,15/05/1963,Válido,77
77192,21,Suplente,FERNANDO LEMES ROCHA,FERNANDO ROCHA,M,10/09/1965,Válido,77
77100,20,Suplente,FRANCISCA CHAGAS DE FIGUEIREDO,GARI FRANCISCA CHAGAS,F,01/05/1958,Válido,77
77456,575,Suplente,DIEGO FERREIRA PINTO VELOSO,DIEGO VELOSO,M,13/03/1982,Válido,77
77230,699,Suplente,JOAO BATISTA MARTINS DE OLIVEIRA,PROFESSOR JOÃOZINHO CONSELHEIR,M,07/06/1969,Válido,77
77077,32,Suplente,SIMONE PRIETO,SIMONE PRIETO,F,31/10/1972,Válido,77
77333,966,Suplente,WILLIAM CARLOS DA SILVA,WILLIAM CARLOS CONSELHEIRO,M,17/11/1966,Válido,77
77777,891,Suplente,CLAYTON RICARDO ALVES GONTIJO,CLAYTON PROSA BOA,M,23/08/1981,Válido,77
77700,363,Suplente,MANOEL RODRIGUES PEREIRA JUNIOR,PROFESSOR MANOEL JUNIOR,M,03/05/1982,Válido,77
