numero,votos_nominais,situacao,nome,nome_urna,sexo,data_nasc,destino_voto,numero_partido
25500,33,Não eleito,RENAN DOS SANTOS CASTRO DO CARMO,RENAN DO CHURROS,M,14/03/1993,Válido,25
25250,262,Não eleito,CARLOS MAGNO FARDIN BUSATTO,PROFESSOR MAGUIM BUSATTO,M,23/07/1990,Válido,25
25777,108,Não eleito,OSMAR MARIA DE JESUS,PASTOR OSMAR,M,12/09/1969,Válido,25
25025,24,Não eleito,MIGUEL ARCANJO QUAIOTO,MIGUEL QUAIOTO,M,04/12/1975,Válido,25
25000,171,Não eleito,ANGELA MARIA FREITAS AVANCI,PROFESSORA ANGELA,F,01/05/1978,Válido,25
25333,40,Não eleito,INGRACIA PETERLE DE OLIVEIRA,INGRACIA PETERLE,F,28/01/1958,Válido,25
23678,170,Suplente,ANTONIO PEDRO DE OLIVEIRA,TONINHO,M,11/06/1959,Válido,23
23777,44,Suplente,LUCIANA GOBETTI MARCHIORI ULIANA,LUCIANA ULIANA,F,09/10/1979,Válido,23
23333,103,Suplente,WAGNER VIANA DE PAULA,PASTOR WAGNER,M,13/10/1981,Válido,23
23123,396,Eleito,MARCIO ANTONIO LOPES,MARCIO LOPES,M,21/01/1979,Válido,23
23456,433,Eleito,IVANILDO DE ALMEIDA SILVA,IVANILDO ALMEIDA,M,23/01/1995,Válido,23
23789,69,Suplente,GELSON MIEIS,TATTOO MIEIS,M,01/05/1969,Válido,23
23222,245,Suplente,SIDINEIA DIAS,SIDINEIA DIAS,F,12/08/1985,Válido,23
23100,104,Suplente,WASHINGTON TORRES DE OLIVEIRA FERREIRA ALVES,CARIOCA MOTORISTA,M,31/03/1980,Válido,23
23234,119,Suplente,MARLENE BUZATO,MARLENE BUSATO,F,10/11/1964,Válido,23
23000,189,Suplente,SEBASTIÃO MOREIRA JUNIOR,JUNINHO DO POVO,M,02/12/1983,Válido,23
23912,12,Suplente,JOSE ANTONIO DA SILVA ROZA,VAMPETA,M,05/05/1980,Válido,23
23999,22,Suplente,DULCE KAPICH GUIMARAES,DULCE DO CAXIXE,F,18/03/1965,Válido,23
23023,548,Eleito,ALDI MARIA CALIMAN,DÉ CALIMAN ,F,01/11/1953,Válido,23
40190,49,Suplente,LUCIANO PINTO DE LIMA,SARGENTO LUCIANO,M,01/01/1976,Válido,40
40404,24,Suplente,JANIO COSTA ALVES,JANIO ALVES,M,30/05/1961,Válido,40
40555,15,Suplente,MARTHA MADALENA PEREIRA DE ANDRADE AMORIM,MARTHA AMORIM,F,16/05/1980,Válido,40
40123,202,Suplente,REGIS FALQUETO,PROFESSOR REGIS,M,21/04/1971,Válido,40
40500,84,Suplente,DOMINGOS JUANISIO MARETO, JUANISIO MARETO,M,15/10/1961,Válido,40
40789,3,Suplente,DIVA MARIA DE FREITAS CAVALINI,DIVA DE FREITAS,F,11/11/1968,Válido,40
40000,435,Eleito,FRANCISCO CARLOS FOLETTO,CHICO FOLETTO,M,04/10/1964,Válido,40
40666,53,Suplente,NEUCIMAR BARBOSA SILVA,NEUCIMAR BARBOSA,M,28/11/1985,Válido,40
40010,315,Suplente,ADRIANA APARECIDA ULIANA,ADRIANA ULIANA,F,15/07/1977,Válido,40
40111,64,Suplente,WILLIAN BRAMBILLA,WILLIAN BRAMBILLA,M,12/06/1982,Válido,40
43000,66,Não eleito,EDSON MARTAS RODRIGUES,EDSON RODRIGUES,M,15/05/1978,Válido,43
43015,22,Não eleito,NOEL ZEFERINO,NOEL DA RECICLAGEM,M,24/09/1970,Válido,43
43793,24,Não eleito,SÁVIO DALVI DE ABREU,SÁVIO DALVI,M,02/10/1987,Válido,43
43456,43,Não eleito,SAULO DELPUPO,SAULO DELPUPO,M,26/12/1965,Válido,43
43123,190,Não eleito,LUÍS MARCOS DAVOLI,MARQUINHO,M,12/12/1975,Válido,43
43135,13,Não eleito,MARINA ELINA DE SOUZA,MARINA DO LAVADOR,F,13/05/1986,Válido,43
43555,50,Não eleito,ALCENIR MEDEIROS DE SOUZA,ALCENIR MEDEIROS,M,02/01/1986,Válido,43
43043,32,Não eleito,SILVANA VICENTIM DE OLIVEIRA,SILVANA VICENTIM,F,03/11/1980,Válido,43
43321,85,Não eleito,LETICIA CALIMAN BAPTISTI,LETICIA CALIMAN,F,10/02/2000,Válido,43
43111,46,Não eleito,JOSÉ LINO MOREIRA,MOREIRA DO TAXI,M,14/11/1967,Válido,43
45017,20,Suplente,MARCIANO DA SILVA VIEIRA,MARCIANO VIEIRA,M,24/01/1987,Válido,45
45678,415,Eleito,AMILTON JOSE MARQUES PACHECO,AMILTON PACHECO,M,25/02/1977,Válido,45
45777,94,Suplente,PATRIC DE OLIVEIRA,PATRIC LOS NETO,M,12/01/1989,Válido,45
45123,284,Suplente,GILBERTO BRAVIM ZANOLI,GILBERTO ZANOLI,M,17/09/1977,Válido,45
45888,22,Suplente,MARIA DA PENHA CALIMAN LORENÇÃO,PENHA,F,17/10/1962,Válido,45
45666,232,Suplente,MARCO ANTÔNIO GRILLO,MARCO GRILLO,M,20/05/1964,Válido,45
45000,166,Suplente,RENATO FRANCISCO PIANZOLI,RENATO PIANZOLI - BANHA,M,26/05/1984,Válido,45
45111,24,Suplente,HELAINE CRISTHINA LORENÇONI ROMANEL,HELAINE LORENÇONI,F,04/11/1979,Válido,45
45366,9,Suplente,NELCI MARIA DE OLIVEIRA MINETE,NELCI MINETE,F,01/03/1966,Válido,45
45999,152,Suplente,REINALDO GARCIA RODRIGUES,REI,M,06/08/1983,Válido,45
45188,10,Suplente,SILVIA MARA GUIMARAES,SILVIA GUIMARÃES,F,08/10/1970,Válido,45
45555,27,Suplente,GABRIEL VILASTRE MINTO DE SOUZA,GABRIEL VILASTRE,M,27/04/1983,Válido,45
17222,10,Não eleito,RAFAEL DA SILVA COSTA,RAFAEL BOQUINHA,M,27/12/1990,Válido,17
17017,3,Não eleito,ZILTON VAGNER TOZZI,ZILTON TOZZI,M,09/10/1967,Válido,17
17000,144,Não eleito,ADENILSON ALVES DA CRUZ,ADENILSON CRUZ,M,20/07/1968,Válido,17
17001,24,Não eleito,MARCIA MARIA FREIRE,MÁRCIA FREIRE,F,04/05/1966,Válido,17
17777,23,Não eleito,LUCILEIA MENEGUITE BOEQUE,LEIA,F,12/03/1980,Válido,17
17333,37,Não eleito,ROSIANE ALMEIDA MINETE,ROSEANE MINET MINETINHA,F,10/06/1980,Válido,17
17123,30,Não eleito,ESDRAS DE AGUIAR PEREIRA,ESDRAS DINHO,M,29/05/1968,Válido,17
10567,67,Suplente,VALDIRENE MODOLO,VALDIRENE MODOLO,F,17/12/1976,Válido,10
10234,27,Suplente,GERALDA NUNES LAMEIRA,GERALDA NUNES,F,07/06/1963,Válido,10
10789,66,Suplente,MARCIANO CASAGRANDE SCABELO,MARCIANO SCABELLO,M,25/09/1976,Válido,10
10666,201,Suplente,JONAS DOMINGOS POLETTO BRAMBILLA,JONAS BRAMBILLA,M,02/03/1986,Válido,10
10258,105,Suplente,VALDIMIRO DIAS,MIRO,M,07/07/1965,Válido,10
10121,99,Suplente,JORGE BASILIO DA SILVA,JORGINHO,M,10/08/1977,Válido,10
10123,208,Suplente,VANDERLEI ABILIO,DELEI,M,05/06/1967,Válido,10
10454,16,Suplente,ADEVANDRO DE SOUZA,CARIOCA,M,17/04/1948,Válido,10
10222,46,Suplente,CARLA BETINI,CARLA BETINI,F,15/05/1975,Válido,10
10000,568,Eleito,ERIVELTO ULIANA,DR ERIVELTO ULIANA,M,20/04/1972,Válido,10
77555,82,Suplente,DAVI FERNANDES DE SOUZA,DAVI MARIANO,M,18/02/1974,Válido,77
77999,161,Suplente,LUCAS ALVES RIBEIRO DIAS,LUCAS ALVES (LUCÃO),M,29/09/1990,Válido,77
77007,47,Suplente,MARCOS ANTONIO MOREIRA DORDENONI,MARCOS TOTA,M,23/11/1984,Válido,77
77000,157,Suplente,PAULO CESAR JARETTA,PAULINHO DA RODOVIÁRIA,M,29/05/1964,Válido,77
77077,485,Eleito,MARCO ANTÔNIO TORRES NASCIMENTO,MARQUINHOS TORRES,M,01/04/1972,Válido,77
77789,34,Suplente,WALAF ALVES TOBIAS,WALAF TOBIAS,M,25/03/1994,Válido,77
77888,43,Suplente,SAUL VICENTE MARTINS,SAUL DO POSTO,M,01/10/1968,Válido,77
77190,41,Suplente,LEONARDO ALMONFREY STEIN,CAPITÃO STEIN,M,27/08/1982,Válido,77
77008,56,Suplente,ADELAINE MEDEIROS VELANO,ADELAINE ADVOGADA,F,17/06/1973,Válido,77
77123,55,Suplente,FLÁVIA CÂNDIDO DA CRUZ CARDOSO,FLÁVIA CARDOSO,F,20/07/1994,Válido,77
77177,83,Suplente,JOSIANE DIAS DE ALMEIDA,JOSIANE DIAS,F,06/09/1983,Válido,77
77500,33,Suplente,MARIA DA PENHA CORREA,BIA CORREA,F,27/04/1977,Válido,77
77777,65,Suplente,WALLACE GONÇALVES PECINI,WALLACE PECINI,M,06/03/1982,Válido,77
11666,91,Suplente,EMERSON BELLON,NINO BELLON,M,24/07/1974,Válido,11
11112,231,Eleito,LUIZ RICARDO BOZZI PIMENTA DE SOUSA,PIMENTA FILHO,M,21/09/2000,Válido,11
11177,26,Suplente,LAURA SILVA DE PAULO,LAURA,F,24/02/1977,Válido,11
11000,157,Suplente,LUCIELZA DO NASCIMENTO CHIEZA CALIMAN,LUCIELZA CHIEZA ,F,25/08/1965,Válido,11
11111,89,Suplente,ANDRÉ MINETE NODARI,KIKA NODARI,M,23/07/1973,Válido,11
11190,141,Suplente,SIRLEY CASSANDRO,SIRLEY CASSANDRO,M,20/03/1975,Válido,11
11777,81,Suplente,MARIELI LEAL SILOTTI,MARIELI SILOTTI,F,26/12/1984,Válido,11
11333,51,Suplente,VALDIRENE KLIPPEL,VALDIRENE KLIPPEL,F,04/03/1974,Válido,11
11444,153,Suplente,FABIO ALTOÉ,PROFESSOR FABIO ALTOÉ,M,31/05/1972,Válido,11
11555,18,Suplente,SEBASTIÃO LOIOLA DA SILVA,TIÃO GAIOLA,M,20/01/1947,Válido,11
11600,103,Suplente,BARTOLOMEU MEROTO DA SILVA,BARTÔ,M,22/05/1969,Válido,11
11123,156,Suplente,SIMONE MARGARETE BOZZI,SIMONE BOZZI,F,01/03/1982,Válido,11
22200,63,Suplente,GIULIAN HENRIQUE ZANDONADI BETINI,GIULIAN ZANDONADI BETINI,M,09/07/1991,Válido,22
22222,190,Suplente,DEBORA SILVA ZANDONADE,DÉBORA ZANDONADE,F,07/08/1974,Válido,22
22238,146,Suplente,JURANDIR VICENTINI,JURANDIR VICENTINI,M,19/03/1973,Válido,22
22777,133,Suplente,LENICE GARCIA DE FREITAS,PROFESSORA LENICE,F,07/06/1965,Válido,22
22333,65,Suplente,JOANNA ELISA ARNDT TEIXEIRA,JOANNA MONTEIRO,F,30/05/1991,Válido,22
22921,189,Suplente,GILMAR RIBEIRO GIMENES,GILMAR GIMENES,M,19/01/1977,Válido,22
22000,77,Suplente,EFRAIN JOSÉ CELIRIO,EFRAIN DO POSTO,M,18/08/1967,Válido,22
22002,33,Suplente,ROBSON DIAS,ROBINHO DIAS,M,02/06/1986,Válido,22
22111,62,Suplente,JOANA ZANAO RAMOS,JOANA ZANÃO,F,10/07/1983,Válido,22
22123,241,Eleito,WALACE RODRIGUES DE SOUZA,LACRAIA,M,28/02/1978,Válido,22
22555,91,Suplente,DAVID TORRES FIGUEIREDO SIMOES,DAVI SIMOES,M,01/02/1984,Válido,22
