numero,votos_nominais,situacao,nome,nome_urna,sexo,data_nasc,destino_voto,numero_partido
23333,64,Não eleito,JUSSARA SOUZA DO NASCIMENTO,JUSSARA,F,08/05/1993,Válido,23
23000,74,Não eleito,JAIRO RODRIGUES DE SOUZA,JAIRO,M,27/04/1979,Válido,23
23690,34,Não eleito,ROSANE NEVES DIAS,ROSANE,F,16/10/1983,Válido,23
23123,24,Não eleito,ANDERSON ROGÉRIO GONÇALVES,ANDERSON DE RIVE,M,05/07/1978,Válido,23
23150,93,Não eleito,ANDRÉ VARGAS DOS SANTOS,ANDRÉ VARGAS,M,01/04/1983,Anulado sub judice,23
23067,3,Não eleito,LORUAMA GEOVANNA GUEDES VARDIERO,LORUAMA GUEDES,F,06/07/1998,Válido,23
23100,45,Não eleito,ELIAS DA SILVA RAMOS,LIA DO SALGADO,M,10/11/1979,Válido,23
23456,41,Não eleito,DEIVIDY NUNES MEDEIROS DE PAULA,DEIVIDY DO PRONTO SOCORRO,M,12/11/1981,Válido,23
23001,26,Não eleito,RÁWERON MERÇON DE OLIVEIRA,RAVINHO DA VILA,M,22/04/1980,Válido,23
70321,363,Eleito,TAIZA GARCIA VARGAS PIROVANI,TAIZA GARCIA,F,30/10/1976,Válido,70
70122,42,Suplente,SILVANE APARECIDA DE ANDRADE ROSSIN,SILVANE ROSSIN,F,07/11/1979,Válido,70
70111,379,Eleito,GILMAR SILVA DE MATTOS,GILMAR MATTOS,M,17/06/1962,Válido,70
70888,275,Suplente,GLEIÇON RIBEIRO POLASTRELI,GLEICIM DO TIÃO DO ÔNIBUS,M,05/03/1991,Válido,70
70456,343,Suplente,MANOEL ALVES PEREIRA FILHO,MANOEL PEREIRA,M,10/08/1978,Válido,70
70070,6,Suplente,RENATA GAZONI DE CASTRO,RENATA GAZONI,F,31/03/1982,Válido,70
70789,178,Suplente,SERGIO BITTENCOURT RIDOLPHI,SERGINHO RIDOLPHI,M,25/09/1971,Válido,70
70019,16,Suplente,MARIA OTILIA DA SILVA BARBOSA,TINA TANNER,F,19/06/1975,Válido,70
70333,76,Suplente,SEBASTIÃO BARBOSA DE LIMA,TIQUINHO,M,12/01/1973,Válido,70
70777,146,Suplente,SAMUEL JOSÉ DOS SANTOS,IRMÃO SAMUEL,M,20/01/1969,Válido,70
70222,180,Suplente,SANDRO DE FREITAS VAILLANT,SANDRO VAILLANT,M,28/08/1978,Válido,70
70123,387,Eleito,FÁBIO BRAGANÇA POLASTRELI,FABINHO DO CAMINHÃO DO LIXO,M,11/08/1977,Válido,70
70999,791,Eleito,EDUARDO SILVA FERNANDES,DUDU,M,05/02/1979,Válido,70
70322,38,Suplente,EDIMAR PEREIRA PROVETTE,EDIMAR PROVETTI,M,08/04/1977,Válido,70
70666,105,Suplente,JOSE PAULO DE OLIVEIRA,ZÉ PAULO DO CAFÉ,M,28/08/1975,Válido,70
70555,133,Suplente,JOSÉ ROBERTO TULLI,TULLI,M,12/12/1958,Válido,70
70000,215,Suplente,JOÃO BATISTA FERREIRA DA SILVA,NENECO,M,05/02/1977,Válido,70
70007,100,Suplente,MONIKE MANGIFESTE DRUMOND,PROFESSORA MONIKE,F,04/01/1992,Válido,70
70009,1,Suplente,CLEIDE REGINA REBONATO MORAES,CLEIDE DO PULA PULA,F,14/09/1973,Válido,70
25234,13,Suplente,OSVALDO ROMANELI,OSVALDO DA FEIRA,M,20/08/1961,Válido,25
25999,17,Suplente,SONIA MARIA BASTOS,SONIA BASTOS,F,16/05/1956,Válido,25
25456,849,Eleito,JOSÉ SOPRIANO MERÇON,MERÇON,M,13/03/1956,Válido,25
25678,195,Suplente,MÁRIO WESLEY PAIVA ZANETTI,MÁRIO PEZÃO,M,05/12/1977,Válido,25
25000,275,Suplente,CARLOS FERNANDO PEIXOTO,CARLINHOS PROFESSOR,M,03/09/1949,Válido,25
25123,573,Eleito,SEBASTIÃO LINO SALARDANI,TOTOCA,M,20/01/1962,Válido,25
25222,22,Suplente,NEUZA BATISTA MAGALHÃES GODOY,NEUZA MAGALHÃES,F,19/07/1959,Válido,25
25980,18,Suplente,LENICE MARIA LUIS,LICA DO SÃO JOÃO,F,03/05/1967,Válido,25
25555,102,Suplente,MARCOS ANTONIO TEIXEIRA DE FARIAS,MARQUINHO DA ELETRÔNICA,M,12/06/1964,Válido,25
25111,180,Suplente,PEDRO LUÍZ VIAL GARCIA,PEDRINHO SALVADOR,M,11/06/1969,Válido,25
12000,124,Suplente,LUIZ CLAUDIO GOMES SATYRO,CLAUDINHO DO CAFÉ,M,14/06/1978,Válido,12
12111,481,Eleito,ALEXANDRE DUARTE VENÂNCIO,XODÓ,M,04/11/1969,Válido,12
12333,244,Suplente,PAULO SÉRGIO DE ANDRADE,SERGINHO DE ANUTIBA,M,30/12/1971,Válido,12
12345,399,Suplente,ROSA MARIA JACINTO DA SILVA,ROSA CARRERO,F,04/08/1960,Válido,12
12123,75,Suplente,ROSÂNGELA MARIA SOBREIRA,ROSÂNGELA SOBREIRA MAT CONSTRU,F,27/11/1962,Válido,12
12222,240,Suplente,CLÁUDIO DA SILVA PASCHOA,CLAUDINHO DE RIVE,M,05/04/1973,Válido,12
22222,182,Suplente,PATRICIA DE SOUZA BRAVO,PATRICIA BRAVO,F,05/04/1986,Válido,22
22741,77,Suplente,JOÃO MOREIRA CURTY,JOÃO CURTY,M,10/06/1972,Válido,22
22118,30,Suplente,ROBERTO VEIGA SILVÉRIO,BETO PIOLA,M,26/03/1969,Válido,22
22333,61,Suplente,AGENOR RUBIM SANTOS,AGENOR SANTOS,M,11/08/1980,Válido,22
22100,341,Eleito,MAURÍCIO DE OLIVEIRA CORREA,MAURÍCIO DA SAÚDE,M,10/05/1979,Válido,22
22666,35,Suplente,RENATA FERNANDES ALVES DA SILVA,RENATA FERNANDES,F,22/06/1983,Válido,22
22000,114,Suplente,GILBERTO PASCOAL MONTEIRO,GILBERTO JORGE,M,06/03/1977,Válido,22
22777,85,Suplente,MARCEL OLIVEIRA TIBURCIO,MARCEL TIBURCIO,M,25/03/1988,Válido,22
22555,116,Suplente,NEULIZETE DE SOUZA MELO,NEULIZETE MELO,F,05/04/1959,Válido,22
22192,16,Suplente,LUCAS PARREIRA BRAGA,LUCAS PARREIRA,M,02/02/1992,Válido,22
22456,386,Eleito,CARLOS RENATO VIANA,RENATO VIANA,M,17/11/1965,Válido,22
22123,136,Suplente,REGINALDO DE SOUZA VIEIRA,RÉGIS VIEIRA,M,25/07/1971,Válido,22
22113,5,Suplente,SAMARA THOMÉ BARBOSA,SAMARA DA PRAINHA,F,21/04/1980,Válido,22
22111,8,Suplente,ELIENE DUTRA OLIVEIRA DA SILVA,ELIENE DUTRA,F,20/11/1960,Válido,22
22221,200,Suplente,JOELSON DA SILVA LIMA,JOELSON LIMA,M,21/10/1977,Válido,22
22888,99,Suplente,WANDERSON OLMO DA COSTA,SOM,M,14/06/1981,Válido,22
22444,13,Suplente,CATIANA SILVA CORRÊIA RIBEIRO,CATIANA RIBEIRO,F,02/06/1981,Válido,22
22200,26,Suplente,RAFAEL RIBEIRO MACHADO,POCA,M,08/10/1986,Válido,22
40100,0,Não eleito,ZENI DO NASCIMENTO SERAFIM,ZENI SERAFIM,F,18/01/1969,Válido,40
40040,28,Não eleito,ANDRÉ LUIZ DIAS,ANDRÉ TOPA TUDO,M,08/01/1982,Válido,40
40179,10,Não eleito,MARCOS FELIPE SOUZA DA SILVA,MARCOS FELIPE,M,27/05/1991,Válido,40
40400,21,Não eleito,VIRGÍNIA D'AGOSTIN BAPTISTA,VIRGÍNIA D'AGOSTIN,F,08/07/1968,Válido,40
40112,0,Não eleito,ADEILTO BARBOSA BERTOSSI,ADEILTO BERTOSSI,M,06/07/1977,Válido,40
40661,31,Não eleito,NORMA SUELY LOUZADA PATRÍCIO,PROFESSORA NORMA LOUZADA,F,26/02/1957,Válido,40
40777,22,Não eleito,JOSY GOMES LUCINDO,JOSYNHA INSTRUTORA,F,25/01/1984,Válido,40
40111,142,Não eleito,MARCOS RUBIM,MARQUIM DO ÔNIBUS,M,29/06/1980,Válido,40
40123,375,Não eleito,THEO ALVES DA ROCHA,THEO ROCHA,M,02/05/1978,Válido,40
40190,11,Não eleito,GEAN JUNIOR DA SILVA GANDINI,GEAN GANDINI,M,22/09/1981,Válido,40
36456,42,Não eleito,RENATO PEREIRA DA SILVA,RENATINHO,M,08/09/1990,Válido,36
36222,14,Não eleito,WANDERSON BRAGA OLIVEIRA,BATORÉ DO PICOLÉ,M,26/11/1985,Válido,36
36171,80,Não eleito,LUCIANO NASCIMENTO CASSA,LUCIANO,M,23/07/1963,Válido,36
36123,131,Não eleito,FABIO CARRARI VALLI,FABINHO BIBI,M,09/12/1980,Válido,36
36444,0,Não eleito,MARIA APARECIDA SILVA PEREIRA,MARIA,F,12/12/1971,Válido,36
36377,44,Não eleito,MIRELLE BAPTISTA JORDAIM,MIRELLE,F,16/04/1983,Válido,36
36666,125,Não eleito,RONALDO COELHO DE MORAES,RONINHO,M,26/06/1981,Válido,36
36555,0,Não eleito,ELISANGELA VIEIRA DA SILVA,ELISANGELA,F,09/04/1978,Válido,36
36999,53,Não eleito,LUCIANO MANOEL,LUCIANO DA AMBULÂNCIA,M,03/05/1982,Válido,36
36369,45,Não eleito,SEBASTIÃO JORGE GONÇALVES,SEBASTIÃO GONÇALVES,M,20/01/1958,Válido,36
36888,6,Não eleito,WILMA CASEMIRO DE MORAES SAMASQUINI,WILMA,F,25/06/1969,Válido,36
36777,66,Não eleito,THIAGO MENEGUELLI JORGE,THIAGO MENEGUELLI,M,03/08/1979,Válido,36
36789,16,Não eleito,WARLEN VIEIRA GAMA,DIDA,M,11/01/1968,Válido,36
45555,36,Não eleito,EVANI MANOEL DOS REIS,EVANI REIS,M,28/01/1959,Válido,45
45000,15,Não eleito,CARLOS ALBERTO DA SILVA OLIVEIRA,CARLINHO DO TRAILER,M,14/01/1967,Válido,45
45045,0,Não eleito,RIQUETH CANOVA DA SILVA,RIQUETH,F,01/04/1988,Válido,45
45678,9,Não eleito,AURILIO MARTINS MENDEL,ZOINHO DE RIVE,M,15/05/1958,Válido,45
45666,5,Não eleito,ANGELA MARIA DE ARAÚJO ROSA BENTO,ANGINHA,F,03/03/1979,Válido,45
45111,17,Não eleito,JAQUES MORETI VIEIRA,JAQUES MORETI,M,19/09/1979,Válido,45
45222,4,Não eleito,DENIZE COSTA MONTEIRO,DENIZE MONTEIRO,F,09/12/1967,Válido,45
45777,79,Não eleito,JULIO CESAR DE SOUZA SILVA,JULIO DA AUTO ESCOLA,M,13/01/1985,Válido,45
13130,88,Não eleito,NASLLA ALEXANDRINA TEMBRA,NASLLA,F,12/04/1995,Válido,13
13000,168,Não eleito,ANDERSON PIROVANI DA SILVA,ANDERSON PIROVANI,M,19/07/1994,Válido,13
13133,54,Não eleito,JULIO CELIO DE MENDONCA RODRIGUES,JULIO MENDONÇA,M,13/03/1977,Válido,13
13123,22,Não eleito,ELDER BARBOSA DA SILVA,ELDER DO ALEGRENSE,M,18/09/1978,Válido,13
13456,202,Não eleito,ROSIMAR SILVA DOMINGOS,ZIMÁ DOMINGOS,F,19/08/1985,Válido,13
10999,12,Suplente,EMERSON DA ROCHA CURTY,EMERSON CURTY,M,09/11/1972,Válido,10
10456,8,Suplente,MARGARETH ROSANA DA SILVA XAVIER,MARGARETH ROSANA,F,17/10/1967,Válido,10
10811,21,Suplente,LEILIANE MONTEIRO DA SILVA,LILIAN MONTEIRO,F,30/05/1977,Válido,10
10222,263,Suplente,MARCUS ANTONIO GONÇALVES DE SOUZA,MARQUINHO BAMBU,M,31/08/1979,Válido,10
10444,3,Suplente,DAIANE BARBOSA PEREIRA,LAYD DAY,F,23/12/1983,Válido,10
10000,50,Suplente,LUIZ FERNANDO MONEGALHA GOULART,FERNANDO MONEGALHA,M,17/05/1963,Válido,10
10888,46,Suplente,CÁSSIO LEANDRO FRAUCHES DE SOUZA,DR CÁSSIO LEANDRO FRAUCHES,M,12/05/1978,Válido,10
10010,25,Suplente,ROMULO AZEVEDO DE MENDES,ROMIM,M,12/06/1953,Válido,10
10190,79,Suplente,RAPHAEL SÁ VIANA PIMENTEL ARAÚJO,RAPHAEL SÁ,M,06/06/1985,Válido,10
10555,138,Suplente,FRANCISLEI MORET PERIS,LEI MORET,M,31/12/1976,Válido,10
10777,618,Eleito,WILLIAN ANGELETE BESTETE,WILLIAN BESTETE,M,03/01/1983,Válido,10
10123,317,Eleito,SEBASTIÃO CLÁUDIO SOBREIRA,CLAUDIO SOBREIRA,M,20/01/1961,Válido,10
10001,9,Suplente,ROSELY LOPES DE SOUZA MOURA,ROSELY,F,05/05/1983,Válido,10
10321,11,Suplente,SIMONE REGINA BRUM GONCALVES,SIMONE DA EXPOSIÇÃO,F,02/10/1974,Válido,10
10111,15,Suplente,JOSÉ ANTONIO ALMEIDA FERREIRA,CANTAGALO,M,25/01/1963,Válido,10
10333,236,Suplente,MARCOS DO AMARAL DINO,TIO MARCOS DINO,M,11/05/1968,Válido,10
77222,42,Suplente,JOSÉ HENRIQUE DA SILVA FILHO,JOSÉ HENRIQUE ZEZITO,M,22/11/1961,Válido,77
77013,110,Suplente,RUBINER DE OLIVEIRA BARBOSA,RUBINER PRIMO,M,31/03/1955,Válido,77
77555,42,Suplente,JOSÉ MARIA FERREIRA DA SILVA,ZÉ MARIA DA CRISTIANE,M,12/03/1978,Válido,77
77888,39,Suplente,SIMONE VALADARES,SIMONE VALADARES,F,17/01/1972,Válido,77
77123,311,Suplente,SILVANEA VIEIRA PAIVA BITENCOURT,SILVANEA PAIVA,F,10/12/1971,Válido,77
77369,18,Suplente,JULIANO EMERICK,JULIANO EMERICK,M,06/02/1974,Válido,77
77444,15,Suplente,PAULO SÉRGIO FERNANDES ARAÚJO,BILL DO SUPERMERCADO,M,15/02/1971,Válido,77
77800,8,Suplente,CLAUDIA DOS SANTOS PEIXOTO,CLAUDINHA PEIXOTO,F,08/09/1969,Válido,77
77111,703,Eleito,ROMAR AZEVEDO MENDES,ROMAR,M,17/09/1961,Válido,77
77707,20,Suplente,EDIVALTER MATTIELO,MATTIELO DE RIVE,M,22/07/1959,Válido,77
77777,444,Eleito,ROMILTON POLASTRELI,ITA,M,05/11/1966,Válido,77
77877,11,Suplente,JUCIMARA DO CARMO GAZONI LOUZADA,JUCIMARA GAZONI,F,19/11/1964,Válido,77
77700,3,Suplente,THIAGO RUBÊ FERREIRA,THIAGO RUBÊ,M,03/09/1985,Válido,77
77500,15,Suplente,EDISON LUIS,EDINHO DA PLACA,M,22/01/1965,Válido,77
77666,6,Suplente,EDIVANE MOREIRA DE OLIVEIRA,VANINHA,F,13/05/1968,Válido,77
77000,380,Suplente,EMERSON GOMES ALVES,MOSCA,M,30/06/1973,Válido,77
