numero,votos_nominais,situacao,nome,nome_urna,sexo,data_nasc,destino_voto,numero_partido
12555,202,Eleito,ADILSON ALVES DE ATAIDE,ADILSON DE VALESCA,M,06/11/1974,Válido,12
12500,79,Suplente,JEAN CARLOS VAGMACKER,JEAN VAGMACKER,M,20/06/1969,Válido,12
12222,34,Suplente,SILVIO SILVANO FELIX DA ROCHA,SILVIO MORENO,M,20/03/1975,Válido,12
12333,31,Suplente,ROSELENE MARTINS FERREIRA,ROSINHA,F,19/12/1968,Válido,12
12456,104,Suplente,JOAB GOMES DOS SANTOS,JOAB DA SAUDE,M,09/02/1979,Válido,12
12111,62,Suplente,LEDA DA SILVA,LEDA DA SILVA,F,19/04/1970,Válido,12
12155,12,Suplente,MARIA DAS GRACAS CALDEIRA PEREIRA,MARIA DAS GRAÇAS,F,13/06/1962,Válido,12
12000,103,Suplente,MAURO SERGIO GONÇALVES,MAURO ROLAMENTO,M,13/01/1975,Válido,12
40551,21,Suplente,JUCELIA RODRIGUES DOS SANTOS,PITONA,F,31/01/1980,Válido,40
40190,53,Suplente,JORGE LUIZ GIRÃO BARRETO,SARGENTO BARRETO,M,03/07/1968,Válido,40
40333,93,Suplente,LAÉRCIO DE SOUZA CAJAIBA,LAÉRCIO CAJAIBA,M,30/10/1976,Válido,40
40123,25,Suplente,ELIENE FERNANDES DA SILVA,ELIENE,F,16/05/1975,Válido,40
40000,78,Suplente,ESPERIDIÃO VIANA DE OLIVEIRA,O MEU,M,10/04/1968,Válido,40
40555,94,Suplente,FABIANO PEREIRA GUERRA,FABIANO GUERRA,M,05/05/1981,Válido,40
40369,30,Suplente,LÝVIA DUARTE RODRIGUES,LYVIA,F,20/07/1990,Válido,40
40111,282,Eleito,ANDERSON RODRIGUES FERREIRA,O PAI,M,13/06/1980,Válido,40
40777,70,Suplente,VALMIR DE OLIVEIRA ALVES,VALMIR DOS DALMASIO,M,28/02/1968,Válido,40
40100,159,Eleito,IVAN MATEUS PEREIRA,NEGO IVAM,M,07/11/1977,Válido,40
40222,39,Suplente,EDINALDO LOPES DA SILVA,NÁ,M,18/07/1971,Válido,40
40121,269,Eleito,VERA LÚCIA DA SILVA RABELO,VERA RABELO,F,20/04/1970,Válido,40
33111,251,Eleito,LOURISVALDO MEIRA DE SOUZA,LOURINHO,M,16/09/1965,Válido,33
33999,13,Suplente,JANICE DA SILVA VIEIRA,JANICE DA LOTÉRICA,F,05/05/1982,Válido,33
33777,87,Suplente,RONIVON DE SOUSA FAGUNDES,RONIVON FAGUNDES,M,02/01/1968,Válido,33
33333,178,Eleito,ILZA MENDES ROCHA,IRMÃ ILZA,F,15/05/1963,Válido,33
33123,49,Suplente,REJANE DE JESUS ROCHA,REGI ROCHA,F,10/12/1983,Válido,33
33888,90,Suplente,WIGO BARBOSA DUTRA,WIGO DUTRA,M,17/01/1992,Válido,33
33222,63,Suplente,ALESSANDRA DA FONSECA SANTOS,ALESSANDRA FONSECA,F,24/06/1980,Válido,33
33000,120,Suplente,RODRIGO ROQUE COELHO,RODRIGO ROQUE,M,22/07/1982,Válido,33
33444,23,Suplente,ROBISON NUNES XAVIER,ROBINHO XAVIER,M,19/07/1964,Válido,33
33456,37,Suplente,HELENA VAGMACKER SANTOS,LENA DO SINDICATO,F,28/02/1962,Válido,33
33555,71,Suplente,JUCEMAR DE JESUS MASCARENHAS,JÓ BRASIL,M,10/10/1969,Válido,33
13333,166,Não eleito,SIDICLEY ESTEVES CANTÃO,SIDICLEY CANTÃO,M,06/05/1975,Válido,13
13000,21,Não eleito,LUSENI ALVES SANTOS DE SOUZA,DUXA DE TEVALDÃO,F,15/11/1976,Válido,13
45677,60,Suplente,ILMA BORGES APOLINARIO,MISSIONARIA ILMA,F,13/11/1965,Válido,45
45111,11,Suplente,JOSE LEUZINHO GOMES TRINDADE,ZEZINHO,M,02/04/1969,Válido,45
45602,81,Suplente,HELIO ROCHA SANTOS,FIOTE,M,27/02/1959,Válido,45
45678,329,Eleito,CLAUDIA ROCHA JARDIM COELHO,CLAUDIA ROCHA,F,18/02/1972,Válido,45
45555,60,Suplente,LUCINEY PEREIRA DE SOUZA,NEI DO CACHORRO QUENTE,F,13/06/1974,Válido,45
45000,21,Suplente,TIMOTEO BRAGA DE CARVALHO,TIMOTEO DO HOSPITAL,M,24/01/1962,Válido,45
45444,35,Suplente,ALDO DE OLIVEIRA,ALDO DO TAXI,M,28/09/1960,Válido,45
45456,40,Suplente,ADENILTON CARLOS RODRIGUES DE OLIVEIRA,DANITO,M,08/08/1981,Válido,45
45123,14,Suplente,NEIDE RODRIGUES COSTA SOUZA,NEIDE AGENTE DE SAUDE,F,02/05/1970,Válido,45
10123,19,Suplente,JOSÉ ANTÔNIO DE SOUZA SANTOS,TONINHO DA PIPOCA,M,18/03/1959,Válido,10
10222,210,Eleito,NOEL BARBOSA SANTOS,NOEL DA SAUDE,M,14/06/1974,Válido,10
10456,140,Suplente,JOSÉ MÁRIO CÂNDIDO SOBRINHO,ZÉ MÁRIO,M,23/03/1970,Válido,10
10444,70,Suplente,GABRIEL FERREIRA SELES,GABRIEL DE ITAMIRA,M,15/10/1990,Válido,10
10100,3,Não eleito,DANIELLE CELESTINO GONÇALVES,PROFESSORA DANIELLE,F,15/02/1980,Anulado,10
10111,69,Suplente,GEDALVA PEREIRA DE SOUZA,GEDALVA DA SAÚDE,F,07/07/1968,Válido,10
10777,39,Suplente,CAMILO BATISTA DE SOUZA,TÊ CAMILO,M,07/10/1970,Válido,10
10999,25,Suplente,ADRIANA MOREIRA DA SILVA MENDES,PROFESSORA ADRIANA MOREIRA,F,02/04/1981,Válido,10
10555,37,Suplente,MARIA APARECIDA INACIO FERNANDES,CIDA DE ITAMIRA,F,02/08/1979,Válido,10
10333,8,Suplente,UILSON ALVES BARBOSA,UILSON ALVES BARBOSA,M,04/08/1981,Válido,10
10000,230,Eleito,ROBERTO SANTOS OLIVEIRA,BETÃO,M,07/06/1967,Válido,10
10789,22,Suplente,RONEI DIAS ROCHA,RONEI DA EDUCAÇÃO,M,01/03/1981,Válido,10
15567,19,Não eleito,JAIRO AMORIM FONSECA,JAIRO FONSECA,M,19/03/1987,Válido,15
15789,3,Não eleito,ELUARDES PEREIRA DE ALMEIDA,ELUARDES ALMEIDA,M,14/04/1982,Válido,15
15999,5,Não eleito,NIVALDO VIEIRA ROSA,NIVALDO,M,26/08/1956,Válido,15
15634,8,Não eleito,ELIANA PIRES VAGMACKER,ELIANA,F,29/04/1983,Válido,15
15678,83,Não eleito,MARCIO DE JESUS BATISTA,MARCIO DO ASSENTAMENTO,M,17/07/1968,Válido,15
15666,55,Não eleito,MARCIO GARCIA TIGRE,MÁRCIO GARCIA,M,25/12/1971,Válido,15
15556,7,Não eleito,ALEXANDRO GOMES DOS REIS,DIN FILHO DE DAVI DO BAR,M,26/01/1977,Válido,15
15000,11,Não eleito,CARLOS ROBERTO AKSACKI,CARLÃO,M,12/01/1965,Válido,15
15555,18,Não eleito,MARINALVA PEREIRA CANTÃO,LORA,F,10/09/1963,Válido,15
