numero,votos_nominais,situacao,nome,nome_urna,sexo,data_nasc,destino_voto,numero_partido
30800,278,Não eleito,MAURICIO CORRÊA DA SILVA,MAURICIO CORRÊA,M,26/05/1970,Válido,30
30330,241,Não eleito,LUCAS AUGUSTO DA SILVA DE SOUZA,LUCAS AUGUSTO NOVO,M,19/11/1994,Válido,30
30333,98,Não eleito,PAULO DA SILVA RICARTE,PAULO RICARTE,M,05/05/1963,Válido,30
30003,411,Não eleito,WALKIRIA NEVES DA SILVA,WALKIRIA SILVA,F,20/11/1976,Válido,30
30300,332,Não eleito,VICTORIA ANDRADE PEIXOTO,VICTÓRIA PEIXOTO,F,10/12/1993,Válido,30
30000,704,Não eleito,LÁZARO DA COSTA NETO,LÁZARO NETO,M,23/02/1980,Válido,30
30030,732,Não eleito,RAISSA BERGAMASCHI LOPES,RAISSA LOPES,F,01/12/2001,Válido,30
55121,311,Suplente,RODRIGO HATA,RODRIGO HATA,M,22/08/1981,Válido,55
55666,347,Suplente,MARTA VIEIRA DE SOUZA BONFIM,MARTINHA,F,21/06/1963,Válido,55
55213,274,Suplente,MARISTELA SANCHES LOUREIRO SILVEIRA,MARI SANCHEZ,F,15/12/1983,Válido,55
55855,354,Suplente,CRISTIANE STEFANNY VIDAL VENCESLAU,CRIS STEFANNY,F,26/10/1979,Válido,55
55219,107,Suplente,MARISTELA MARIA BARCELOS,MARISTELA COM O POVO,F,25/03/1960,Válido,55
55001,143,Suplente,GISELLE DOS SANTOS OTTONI,PROFESSORA GISELLE,F,30/10/1967,Válido,55
55123,3861,Eleito,OTÁVIO AUGUSTO TRAD MARTINS,OTÁVIO TRAD,M,22/10/1985,Válido,55
55655,3850,Eleito,VANDERLEI PINHEIRO DE LIMA,DELEI PINHEIRO,M,29/04/1968,Válido,55
55067,793,Suplente,NIKYTHELMS CRISTOFFER GUESSO,NIKY GUESSO,M,13/08/1986,Válido,55
55555,3920,Eleito,VALDIR JOÃO GOMES DE OLIVEIRA,VALDIR GOMES,M,04/03/1953,Válido,55
55444,3750,Eleito,ROBERTO DE AVELAR,BETO AVELAR,M,10/06/1964,Válido,55
55550,59,Suplente,ROBISON MANIERO,MANIERO PELO BEM ESTAR ANIMAL,M,24/02/1969,Válido,55
55500,485,Suplente,THAIS MILLENA ALVES VIEIRA,THAIS MILLENA,F,11/08/1992,Válido,55
55155,2454,Suplente,CARLA CHARBEL STEPHANINI,CARLA STEPHANINI,F,27/10/1964,Válido,55
55202,185,Suplente,NIVALDO GOMES RIBEIRO,NIVALDO CABELEIREIRO,M,10/10/1957,Válido,55
55055,3194,Suplente,AMADEU WAGNER BORGES,AMADEU BORGES,M,11/06/1976,Válido,55
55900,1263,Suplente,SEVERINO CASSIMIRO DA SILVA JUNIOR,CABO CASSIMIRO,M,11/12/1980,Válido,55
55291,63,Suplente,CLEONICE MARIA MUNIZ DE OLIVEIRA,CLÉO MUNIZ,F,19/01/1970,Válido,55
55612,735,Suplente,DEVAIR DOMINGUES PEREIRA,DEVAIR PEREIRA,M,12/08/1982,Válido,55
55241,1476,Suplente,MARCELO RODRIGUES GONÇALVES,MARCELO RODRIGUES,M,22/07/1987,Válido,55
55888,376,Suplente,MARIA DIVA DA SILVA,DIVA E AMIGOS DO BEM,F,18/07/1973,Válido,55
55255,245,Suplente,ANA FLAVIA DOS SANTOS MARTINS,ANA FLAVIA,F,25/04/1995,Válido,55
55321,129,Suplente,CARLOS HENRIQUE BRAGA ESTODUTO,CARLOS ESTODUTO,M,27/12/1982,Válido,55
55743,134,Suplente,MARI SUMILDA VILALBA COENE,MARI VILALBA,F,01/09/1978,Válido,55
55000,1534,Suplente,ODILON DE OLIVEIRA JUNIOR,ODILON DE OLIVEIRA,M,05/07/1984,Válido,55
55222,557,Suplente,JAIME CARDOSO DA CRUZ,JAIMIM PRAJÁ,M,12/12/1968,Válido,55
55678,851,Suplente,HEDERSON FRITZ MORAIS DA SILVEIRA,ENFERMEIRO FRITZ,M,02/06/1975,Válido,55
55677,79,Suplente,ISABEL CRISTINA VARGAS,BELL VARGAS,F,23/11/1959,Válido,55
55153,906,Suplente,HUDSON PEREIRA BONFIM,GM BONFIM,M,30/06/1979,Válido,55
55800,3628,Suplente,FRANCISCO ALMEIDA TELES,CHIQUINHO TELLES,M,03/09/1970,Válido,55
55333,366,Suplente,WILLIAN AUGUSTO GONÇALVES VORMITTAG,GUTO VORMITTAG,M,08/04/1991,Válido,55
55020,122,Suplente,RAPHAEL PEREZ SCAPULATEMPO FILHO,RAPHAEL SCAPULATEMPO,M,16/12/1971,Válido,55
55111,3716,Eleito,ADEMAR VIEIRA JUNIOR,JUNIOR CORINGA,M,04/05/1978,Válido,55
55777,2973,Suplente,MAICON CLEYTHON RODRIGUES NOGUEIRA,MAICON NOGUEIRA,M,15/01/1986,Válido,55
55699,576,Suplente,ROSANA CLAUDIA DELFINO ANUNCIAÇÃO FRANCO,ROSANA ANUNCIAÇÃO,F,19/09/1973,Válido,55
55432,235,Suplente,SINZERLÂNDIO DE OLIVEIRA,SINZERLÂNDIO,M,15/02/1956,Válido,55
55700,6202,Eleito,TIAGO HENRIQUE VARGAS,TIAGO VARGAS,M,22/07/1988,Válido,55
55556,137,Suplente,ANDRÉ DANIEL CAMARGO,ANDREZINHO DA COMUNIDADE,M,24/12/1980,Válido,55
55101,1257,Suplente,JEANCARLOS FREITAS DE OLIVEIRA,JEAN POTÊNCIA,M,10/02/1980,Válido,55
55567,104,Suplente,ROMERO BASTOS QUIRINO,ROMERO BASTOS,M,28/12/1964,Válido,55
55251,39,Suplente,MARIA TERESA BARROS LIMA,MARIA TERESA,F,12/11/1961,Válido,55
55196,126,Suplente,JOÃO FOGAÇA DA ROSA,JOÃOZINHO DA MARGARIDA,M,27/07/1956,Válido,55
55200,514,Suplente,ANTONIO DE JESUS CHARUPÁ MÂNCIO,PR CHARUPÁ DO POVO,M,21/02/1968,Válido,55
55999,93,Suplente,ANTONIO CARLOS DOS SANTOS BUENO,ANTONIO BUENO,M,18/07/1971,Válido,55
17001,768,Suplente,JULIANA APARECIDA FLEURY ARANDA,JULIANA ARANDA,F,01/03/1974,Válido,17
17007,705,Suplente,CARLOS SILVA BORGES,CARLOS BORGES,M,22/06/1970,Válido,17
17321,45,Suplente,ISRAEL CORRÊA,ISRAEL CORRÊA,M,21/11/1974,Válido,17
17777,744,Suplente,JULIANA GAIOSO PONTES,JULIANA GAIOSO,F,15/05/1973,Válido,17
17222,562,Suplente,ELIEZER MELO CARVALHO,ELIEZER JACARÉ,M,25/01/1951,Válido,17
17255,101,Suplente,SAMUEL DA SILVA ANASTÁCIO,SAMUEL SAMUKA,M,19/10/1957,Válido,17
17177,81,Suplente,ESTHER RICALDES VITAL COELHO,ESTHER VITAL,F,11/02/1988,Válido,17
17237,381,Suplente,CARLOS OSMAR TRAPP,CARLOS TRAPP,M,06/10/1955,Válido,17
17555,281,Suplente,EVER VIDAL DOS SANTOS,EVER VIDAL,M,05/11/1989,Válido,17
17188,154,Suplente,ANA PAULA FENELON MORAES,ANA PAULA FENELON,F,21/12/1976,Válido,17
17767,34,Suplente,GLAUCO AURÉLIO MORIMATSU DO NASCIMENTO,GLAUCO AURÉLIO,M,29/06/1977,Válido,17
17800,244,Suplente,FERNANDA NASCIMENTO LIMA,FERNANDA LIMA,F,11/08/1975,Válido,17
17111,330,Suplente,AMARILDO CABRAL,DEFENSOR CABRAL,M,02/10/1967,Válido,17
17000,684,Suplente,CIRO NOGUEIRA FIDELIS,CIRO FIDELIS,M,06/02/1983,Válido,17
17888,373,Suplente,EDNILSON MARTINS CARRAPATEIRA,NEIL BRASIL,M,07/09/1969,Válido,17
17123,841,Suplente,LUCAS DOS SANTOS SERAFIM,LUCAS SANTOS,M,07/02/1998,Válido,17
17190,1954,Eleito,ALIRIO VILLASANTI ROMERO,CORONEL ALIRIO VILLASANTI,M,12/09/1966,Válido,17
17040,145,Suplente,RUTE TORRES POQUIVIQUI BONDARCZUK,RUTE POQUIVIQUI,F,12/09/1970,Válido,17
17100,219,Suplente,MAURICIO CELESTINO DE OLIVEIRA,MAURÍCIO CELESTINO,M,23/10/1985,Válido,17
17017,288,Suplente,LUIS GUSTAVO EIFLER FERREIRA,GUSTAVO EIFLER,M,23/05/1990,Válido,17
17020,395,Suplente,FÁBIO LEMES CORREIA,SARGENTO LEMES,M,31/07/1978,Válido,17
17789,164,Suplente,FÉLIX IRLANDO GONÇALVES,FÉLIX IRLANDO,M,20/11/1975,Válido,17
17500,200,Suplente,ISA MARIA MIRANDA RAMÃO FRANÇA,ISA MARIA,F,04/03/1983,Válido,17
17999,281,Suplente,KAREN MANICA AMARAL DUARTE,KAREN MANICA,F,02/03/1973,Válido,17
17417,189,Suplente,SOLANITA MARIA ANDREANI,SOL ANDREANI,F,10/07/1966,Válido,17
17700,591,Suplente,MARCOS ROCHA MARTINS DA SILVA,MARCOS SILVA,M,17/01/1986,Válido,17
17070,305,Suplente,DOUGLAS WELKER DUARTE DE SOUZA,DOUGLAS DUARTE,M,20/08/1986,Válido,17
17339,370,Suplente,IONALDO JOSÉ ARCE,CAPITÃO ARCE,M,26/05/1946,Válido,17
17091,337,Suplente,JOÃO DA CRUZ OLIVEIRA DA SILVA,TENENTE JOÃO SILVA,M,30/03/1969,Válido,17
17175,142,Suplente,GERSON NASCIMENTO DE SOUZA,SUBOFICIAL GERSON,M,27/05/1972,Válido,17
17357,215,Suplente,KLEBER DA CRUZ PEIXOTO,KLEBER COWBOY,M,15/07/1980,Válido,17
17312,196,Suplente,JANINE MARQUES LEOCÁDIO,JANINE LEOCÁDIO,F,29/11/1970,Válido,17
17077,94,Suplente,CLEMENTINO FERREIRA BRITES FILHO,CLEMENTINO BRITES,M,05/10/1953,Válido,17
17193,706,Suplente,LUÍS ALBERTO MOTA,SUBTENENTE MOTA,M,30/01/1968,Válido,17
17201,243,Suplente,EZEQUIEL CONCEIÇÃO CENTURION,EZEQUIEL CENTURION,M,22/10/1970,Válido,17
17067,57,Suplente,ANA PAULA TINOCO SANTIAGO,ANA SANTIAGO,F,20/06/1975,Válido,17
20130,51,Não eleito,JOSÉ EDUARDO DA SILVA,EDUARDO PIPOCA,M,13/07/1975,Válido,20
20600,95,Não eleito,LUCAS OLMO ORTIZ,LUKINHAS OLMO,M,03/10/1950,Válido,20
20157,32,Não eleito,LAUDINEIA ALVES,NENÉ,F,31/08/1985,Válido,20
20099,129,Não eleito,ANA PAULA DE SOUZA MEAURIO MACIEL,ANA MEAURIO,F,02/01/1979,Válido,20
20215,452,Não eleito,GISLAINE ROSALINA BRANDÃO BARBOZA,GISLAINE BRANDÃO,F,10/07/1982,Válido,20
20123,303,Não eleito,ANTONIO WILSON FERREIRA,ANTONIO ARAMONI,M,27/02/1980,Válido,20
20320,39,Não eleito,PATRICIA CARVALHO ESPINDOLA,PATTY CARVALHO,F,11/02/1975,Válido,20
20000,122,Não eleito,FABIO BARBOSA PINTO,FABIO PINTO ,M,01/08/1980,Válido,20
20100,118,Não eleito,MARCOS ANDRE RIBEIRO DE OLIVEIRA,MARCOS ANDRE,M,27/12/1992,Válido,20
20059,564,Não eleito,ALEXANDRE MENEZES DOS SANTOS,XANDÃO PROTETOR DOS ANIMAIS,M,10/10/1982,Válido,20
20236,198,Não eleito,FLÁVIA SOUZA DA SILVA,SARGENTO FLÁVIA,F,12/05/1976,Válido,20
20110,73,Não eleito,ELIZEU RIBEIRO DA SILVA,ELIZEU RIBEIRO,M,16/11/1984,Válido,20
20777,114,Não eleito,ROSA FLORIANO,ROSA FLORIANO,F,01/10/1977,Válido,20
20191,246,Não eleito,FÁBIO ROBERTO SODRÉ,INSPETOR SODRÉ,M,16/10/1971,Válido,20
20007,477,Não eleito,LUCIANO ARRUDA DA SILVA,PR LUCIANO,M,18/10/1976,Válido,20
20020,456,Não eleito,BRUNO ORTIZ BARBOSA,BRUNO ORTIZ,M,20/01/1988,Válido,20
20920,51,Não eleito,WESLEN RODRIGUES BRITO,WESLEN BRITO,M,01/04/1979,Válido,20
20002,5,Não eleito,ANA PAULA MARTINS BRITEZ,PAULA BRITEZ,F,10/08/1972,Válido,20
20200,392,Não eleito,ROBERTO SANTOS DURÃES,DURÃES,M,31/07/1958,Válido,20
20313,32,Não eleito,FERNANDA MAGALHÃES DA SILVA,NANDA MAGALHÃES,F,24/08/1988,Válido,20
20222,18,Não eleito,AIDE DE MORAES,AYDE,F,30/07/1953,Válido,20
20888,580,Não eleito,LUIZ ANTONIO CURCI,LUIZ CURCI,M,03/11/1962,Válido,20
20789,162,Não eleito,REGINALDO DE OLIVEIRA FERRERIA,PASTOR REGINALDO FERREIRA,M,06/06/1971,Válido,20
20012,18,Não eleito,OSVALDO BAPTISTA NETO,OSWALDO NETO,M,11/12/1984,Válido,20
20800,252,Não eleito,JOSAFÁ ANTONIO QUEIROZ,JOSAFÁ COQUINHO,M,04/10/1977,Válido,20
20720,56,Não eleito,EDSON DOS SANTOS FIDELIS,EDSON FIDELIS,M,22/06/1965,Válido,20
20001,114,Não eleito,JOSÉ EDUARDO ROSA MORAES,ZEDU,M,09/04/1969,Válido,20
25456,27,Suplente,KELLY PATRICIA JARA DOS SANTOS DANTAS,PATRICIA JARA,F,06/09/1980,Válido,25
25120,47,Suplente,ULISSES DE OLIVEIRA PINTO,ULISSES OLIVEIRA,M,01/07/1975,Válido,25
25789,598,Suplente,GLEIBE ROSA MÁXIMO,MAXIMO BRASIL,M,10/11/1966,Válido,25
25345,87,Suplente,WASHINGTON SANT ANA DA ROCHA,WASHINGTON,M,16/01/1987,Válido,25
25700,157,Suplente,KATIUSICIA CAMPOS DUTRA GOMES,KATIUSCIA CAMPOS,F,29/12/1976,Válido,25
25800,4117,Eleito,SILVIO EDUARDO ALVES PENA,SILVIO PITU,M,21/03/1984,Válido,25
25123,428,Suplente,THIAGO MONACO MARQUES,TENENTE MONACO,M,30/10/1979,Válido,25
25200,69,Suplente,RAQUEL CORREIA DA SILVA,KEL CORREIA,F,07/03/1980,Válido,25
25221,51,Suplente,MARCIO LUIZ DE CARVALHO,MARCIO CARVALHO,M,22/01/1976,Válido,25
25500,206,Suplente,JOSIAS DE SOUZA,BALA DE PRATA,M,09/06/1977,Válido,25
25000,2789,Suplente,JOSÉ EDUARDO CURY,DR CURY,M,19/03/1949,Válido,25
25777,271,Suplente,ELIZETE OLIVEIRA DOS SANTOS DA SILVA,ELIZETE DO AERO RANCHO,F,20/05/1975,Válido,25
25999,1278,Suplente,CELSO LUIZ DE PAULO,CELSINHO LANCHES,M,28/10/1981,Válido,25
25190,1932,Suplente,EDILAINE MANSUETO ALVES,SUBTENENTE EDILAINE,F,17/11/1978,Válido,25
25125,78,Suplente,JACQUELINE QUEIROZ DE OLIVEIRA,JACQUE QUEIROZ,F,28/04/1985,Válido,25
25222,939,Suplente,GALDINO DE QUEIROZ PINTO,ENFERMEIRO GALDINO,M,19/08/1979,Válido,25
25555,2537,Suplente,FERNANDO LUIZ CLAUDINO DE OLIVEIRA JUNIOR,FERNANDINHO,M,05/09/1991,Válido,25
25001,1113,Suplente,SALAH MOHAMAD HASAN,SALAH HASAN,M,26/02/1968,Válido,25
25100,3987,Eleito,RIVERTON FRANCISCO DE SOUZA,PROFESSOR RIVERTON,M,10/12/1979,Válido,25
25025,1139,Suplente,MARCIA REGINA GUTIERREZ SALDANHA,MARCIA SALDANHA,F,29/05/1975,Válido,25
25333,153,Suplente,LUIZ FÉLIX,LUIZ FÉLIX,M,07/09/1963,Válido,25
25444,1175,Suplente,JULIO CESAR VERA GONÇALVES,JULIO PRESIDENTE,M,02/06/1976,Válido,25
25155,31,Suplente,ROSEMERI BARCELOS,ROSE,F,09/08/1959,Válido,25
25600,420,Suplente,FRANK ROSSATTE DA CUNHA BARBOSA,FRANK DA BANCADA CIDADÃ,M,13/12/1986,Válido,25
25725,82,Suplente,ADENILDO LIMA DOS SANTOS,EDI MICORELLI,M,09/09/1974,Válido,25
25010,182,Suplente,MARINALVA APARECIDA DE SOUZA PEREIRA,MARINALVA NOTA DEZ,F,04/04/1960,Válido,25
25334,182,Suplente,NILSON MARTINS DE SOUZA,NILSON GRACHAIN,M,24/01/1974,Válido,25
25111,525,Suplente,GIOVANA DARIO SBARAINI,GIOVANA SBARAINI,F,19/10/1970,Válido,25
25234,100,Suplente,JOAO ANTONIO DA SILVA CRUZ,FUMAÇA,M,08/07/1960,Válido,25
23777,59,Não eleito,LUIZ ANSELMO DUARTE,CAMPEÃO,M,15/09/1960,Válido,23
23456,757,Não eleito,FRED ALEXANDRE DOS SANTOS SILVA,FRED,M,23/04/1982,Válido,23
23123,293,Não eleito,SILVANA DIAS DE SOUZA DE ALBUQUERQUE,SILVANA TERENA,F,31/07/1975,Válido,23
23222,110,Não eleito,MARIO SERGIO MEDEIROS ROJAS,MARIO MEDEIROS,M,10/03/1978,Válido,23
23153,86,Não eleito,FRANCISCO DE ASSIS DIAS,CHICO DO FRANGO,M,20/07/1983,Válido,23
23050,201,Não eleito,MARCIO LEITE FERNANDES,MANO XIS,M,15/09/1970,Válido,23
23231,19,Não eleito,CARLA LISIANE CANTON,CARLA CANTON,F,06/10/1965,Válido,23
23614,130,Não eleito,JOANITA RODRIGUES DA ROSA,PROFESSORA JOANITA,F,24/06/1961,Válido,23
23005,18,Não eleito,NELLO KATSUMATA FONSECA,NELLO KATSUMATA,M,21/06/1978,Válido,23
23623,84,Não eleito,JOSÉ BARBOSA DE MOURA,BARBOSA,M,30/06/1953,Válido,23
15600,585,Suplente,FERNANDO CESAR BAIA RODRIGUES,FERNANDO RODRIGUES,M,05/08/1960,Válido,15
15456,1410,Suplente,ELIZEU DIONIZIO SOUZA DA SILVA,ELIZEU DIONIZIO,M,24/01/1982,Válido,15
15111,1782,Suplente,DHARLENG CAMPOS DE OLIVEIRA,DHARLENG CAMPOS,F,07/06/1972,Válido,15
15015,1627,Suplente,MICHELA MARGARIDA DA SILVA DUTRA,MICHELLA DUTRA,F,24/03/1973,Válido,15
15198,26,Suplente,ANDRÉ DANTAS PEREIRA,ANDRE DANTAS,M,04/05/1980,Válido,15
15123,1539,Suplente,GILMAR RIBEIRO DA SILVA,MAZINHO,M,26/05/1976,Válido,15
15615,56,Suplente,CARLOS FERNANDO PEREIRA DE CAMILLO,TITO DE CAMILLO,M,15/06/1968,Válido,15
15100,625,Suplente,VIVIAN MARIA PEDRA,VIVIAN PEDRA,F,15/01/1985,Válido,15
15551,302,Suplente,JULIO CESAR KOMIYAMA,CORONEL JULIO KOMYAMA,M,30/06/1957,Válido,15
15151,123,Suplente,RITVA CECILIA DE QUEIROZ GARCIA VIEIRA,RITVA VIEIRA,F,28/01/1969,Válido,15
15222,469,Suplente,ERONILDO PEREIRA DA SILVA,ERONILDO,M,14/01/1975,Válido,15
15252,17,Suplente,ADEILSON DA SILVA CRUZ,ADEILSON CRUZ,M,03/11/1977,Válido,15
15215,803,Suplente,ANDERSON SOARES MUNIZ,PROFESSOR ANDERSON,M,27/01/1976,Válido,15
15333,1740,Suplente,MARIA JOSE MARTINS MALDONADO,DRA MARIA JOSE,F,13/10/1964,Válido,15
15900,1163,Suplente,RENATO DA SILVEIRA GOMES,RENATO GOMES,M,18/10/1959,Válido,15
15444,323,Suplente,SILMARA CHER TRINDADE FELIX MATIAZO,SILMARA FELIX,F,17/04/1971,Válido,15
15678,3369,Eleito,JAMAL MOHAMED SALEM,DR JAMAL,M,06/08/1958,Válido,15
15000,1679,Suplente,WILSON SAMI SAAUMA IBRAHIM,DR WILSON SAMI,M,31/07/1953,Válido,15
15157,1153,Suplente,PAULO RIOS JUNIOR,PAULO RIOS,M,26/04/1973,Válido,15
15150,100,Suplente,MARCIO JAMIL HADDAD YACHOUH,MARCIO JAMIL,M,01/03/1976,Válido,15
15155,277,Suplente,ONISIA DA PENHA LOUBET BELMONTE COSTA,PROF ONISIA LOUBET,F,11/08/1968,Válido,15
15180,129,Suplente,ROSIMEIRE BENTO,MEIRE BENTO,F,27/06/1971,Válido,15
15999,563,Suplente,WILSON JOÃO BITTENCOURT BELLINCANTA,DR WILSON BELLINCANTA,M,24/06/1980,Válido,15
15555,2861,Eleito,LOESTER NUNES DE OLIVEIRA,DR LOESTER,M,17/04/1947,Válido,15
15246,314,Suplente,WALDEMIR MONTEIRO FERREIRA,ENFERMEIRO MONTEIRO,M,24/01/1976,Válido,15
15611,594,Suplente,VALDINIR NOBRE DE OLIVEIRA,VALDINIR NOBRE,M,08/10/1969,Válido,15
15051,246,Suplente,LUIZ DAVID FIGUEIRÓ,COMANDANTE DAVID FIGUEIRÓ,M,25/01/1952,Válido,15
15566,132,Suplente,ELIENE RODRIGUES DE SOUZA,ELIENE SOUZA,F,07/12/1967,Válido,15
15193,340,Suplente,ALEXSSANDER DOS SANTOS TRINDADE,T CORONEL TRINDADE,M,12/01/1980,Válido,15
15789,643,Suplente,ELZIO MOREIRA DA SILVA,FILHO DO PADRE,M,16/11/1963,Válido,15
15500,133,Suplente,WALDENY BARBOZA,BARBA DO RANCHO,M,18/09/1962,Válido,15
15565,201,Suplente,CEILA OKIMI ARAKAKI,CEILA ARAKAKI,F,01/05/1965,Válido,15
15233,591,Suplente,ADINEY DE MOURA MATOS,ADINEY MATOS,F,06/02/1959,Válido,15
15005,78,Suplente,JOSIANE BRANDINI,JOSI BRANDINI,F,05/08/1977,Válido,15
15801,67,Suplente,SHIRLEY PAULA E SILVA,PROFª SHIRLEY PAULLA,F,14/10/1970,Válido,15
15715,494,Suplente,MAGALI MARLON PICARELLI,MAGALI PICARELLI,F,16/02/1952,Válido,15
15777,360,Suplente,LUIS CELSO DA SILVA,LUIS CELSO,M,07/10/1971,Válido,15
15890,191,Suplente,NEIDE PEREIRA DE OLIVEIRA,NEYDE OLIVER,F,01/08/1968,Válido,15
15200,682,Suplente,JOSÉ FERREIRA ROCHA NETO,ZÉ DO ANACHE,M,07/05/1958,Válido,15
15888,874,Suplente,MARCIO VINÍCIUS DOS SANTOS SOARES,MARCIO PODOLSK,M,27/08/1986,Válido,15
15987,54,Suplente,CARLOS EDUARDO BRANDÃO CUBEL,CARLOS CUBEL,M,16/11/1966,Válido,15
15190,614,Suplente,JOSÉ IVAN DE ALMEIDA,CORONEL IVAN,M,10/04/1955,Válido,15
15022,135,Suplente,ANA PAULA PINTON,ANA PAULA PINTON,F,02/06/1987,Válido,15
70700,713,Não eleito,JOÃO PAULO MENDONÇA DE ARRUDA,JOÃO PAULO JP,M,29/06/1963,Válido,70
70199,49,Não eleito,RONI APARECIDO MARQUES TORRES,RONI TORRES,M,21/04/1987,Válido,70
70707,50,Não eleito,WANDERLEIA FERREIRA SILVA CANHETE DOS SANTOS,WANDERLEIA FERREIRA ,F,06/04/1969,Válido,70
70027,152,Não eleito,CLAUDINO ALVES DOS SANTOS,TITÃO VEREADOR DO POVÃO ,M,02/02/1973,Válido,70
70321,68,Não eleito,NEY NUNES DA SILVA,NEY NUNES -VOLUNTÁRIO DA SAÚDE,M,27/11/1967,Válido,70
70022,46,Não eleito,WILMA ORTIZ PEREIRA DO NASCIMENTO,WILMA DA ENFERMAGEM,F,10/12/1960,Válido,70
70077,75,Não eleito,PEDRO LUIZ DE AZEVEDO FILHO,PROFESSOR PEDRO LUIZ,M,05/12/1968,Válido,70
70000,1027,Não eleito,SERGIO FERNANDO HARFOUCHE FILHO,HARFOUCHE FILHO,M,17/12/1998,Válido,70
70007,300,Não eleito,CARLOS HENRIQUE DOS SANTOS JUSTINO,CARLINHOS SENADOR,M,06/10/1995,Válido,70
70444,76,Não eleito,CARLOS ROBERTO FERREIRA DE ALENCAR,BETO AZEVEDO,M,05/12/1962,Válido,70
70789,97,Não eleito,JOSIÊ LIMA PERES,PROFESSORA JOSIÊ,F,09/08/1978,Válido,70
70500,43,Não eleito,JOSÉ ANDRADE DE MORAIS,ANDRADE,M,25/02/1943,Válido,70
70190,35,Não eleito,AMARILDO SANTANA DELMONDES,AMARILDO SANTANA DELMONDES,M,30/07/1962,Anulado sub judice,70
70123,288,Não eleito,DEISE SANTIAGO GOMES DE CARVALHO,BISPA DEISE ,F,29/05/1983,Válido,70
70800,10,Não eleito,LEONISE PEREIRA DE ARAUJO,NICE PEREIRA,F,06/08/1954,Válido,70
70111,5,Não eleito,MARILZA DE SOUZA NASCIMENTO,MARILZA,F,13/02/1990,Válido,70
70555,106,Não eleito,LUIS ANTONIO CERVONE,LUIS CERVONE,M,10/05/1968,Válido,70
70777,133,Não eleito,LUIZ CARLOS ZAPAROLLI,ZAPAROLLI LUIZ CARLOS,M,12/09/1956,Válido,70
70333,78,Não eleito,JOÃO GOMES DA SILVA,JOÃO GOMES,M,03/06/1957,Válido,70
70090,290,Não eleito,GLEISON SILVA DE ABREU,GLEISON MAMUT,M,09/03/1980,Válido,70
70038,359,Não eleito,EDMILSON DE OLIVEIRA FRANÇA,FRANÇA,M,11/12/1960,Válido,70
70211,6,Não eleito,DIONIZIO JOAO NERY,DIONIZIO NERY ROMARINHO,M,11/11/1966,Anulado sub judice,70
70070,1306,Não eleito,JEREMIAS FLÔRES DOS SANTOS,PASTOR JEREMIAS FLORES,M,28/09/1969,Válido,70
70222,172,Não eleito,DENISE CRISTINA ALVES DOS SANTOS,DENISE DOS SANTOS,F,22/02/1989,Válido,70
70121,57,Não eleito,LUIS CARLOS RODRIGUES RAMIRES,LUIS CARLOS,M,13/03/1956,Válido,70
70011,51,Não eleito,JOÃO MARCOS TAVARES FERREIRA,PROFESSOR TAVARES,M,09/03/1968,Válido,70
70001,66,Não eleito,CONCEIÇÃO DE MARIA MUNIZ,CONCEIÇÃO MUNIZ,F,08/11/1963,Válido,70
70999,1451,Não eleito,BETANIA KELLY RODRIGUES DA SILVA,SARGENTO BETÂNIA,F,20/07/1979,Válido,70
70003,128,Não eleito,NELSON MANDÚ DA SILVA,MANDÚ,M,24/03/1958,Válido,70
70543,36,Não eleito,RUBIA MARA SILVA DE OLIVEIRA,RUBIA MARA,F,03/01/1973,Válido,70
70002,30,Não eleito,DALQUIRIA FERREIRA DE ALMEIDA,VOLUNTÁRIA DALQUIRIA,F,25/03/1963,Válido,70
40222,184,Suplente,SUMAIRA PEREIRA ALVES ABRAHÃO,ENFERMEIRA SUMAIRA,F,25/08/1973,Válido,40
40000,520,Suplente,JOÃO WAGNER CRUZ,JOÃO WAGNER,M,23/10/1963,Válido,40
40200,158,Suplente,JANNILDE DA SILVA BORGES,JANE BORGES,F,25/10/1972,Válido,40
40033,93,Suplente,JEANE FREITAS DE JESUS,JEANE FREITAS,F,17/06/1991,Válido,40
40055,83,Suplente,HENRIQUE SOARES DE CASTRO REZENDE,HENRIQUE REZENDE,M,27/06/1977,Válido,40
40255,72,Suplente,TANIA AUXILIADORA GABRIEL CAPATO DE OLIVEIRA,TANIA GABRIEL,F,19/11/1973,Válido,40
40100,1498,Suplente,GIANCARLO CORRÊA MIRANDA,GIANCARLO MIRANDA,M,09/11/1980,Válido,40
40888,75,Suplente,EDINALDO RIBEIRO DE LIMA,EDINALDO RIBEIRO,M,15/04/1969,Válido,40
40555,128,Suplente,CLEIDE MARTINS,CLEIDE MARTINS,F,19/11/1966,Válido,40
40620,33,Suplente,RONILDO DE OLIVEIRA QUEIROZ,RONILDO QUEIROZ,M,20/12/1973,Válido,40
40666,32,Suplente,JOSÉ CARLOS ROLIM,POETA DJANDRE,M,28/01/1965,Válido,40
40444,170,Suplente,JOSIMAR ANTÕNIO BARBOSA DE MELO,J.B JOSIMAR BARBOSA,M,06/06/1967,Válido,40
40789,82,Suplente,MARIA AUXILIADORA BARBOSA EXEVERRIA DE SOUZA,DORA EXEVERRIA,F,31/10/1965,Válido,40
40345,30,Suplente,ESTELA CÁCERES FRANCO,ESTELA C. FRANCO,F,15/12/1972,Válido,40
40190,825,Suplente,PAULO ROGÉRIO DE CARVALHO SILVA,CORONEL ROGÉRIO,M,08/02/1968,Válido,40
40300,148,Suplente,FERNANDA PAIXÃO OLIVEIRA,FERNANDA PAIXÃO,F,17/10/1981,Válido,40
40999,237,Suplente,VILMA RODRIGUES PEREIRA PRATES,VILMA PRATES,F,03/11/1969,Válido,40
40432,47,Suplente,LUIZ ANTÔNIO DE SOUZA OJEDA,OJEDA,M,02/04/1962,Válido,40
40678,693,Suplente,CÉSAR AUGUSTO NICOLATTI,DR CÉSAR NICOLATTI,M,07/03/1970,Válido,40
40777,4223,Suplente,FRANCISCO GONÇALVES DE CARVALHO,VETERINÁRIO FRANCISCO,M,15/08/1954,Válido,40
40020,47,Suplente,FERNANDO JOSÉ OLIVEIRA DE MORAES CARDOSO,FERNANDO CARDOSO,M,20/04/1957,Válido,40
40040,303,Suplente,JAIME BRITO LENCINA,JAIME LENCINA,M,31/03/1970,Válido,40
40111,447,Suplente,JOCELI APARECIDA DUARTE JARA,JOCELI JARA,F,09/10/1974,Válido,40
40333,722,Suplente,MARIA ANTÔNIA RODRIGUES,MARIA ANTÔNIA,F,13/06/1953,Válido,40
40178,58,Suplente,ROBERTO CARLOS CEZAR LEAL,BIGODE SEGURANÇA,M,12/03/1966,Válido,40
40123,938,Suplente,MARLON TONY BRANDT,MARLON BRANDT,M,13/12/1967,Válido,40
40567,251,Suplente,SELMA DA CONCEIÇÃO PRADO,SELMA PRADO,F,21/06/1973,Válido,40
40122,4836,Eleito,CARLOS AUGUSTO BORGES,CARLÃO COMUNITÁRIO MESMO,M,02/04/1965,Válido,40
14200,78,Suplente,LEILA ALVES BATISTA,LELILA LIDER DO POVO,F,19/09/1977,Válido,14
14753,155,Suplente,RENATO SOUZA DE ABREU,RENATO ABREU,M,06/09/1976,Válido,14
14775,2,Suplente,ISABEL CRISTINA JORGINO ELIAS,ISABEL JORGINO,F,03/08/1975,Válido,14
14234,92,Suplente,FRANCISCO LUZIMAR DA ROCHA,LUZIMAR O POETA,M,18/02/1947,Válido,14
14614,1064,Suplente,VALDIR CUSTODIO DA SILVA,VALDIR CUSTODIO,M,01/05/1978,Válido,14
14777,584,Suplente,ADALTRO ALBINELI PINTO,ALBINELI,M,01/06/1964,Válido,14
14135,94,Suplente,TELMA FRANCISCA DE OLIVEIRA,TELMA DE OLIVEIRA,F,13/07/1972,Válido,14
14191,247,Suplente,JOSIAS JORDÃO RAMIRES,CACIQUE JOSIAS,M,16/07/1987,Válido,14
14789,235,Suplente,IGOR JOSÉ DIAS FERREIRA COSTA,IGOR DIAS,M,04/11/1981,Válido,14
14321,215,Suplente,LETICIA TOCANTINS LOBO ARATANI DE ALMEIDA,LETÍCIA ARATANI,F,25/05/1981,Válido,14
14333,279,Suplente,SAMUEL FERREIRA DE SOUZA,PROF DE LIBRAS SAMUEL SURDO,M,03/02/1973,Válido,14
14017,132,Suplente,ODILON MASSAHITSI NACASATO,ODILON NAKASATO,M,26/06/1956,Válido,14
14500,140,Suplente,MARIA DE FATIMA CARDOSO,IRMA FATIMA,F,25/01/1966,Válido,14
14050,143,Suplente,MANOEL DO CARMO VITÓRIO,MANOEL VITORIO,M,07/12/1956,Válido,14
14123,814,Suplente,BRUNA LOPES ALVES,BRUNA LOPES,F,06/11/1987,Válido,14
14000,776,Suplente,DHEINE FERREIRA MARTINS ARRUDA,DHEINIFER MARTINS,F,16/06/1987,Válido,14
14444,2431,Suplente,OTÁVIO GOMES FIGUEIRÓ,OTÁVIO FIGUEIRÓ,M,29/08/1981,Válido,14
14514,56,Suplente,ALMIR MACHADO GUIMARÃES,ALMIR GUIMARÃES,M,01/09/1974,Válido,14
14345,407,Suplente,HIPOLITO DOS SANTOS VELASQUES FILHO,CHARA VELASQUES,M,08/02/1971,Válido,14
14800,1798,Suplente,JOAO MARCELO PEREIRA,JOAO MARCELO ,M,14/05/1973,Válido,14
14014,158,Suplente,GLEOMAR HAGAMENON MACHADO DE ALMEIDA,MAZINHO DO CARVÃO,M,06/02/1978,Válido,14
14114,133,Suplente,ROBERTO CHAADI SCAFF,PROF ROBERTO SCAFF,M,18/05/1957,Válido,14
14907,159,Suplente,KLEYTON RIBEIRO DE SOUZA,KLEYTON VIGILANTE,M,24/12/1981,Válido,14
14555,3653,Eleito,WILLIAM MAKSOUD NETO,WILLIAM MAKSOUD,M,09/12/1990,Válido,14
14166,233,Suplente,CLAUNICE MARIA DORNELES,PROFESSORA CLAUNICE DORNELES,F,16/04/1961,Válido,14
14250,84,Suplente,SEBASTIÃO LUCIMAR DA COSTA,SEBASTIÃO GVT,M,17/03/1966,Válido,14
14556,248,Suplente,HENRIQUE PAIS DA SILVA,CHIRU SILVA,M,24/01/1962,Válido,14
14111,546,Suplente,DELVANI BALBUENA SOBREIRA,TUTY,M,04/03/1982,Válido,14
14677,118,Suplente,ZORAIDE ANTONIO DE SOUZA SILVA,PROFESSORA ZORAIDE,F,29/01/1966,Válido,14
14357,384,Suplente,EDUARDO CARVALHO DE ALMEIDA,PROFESSOR EDUARDO CARVALHO,M,12/06/1970,Válido,14
14120,188,Suplente,JOAO FERNANDO CONCEICAO DE OLIVEIRA,FERNANDO IRMAOZINHO,M,15/11/1972,Válido,14
14140,206,Suplente,CESAR RODRIGUES DA ROCHA,CESAR ROCHA,M,28/05/1959,Válido,14
14592,105,Suplente,FELIX PONCE OJEDA,FELIX GUERREIRO,M,23/02/1965,Válido,14
14456,296,Suplente,SAMUEL DOS SANTOS,SAMUCA CABELEIREIRO,M,31/12/1981,Válido,14
14525,465,Suplente,NILSON LOPES FRANCA,NILSON LOPES,M,15/08/1984,Válido,14
14173,18,Suplente,JUCIMARA DE AGUIAR SARDINHA,JUCI SARDINHA,F,02/07/1967,Válido,14
14888,225,Suplente,MARCELO DE OLIVEIRA ADÃO,MARCELINHO,M,03/09/1958,Válido,14
14020,533,Suplente,DEVANIR FERREIRA DE OLIVEIRA,DEVANIR FERREIRA,M,11/04/1968,Válido,14
14001,755,Suplente,AGNALDO RUIZ,AGNALDO RUIZ,M,03/01/1969,Válido,14
14566,66,Suplente,ALCIRA DIONE BUCKER,ALCIRA BUCKER,F,12/03/1961,Válido,14
14190,243,Suplente,ANITA FERREIRA CAPUTTI,CABO ANITA,F,16/12/1963,Válido,14
14355,268,Suplente,RITA CASSIA RIBEIRO,RITINHA CASSIA,F,30/01/1965,Válido,14
14520,50,Suplente,ERMELINDA RODRIGUES,ERMELINDA RODRIGUES,F,01/03/1970,Válido,14
50000,104,Não eleito,DANIEL MEDEIROS IFRAN,DAN,M,17/03/1981,Válido,50
50180,1543,Não eleito,AGNES CRISTINE DUAILIBI VIANA,AGNES VIANA,F,12/12/1997,Válido,50
50044,20,Não eleito,ALTINO MENDES DA COSTA SOBRINHO,ALTINO MENDES,M,16/11/1947,Válido,50
50700,102,Não eleito,LUIZ JOAO DA CUNHA,LUIZ DA PAX,M,07/04/1971,Válido,50
50123,44,Não eleito,EZEQUIEL ARCE DE OLIVEIRA,ARCE,M,07/05/1987,Válido,50
43222,70,Não eleito,WASHINGTON LUIZ VERA CELESTINO,WASHINGTON LUIZ,M,08/12/1962,Válido,43
43043,793,Não eleito,ORDÁLIA ALVES DE ALMEIDA,PROFESSORA ORDÁLIA,F,09/11/1962,Válido,43
43200,116,Não eleito,FRANCISCO SERGIO MARQUES DE OLIVEIRA,PROFESSOR SERGIO,M,21/05/1968,Válido,43
43007,25,Não eleito,WILSON LEITE DE OLIVEIRA,WILSON OLIVEIRA,M,07/05/1985,Válido,43
43430,54,Não eleito,CLEUZA ANTONIA ANCELMO,CLEUZINHA,F,12/12/1967,Válido,43
43433,125,Não eleito,ROBERTO VIEIRA LIMA,BETO VIEIRA,M,10/03/1977,Válido,43
43500,83,Não eleito,VALTER VICENTE DA SILVA FILHO,VALTER DO GÁS,M,02/07/1982,Válido,43
43000,6,Não eleito,LUIZ AUGUSTO DA SILVA POMPEO,TCHÊ TCHÊ TCHÊ,M,12/12/1970,Válido,43
43321,381,Não eleito,EDMUNDO DA LUZ RAMOS,EDMUNDO RAMOS (BIGA),M,06/03/1971,Válido,43
43999,109,Não eleito,NILSON FRUTO,NILSON FRUTO,M,26/05/1966,Válido,43
43100,119,Não eleito,HENRIQUE ASSUNÇÃO ORTIZ,HENRIQUE ORTIZ,M,23/01/1985,Válido,43
43013,286,Não eleito,ANA LÚCIA DOMINGUES,ANA DOMINGUES,F,21/03/1972,Válido,43
43777,46,Não eleito,SELMA BARROS DA SILVA,SEL BARROS,F,29/12/1978,Válido,43
43455,220,Não eleito,NIVANDO MARTINS,PRIMO,M,23/09/1947,Válido,43
43023,183,Não eleito,TIMÓTEO SISTRO FERREIRA,TIMÓTEO FERREIRA,M,05/05/1982,Válido,43
43003,299,Não eleito,HÉLIO JACINTO DE DEUS,LÉO MECÂNICO,M,28/10/1970,Válido,43
43210,62,Não eleito,LUANA DHARA ARRUDA FERREIRA,LUANA DHARA,F,10/11/1979,Válido,43
43237,36,Não eleito,ÈBNER SOARES CASIMIRO,PROFESSORA ÈBNER,F,13/06/1966,Válido,43
43444,64,Não eleito,JURANDIR RADIGHIERI,JURA DO LEON,M,27/08/1962,Válido,43
43002,592,Não eleito,AMANDA ALICE PRADO CHEIDA BILESKI,AMANDA BILESKI,F,03/02/1987,Válido,43
43123,192,Não eleito,ADEMAR CARDOSO DE ANDRADE,ADEMAR CARDOSO,M,07/04/1962,Válido,43
43001,145,Não eleito,DAFNE DE OLIVEIRA GUENKA RAMOS,DAFNE GUENKA,F,20/03/1987,Válido,43
43121,110,Não eleito,MOACIR COSTA FILHO,PALHAÇO GOIABINHA,M,17/07/1955,Válido,43
43456,51,Não eleito,ELOILDO PINTO DA GAMA,ELOILDO GAMA,M,17/09/1962,Válido,43
43900,265,Não eleito,QUELPES IURI TORRES CHALEGRE LALUCCI,DR. QUELPES,M,12/10/1976,Válido,43
43666,34,Não eleito,GISLANE BAPTISTA,A TOQUINHO,F,26/06/1976,Válido,43
43888,59,Não eleito,CLEONICE PEREIRA DO NASCIMENTO,CLÉO,F,15/03/1967,Válido,43
43743,139,Não eleito,JOSUÉ RODRIGUES DOS ANJOS JUNIOR,JOSUÉ DOS ANJOS,M,02/11/1971,Válido,43
43111,338,Não eleito,EDIL GUMERCINDO DA SILVA QUEIROZ,EDIL QUEIROZ,M,05/06/1963,Válido,43
43143,83,Não eleito,EDERSON DE BRITO ALVES,EDERSON DE BRITO,M,17/10/1972,Válido,43
43643,4,Não eleito,MARIANA BREVE TAKIMOTO,MARIANA TAKIMOTO,F,03/04/1996,Válido,43
43333,97,Não eleito,HULDO TREFZGER CANDIDO JUNIOR,HULDO JUNIOR,M,22/11/1986,Válido,43
43300,147,Não eleito,ORLEI FURTADO DE SOUZA,ORLEI FURTADO,M,15/02/1975,Válido,43
43014,153,Não eleito,JOSÉ IRINEU BUDANT FILHO,IRINEU,M,28/05/1952,Válido,43
43741,63,Não eleito,ODELITA CAÇULA DOS SANTOS DA ROCHA,ODELITA CAÇULA,F,31/05/1967,Válido,43
43011,405,Não eleito,ABDORAL NERI DE OLIVEIRA,ABDORAL NERI,M,26/11/1962,Válido,43
18800,185,Suplente,CÁLICLES MÂNICA,CÁLICLES MÂNICA,M,14/01/1977,Válido,18
18190,82,Suplente,SILVIO EDUARDO LOPES CUNHA JUNIOR,JUNIOR LOPES SOS,M,30/07/1994,Válido,18
18880,597,Suplente,EVÉRSON DE LIMA SILVA,ÉVERSON SILVA,M,04/03/1989,Válido,18
18176,93,Não eleito,FERNANDES ANTUNES DE LIMA,FERNANDO METAMORFOSE,M,07/03/1986,Anulado,18
18001,142,Suplente,MARY YOLANDA DUARTE NAKAGAKI,MÃE MARY DE XANGÔ,F,28/12/1966,Válido,18
18121,305,Suplente,ADRIANO ARCE BARROS,ADRIANO ARCE,M,18/10/1983,Válido,18
18379,39,Suplente,RONALDO OZÓRIO DOS SANTOS,RONALDO OZÓRIO,M,22/07/1985,Válido,18
18749,61,Suplente,BRUNO HENRIQUE DOS SANTOS FERREIRA,BRUNO HENRIQUE,M,04/06/1996,Válido,18
18123,130,Suplente,JOAQUIM DOUGLAS BENITES VAZ BOTELHO,JOAQUIM DOUGLAS,M,25/11/1984,Válido,18
18016,61,Suplente,ADRIANA DA SILVA ROLON,ADRIANA ROLON,F,16/11/1982,Válido,18
18142,77,Suplente,RONALDO JOSÉ SANTIAGO,RONALDO JOSÉ,M,10/01/1980,Válido,18
18180,44,Suplente,IZABEL DE FÁTIMA MONTEIRO DUAILIBI DA COSTA,IZABEL,F,03/11/1971,Válido,18
18188,1068,Suplente,ADRIANO ALBERTO DE OLIVEIRA,ADRIANO OLIVEIRA,M,31/03/1965,Válido,18
18555,262,Suplente,CARLOS JONE ROBOTON,CARLOS ROBOTON,M,27/03/1981,Válido,18
18018,147,Suplente,ELIANE DA SILVA,LYA SANTOS,F,30/09/1979,Válido,18
18881,13,Suplente,SANDRO HENRIQUE ANTONIO COSTA,SANDRO COSTA,M,26/11/1986,Válido,18
18000,1851,Suplente,EDUARDO PEREIRA ROMERO,EDUARDO ROMERO,M,31/05/1980,Válido,18
18889,1437,Suplente,ARTHUR MITSUGI KOGA,ARTHUR KOGA,M,21/08/1968,Válido,18
18999,1910,Eleito,ANDRE LUIS SOARES DA FONSECA,PROF. ANDRÉ,M,25/11/1962,Válido,18
18105,310,Suplente,CICERO JOEL LEITE,NELINHO LEITE,M,19/02/1968,Válido,18
18777,177,Suplente,MÁRCIA DOS SANTOS ROCHA,MÁRCIA ROCHA,F,25/01/1971,Válido,18
18888,286,Suplente,ALEXANDRE FIGUEIREDO DE ARAUJO,ALEXANDRE FIGUEIREDO,M,03/01/1975,Válido,18
18232,214,Suplente,JEFFERSON DOS SANTOS PEREIRA,JEFINHO,M,09/03/1990,Válido,18
18500,39,Suplente,AMANDA DEZIRRETH DE SOUZA BATISTA,AMANDA DESSIRRE,F,02/01/1995,Válido,18
18818,158,Suplente,ESPEDITO PEDRO DA SILVA,ESPEDITO MONTEBRANCO,M,06/05/1968,Válido,18
18222,138,Suplente,NILTON DA SILVA PAIVA,NILTINHO PAIVA,M,06/04/1958,Válido,18
18128,104,Suplente,JOSÉ LEAL MARQUES,JOSÉ MARQUES,M,28/11/1981,Válido,18
18333,124,Suplente,PATRICIA MESSIAS DE ARAÚJO,PATTY ARAÚJO,F,20/11/1981,Válido,18
18181,16,Suplente,JULIANA RICARDO BISPO REIS COELHO,JUH BISPO,F,27/03/1984,Válido,18
18456,113,Suplente,CLEONICE DA SILVA DIAS,CLÉO DIAS,F,22/11/1973,Válido,18
18155,115,Suplente,RONALDA DUARTE DIMAS,RONALDA DUARTE,F,08/03/1980,Válido,18
77102,151,Suplente,KARINA KETTY SOARES DA SILVA SANCHES,KARINA KETTY,F,07/08/1966,Válido,77
77001,1622,Suplente,DENIS PEREIRA DA SILVA,DENIS PEREIRA,M,01/01/1992,Válido,77
77333,1457,Suplente,JOÃO GUILHERME FERREIRA DE SOUZA,JOÃO JACARÉ,M,15/09/1982,Válido,77
77700,386,Suplente,FERNANDO FERNANDES FERREIRA,FERNANDO PÃO,M,26/01/1982,Válido,77
77017,238,Suplente,DENILSON CORREIA DA SILVA,DENILSON LAGOA,M,25/03/1988,Válido,77
77770,156,Suplente,LUCIANE ALVES DE LIMA ESTEVES,PROFESSORA LU,F,15/07/1977,Válido,77
77778,47,Suplente,JEAN GOMES LEAL,JEAN LEAL,M,11/03/1979,Válido,77
77010,107,Suplente,ZITO MANOEL DA SILVA,ZITÃO,M,15/09/1970,Válido,77
77050,145,Suplente,JONILTOM SANTOS DE BRITO,BRITO CORRETOR,M,28/03/1960,Válido,77
77767,131,Suplente,AURIMAR DA SILVA LIMA,AURIMAR LIMA,F,22/04/1971,Válido,77
77888,420,Suplente,WALTER JOAQUIM DA SILVA,WALTÃO,M,16/08/1974,Válido,77
77097,977,Suplente,JOÃO BOSCO SILVINO DE MEDEIROS,JOÃO BOSCO DE MEDEIROS,M,01/05/1948,Válido,77
77000,244,Suplente,KELVIN HECTOR DA SILVA ORNELAS,KELVIN HECTOR,M,17/04/1995,Válido,77
77500,419,Suplente,MEIRE MARIA BARBOSA,PROFESSORA MEIRE MARIA,F,05/04/1970,Válido,77
77377,29,Suplente,ALICE DE SOUZA DO NASCIMENTO,ALICE DA AEDA ,F,26/02/1985,Válido,77
77155,171,Suplente,KELLY CRISTINA DA SILVA FERREIRA ESPÓSITO,KELLY ESPÓSITO,F,18/02/1981,Válido,77
77718,70,Suplente,MARIA ROSA LOPES DA COSTA,PASTORA MARIA ROSA,F,09/01/1962,Válido,77
77177,144,Suplente,ELIANE ALVES DA COSTA ESPINDOLA,ELIANE ESPINDOLA,F,20/05/1977,Válido,77
77567,51,Suplente,JOÃO ALBERTO ROZENDO,BETO ROZENDO,M,28/01/1967,Válido,77
77678,492,Suplente,ERIC DE SOUZA FOSSATI,ERIC FOSSATI,M,18/03/1982,Válido,77
77129,119,Suplente,JOÃO RIBEIRO DO NASCIMENTO FILHO,JOÃO RIBEIRO,M,24/05/1962,Válido,77
77021,45,Suplente,ADRIELLE COSTA QUEIROZ GONÇALVES,DRIKA GONÇALVES,F,28/09/1993,Válido,77
77070,352,Suplente,FRANCISCO DEMONTIÊ GONÇALVES MACEDO,DEMONTIÊ,M,22/08/1975,Válido,77
77190,210,Suplente,ELMO DAMIÃO DA SILVA,SARGENTO ELMO,M,27/10/1964,Válido,77
77077,1507,Suplente,DOMICIO CORDEIRO CHAVANTE FILHO,DOMICIO JUNIOR,M,18/11/1965,Válido,77
77012,22,Suplente,JULIANA LOPES DA SILVA GAMARRA,JULIANA LOPES,F,05/12/1981,Válido,77
77222,1012,Suplente,DANIEL DUARTE CAMPOS,DANIEL DO PROJETO SOM E VIDA,M,21/04/1978,Válido,77
77561,75,Suplente,MARIA LÚCIA JUSTINO,LÚCIA JUSTINO,F,06/05/1961,Válido,77
77023,233,Suplente,MAURO LUCIO ROSÁRIO,MAURO DA SAÚDE,M,08/12/1965,Válido,77
77144,53,Suplente,ADALBERTO MUNIZ DA SILVA,GENERAL ADALBERTO MUNIZ,M,27/02/1971,Válido,77
77100,596,Suplente,EDILMAR GALEANO MARQUES,PROFESSOR BOB,M,29/06/1978,Válido,77
77007,308,Suplente,JOSÉ CARLOS VIEIRA DE AZEVEDO,ZÉ VIEIRA,M,13/12/1963,Válido,77
77123,184,Suplente,CLAUDIR PEREIRA DO PRADO,ACUMULOU,M,18/07/1969,Válido,77
77236,199,Suplente,SEBASTIÃO APARECIDO RIBEIRO,TIÃO DO BOXE,M,03/02/1965,Válido,77
77999,440,Suplente,JOÃO VICTOR MEDEIROS DOS SANTOS,JAMES JOÃO VICTOR,M,03/06/1984,Válido,77
77646,47,Suplente,NEIVA BATISTA DE MELO,NEYVA MELLO,F,02/02/1956,Válido,77
77719,27,Suplente,DÉBORA FERREIRA DA SILVA,DÉBORA FERNANDES,F,19/09/1980,Válido,77
77777,3078,Eleito,EPAMINONDAS VICENTE SILVA NETO,PAPY,M,18/04/1987,Válido,77
77789,174,Suplente,GISLAINE LANDVOIGT DOS SANTOS,GISLAINE LANDVOIGT,F,06/09/1976,Válido,77
77111,105,Suplente,ANA CRISTINA ALVES PÓVOAS VICTORIANO,TINA VICTORIANO,F,07/03/1965,Válido,77
77444,992,Suplente,RICARDO CÓRDOBA ORTIZ,RICARDO ORTIZ,M,25/01/1970,Válido,77
10444,630,Suplente,LAUDICÉIA FRANÇA FLORIANO DE SOUZA,LAUDICÉIA PROJETO TRANSFORMAR,F,03/08/1980,Válido,10
10014,304,Suplente,EDELENE DE ALMEIDA OLIVEIRA,EDILENE OLIVEIRA,F,30/11/1973,Válido,10
10001,241,Suplente,PAULO SERGIO DO AMARAL,PAULO AMARAL,M,07/10/1968,Válido,10
10010,1738,Suplente,WILTON CELESTE CANDELORIO,LEINHA,M,07/10/1988,Válido,10
10000,574,Suplente,JEFFERSON CARLO DOS SANTOS MARECO,JEFERSON MARECO,M,10/09/1985,Válido,10
10020,151,Suplente,LUZINETE CANTUÁRIO VIEIRA,LÚ,F,11/06/1968,Válido,10
10881,94,Suplente,MARQUEZAM XAVIER MARQUES,MARQUEZAM MARQUES,M,08/05/1981,Válido,10
10555,172,Suplente,ANABOTE ARAUJO DEDE,DEDE ARAUJO,M,10/11/1966,Válido,10
10700,213,Suplente,DAVID MENDES GONCALVES,DAVID MENDES,M,19/01/1989,Válido,10
10163,95,Suplente,VALDEMAR MORAES DE SOUZA,VALDEMAR MORAES,M,01/06/1961,Válido,10
10111,726,Suplente,MARLUCE BRUNO DA SILVA BUENO,MARLUCE BUENO,F,31/07/1967,Válido,10
10110,1502,Suplente,MARTA APARECIDA TEIXEIRA DA ROSA,PASTORA MARTA TEIXEIRA,F,29/08/1969,Válido,10
10888,246,Suplente,CLIZEUDO NOBREGA SILVA,CLIZEUDO NOBREGA,M,08/04/1969,Válido,10
10100,131,Suplente,LILIAN PATRICIA RODRIGUES DE MELO DA ROCHA,LILIAN DA SAÚDE,F,14/05/1979,Válido,10
10120,3403,Suplente,RAFAEL BRANDAO SCAQUETTI TAVARES,RAFAEL TAVARES,M,12/12/1984,Válido,10
10957,233,Suplente,AGNALDO VERISSIMO SIMOES,AGNALDO SIMÕES,M,06/05/1966,Válido,10
10800,347,Suplente,GILMAYRON AMARAL DA SILVA,GIL AMARAL,M,14/02/1976,Válido,10
10193,702,Suplente,SIDNEI QUINTANA,BOMBEIRO QUINTANA,M,06/12/1968,Válido,10
10612,219,Suplente,FLORECI VIRGINIA DE CARVALHO,FLOR DA SORTE,F,30/10/1964,Válido,10
10357,157,Suplente,DAVI RAIMUNDO DE GODOY,DAVI GODOY,M,27/06/1972,Válido,10
10333,240,Suplente,ALEX RAMON ZAZYKI,ALEX ZAZYKI,M,16/09/1979,Válido,10
10321,3341,Suplente,FABIO DA ROCHA E SILVA FERREIRA,FABIO ROCHA,M,02/05/1993,Válido,10
10142,53,Suplente,ELIZABETE TAVEIRA FERREIRA DOS SANTOS,BETH TAVEIRA,F,14/11/1970,Válido,10
10200,261,Suplente,ISAAC BARBOSA DA SILVA,ISAAC BARBOSA,M,14/09/1981,Válido,10
10777,3498,Eleito,ROBERTO SANTANA DOS SANTOS,BETINHO,M,28/12/1980,Válido,10
10456,220,Suplente,NEUZA SOCORRO DA SILVA,NEUZA JEITOSINHA,F,01/07/1963,Válido,10
10810,236,Suplente,ALFREDO SOARES,ALFREDO SOARES,M,19/02/1981,Válido,10
10123,4195,Eleito,GILMAR NERI DE SOUZA,GILMAR DA CRUZ,M,16/06/1968,Válido,10
10500,325,Suplente,MAURICIO DOS SANTOS,SUBOFICIAL MAURICIO,M,16/01/1970,Válido,10
10038,199,Suplente,MELQUISEDEQUE SANTANA DE SOUZA,MELQUI SANTANA,M,30/12/1996,Válido,10
19140,175,Suplente,CELESTINO GONÇALVES DE OLIVEIRA,CELESTINO GONÇALVES,M,21/04/1949,Válido,19
19009,823,Suplente,JULIANA PADILHA CARDOSO,JULIANA PADILHA,F,29/11/1981,Válido,19
19345,167,Suplente,ANTONIO RIBEIRO LEITE,CANELA,M,14/11/1953,Válido,19
19190,84,Suplente,JOCILENE MELO DA SILVA CARNEIRO,JOCILENE MELO,F,03/06/1970,Válido,19
19321,95,Suplente,TELMA PEREIRA DE LIMA PAES,TELMA LIMA,F,04/03/1975,Válido,19
19020,389,Suplente,CRISTIANO ROBERTO CONSTANTINO,CRYS SANFONA,M,14/07/1980,Válido,19
19333,24,Suplente,PRISCILA VICENTIM ROCHA DIAS,PRICILA VICENTIN,F,03/05/1990,Válido,19
19667,280,Suplente,VALÉRIA MARQUES FERREIRA CAMPOS,VALERIA MARQUES,F,28/05/1965,Válido,19
19789,384,Suplente,JOÃO CARLOS VIEIRA,JOÃO CARLOS VIEIRA,M,03/02/1966,Válido,19
19080,1934,Suplente,ANTONIO MARCOS BOGARIM,TONY GOL,M,13/09/1978,Válido,19
19180,197,Suplente,FLÁVIA APARECIDA DA SILVA,FLÁVIA SILVA,F,13/02/1986,Válido,19
19456,569,Suplente,EDINALDO VIANA,SARGENTO VIANA,M,21/11/1969,Válido,19
19045,211,Suplente,ROSELI DA VEIGA SILVA DOS SANTOS,ROSELI VEIGA,F,16/09/1972,Válido,19
19900,397,Suplente,TATIANI LOPES DE MELO,TATY MELO,F,13/06/1981,Válido,19
19515,1632,Suplente,ALUIZIO BORGES GOMES,ALUIZIO BORGES,M,10/08/1961,Válido,19
19123,4680,Eleito,JOSÉ JACINTO DE LUNA NETO,ZÉ DA FARMACIA,M,20/02/1970,Válido,19
19777,368,Suplente,RADIJI FREITAS E SILVA MARTINS,RADIJI FREITAS,F,19/09/1977,Válido,19
19067,360,Suplente,ARY COELHO DE OLIVEIRA,ARY COELHO,M,10/07/1985,Válido,19
19222,781,Suplente,JESSIER BAES DE MENEZES,PROFESSOR JESSIER,M,02/03/1964,Válido,19
19700,204,Suplente,HENRIQUE FERNANDO FREITAS GONÇALVES,HENRIQUE MAGRÃO,M,26/02/1984,Válido,19
19011,228,Suplente,GERSON DOMINGOS,GERSON DOMINGOS,M,25/08/1963,Válido,19
19100,1609,Suplente,MARCOS PAULO TIGUMAN,DR. MARCOS TIGUMAN,M,12/08/1956,Válido,19
19173,112,Suplente,WILLIAM IGOR BARBUENO FERNANDES,WILLIAM DA CONVENIÊNCIA,M,03/12/1985,Válido,19
19008,70,Suplente,LUCIMARA PASSBERG DE AMORIM,LUCIMARA AMORIM,F,25/07/1975,Válido,19
19007,825,Suplente,MARCIO OLIVEIRA RIBEIRO,PROF MARCIO ESCOVADO,M,15/07/1972,Válido,19
19999,1049,Suplente,THIAGO DE FREITAS SANTOS,THIAGO FREITAS,M,11/04/1982,Válido,19
19200,1289,Suplente,DORVAIR BOAVENTURA DE OLIVEIRA,CABURÉ,M,10/09/1966,Válido,19
19567,272,Suplente,DANILO DE OLIVEIRA LUIZ,DANILO LUIZ,M,05/08/1971,Válido,19
19500,185,Suplente,ARDALIDANIO FERNANDES DE OLIVEIRA,FERNANDO OLIVEIRA,M,13/10/1962,Válido,19
19193,255,Suplente,GILDO OLIVEIRA DA SILVA,GILDO,M,22/05/1965,Válido,19
19371,31,Suplente,ENEIDA MARIA MOTA,ENEIDE MOTA,F,10/05/1980,Válido,19
19019,2059,Eleito,RONILÇO CRUZ DE OLIVEIRA,RONILÇO GUERREIRO,M,16/08/1968,Válido,19
19300,119,Suplente,JOSÉ ROBERTO TERUEL,TERUEL,M,09/12/1944,Válido,19
19192,310,Suplente,JANE LOPES PEREIRA,JANE CAMILO,F,25/06/1971,Válido,19
19012,246,Suplente,ANDERSON FERREIRA DE SOUZA,DU GÁS,M,01/01/1982,Válido,19
19006,12,Suplente,CLAUDIA SOARES GOMES,CLAUDIA GOMES,F,07/10/1970,Válido,19
19010,1749,Suplente,EMERSON DA COSTA BORGES,EMERSON BORGES FARMACÊUTICO,M,23/10/1972,Válido,19
19044,135,Suplente,REGINALDO BARROS PEREIRA,REGIS REI DO CHURRASCO,M,06/08/1977,Válido,19
19144,2979,Eleito,CLODOILSON DOS SANTOS PIRES,CLODOILSON PIRES,M,16/10/1965,Válido,19
19133,367,Suplente,MARCELO RADAELLI DA SILVA,MARCELO RADAELLI,M,26/10/1967,Válido,19
19800,1826,Suplente,CLEMENCIO FRUTUOSO RIBEIRO,RIBEIRO DA CICLO RIBEIRO,M,16/04/1954,Válido,19
19555,189,Suplente,CLAYTON TOMAZ DA LUZ,TOMAZ O BARBEIRO,M,20/08/1978,Válido,19
19000,366,Suplente,GILBERT MARCELO FICO,GILBERT FICO,M,31/10/1969,Válido,19
19219,219,Suplente,MARIA JÔSE DE SOUZA,PROFESSORA JOSI,F,21/01/1966,Válido,19
12460,78,Suplente,VAGNER GARCIA DE OLIVEIRA,VAGNER GARCIA DE OLIVEIRA,M,13/11/1981,Válido,12
12456,25,Suplente,CLAUDINEIA DA SILVA DE CARVALHO,CLAUDINEIA CARVALHO,F,10/10/1989,Válido,12
12480,26,Suplente,VALDIR DE ALMEIDA,DR VALDIR DE ALMEIDA,M,01/01/1943,Válido,12
12202,19,Suplente,ANDREIA VIEIRA DO AMARAL,ANDREIA VIEIRA,F,15/03/1981,Válido,12
12321,221,Suplente,GEISER WELLINGTON BARRETO JONUSAN,PROF GEISER BARRETO,M,26/12/1988,Válido,12
12412,195,Suplente,DOUGLAS SILVA DE SOUZA,PROFESSOR DOUGLAS,M,19/04/1983,Válido,12
12678,26,Suplente,IDALINA APARECIDA BATISTA SANTOS,CIDA,F,01/04/1958,Válido,12
12123,319,Suplente,LEA VIEIRA DE OLIVEIRA MACHADO,MESTRA LÉA PANTANEIRA,F,22/02/1977,Válido,12
12888,1210,Suplente,JULIANO GOGOSZ DE OLIVEIRA,JULIANO GOGOSZ,M,27/08/1981,Válido,12
12500,33,Suplente,AFONSO PEREIRA TEIXEIRA,AFONSO TEIXEIRA,M,09/08/1959,Válido,12
12515,274,Suplente,HELENICE FATIMA SOUZA DUARTE FURTADO,HELENICE DUARTE,F,08/11/1977,Válido,12
12789,231,Suplente,MARCELO VIEIRA DOS SANTOS,MARCELO VIEIRA,M,15/01/1980,Válido,12
12069,43,Suplente,SOLANGE DE OLIVEIRA,SOL DO PDT,F,22/04/1972,Válido,12
12700,553,Suplente,CLEODETE CANDIDA GOMES,CLÉO GOMES,F,31/03/1973,Válido,12
12212,675,Suplente,ERNANI DE ALMEIDA SILVA JUNIOR,ERNANI JUNIOR,M,08/07/1993,Válido,12
12121,138,Suplente,WAGNER RUIZ DE SOARES,PROFESSOR WAGNER,M,17/07/1981,Válido,12
12008,84,Suplente,ALZIRA LAURIANO MUNIZ PRATES,ALZIRA LAURIANO MUNIZ PRATES,F,19/11/1968,Válido,12
12012,63,Suplente,ÍTALO MIKAEL VAZ SILVA,ÍTALO VAZ,M,16/03/1993,Válido,12
12030,50,Suplente,RODRIGO DE SOUZA BARTOLOMEO,BARTOLOMEO,M,13/04/1981,Válido,12
12345,1531,Suplente,ROBERTO MATEUS OLIVEIRA GALVAO,ROBERTO MATEUS,M,21/09/1965,Válido,12
12231,126,Suplente,VILSON PROCIDONIO ESPINDOLA,VILSON,M,03/07/1967,Válido,12
12777,433,Suplente,ADONIS MARCOS DE SOUZA,ADONIS MARCOS,M,14/05/1984,Válido,12
12318,2199,Eleito,MARCOS CESAR MALAQUIAS TABOSA,MARCOS TABOSA,M,21/02/1972,Válido,12
12999,109,Suplente,ALESSANDRA APARECIDA SILVA,PROF ALESSANDRA MARQUES,F,31/10/1985,Válido,12
12180,38,Suplente,FABIANE MACIEL,FABY MACIEL,F,06/08/1974,Válido,12
12200,1363,Suplente,OCTACILIO SAKAI JUNIOR,SAKAI,M,19/04/1976,Válido,12
12300,45,Suplente,SANDER BARBOSA PEREIRA,SANDERS BARBOSA,M,25/02/1967,Válido,12
12333,1476,Suplente,MADALENA PEREIRA DA SILVA,PROFESSORA MADALENA,F,03/01/1962,Válido,12
12002,80,Suplente,LUIS ALBERTO BRIZOLA OTERO,LUIS BRIZOLA,M,29/08/1977,Válido,12
12800,115,Suplente,ALEXANDRE BRUNO DE SOUZA DA SILVA,FREI BRUNO SILVA,M,28/07/1989,Válido,12
12977,94,Suplente,HELMUTH LOPES KUNZLER,HELMUTH KUNZLER,M,13/07/1984,Válido,12
12190,250,Suplente,AILTON CARLOS DA COSTA FIGUEIREDO,AILTON DA RASTEIRINHA,M,12/09/1968,Válido,12
12000,782,Suplente,YVES DROSGHIC,YVES,M,06/06/1983,Válido,12
12712,107,Suplente,ANTONIO JOÃO DA CRUZ,DJ TONINHO,M,12/06/1974,Válido,12
12020,247,Suplente,ALEXANDRE BRITO DE OLIVEIRA,ALEXANDRE BROTHER,M,01/05/1973,Válido,12
12100,128,Suplente,GILSON APARECIDO FEITOZA,GILSON APARECIDO FEITOZA,M,24/08/1973,Válido,12
12222,324,Suplente,JOÃO FERNANDO DOS SANTOS VILELA,JOÃO VILELA,M,06/07/1992,Válido,12
12377,78,Suplente,THATIANE AMARAL DA SILVA,THATY AMARAL,F,19/12/1983,Válido,12
12007,1057,Suplente,JOSÉ ABELHA NETO,ABELHA,M,09/05/1963,Válido,12
12420,103,Suplente,JONATHAN MALAQUIAS,JONATHAN MALAQUIAS,M,13/01/1974,Válido,12
12124,36,Suplente,MAURÍCIO SOUZA DO NASCIMENTO,MAURÍCIO VIOLA,M,30/05/1972,Válido,12
12303,65,Suplente,DAVID MARQUES PEREIRA,PROF DAVID MARQUES,M,30/01/1961,Válido,12
12112,1077,Suplente,ROSEMEIRE LOPES DA SILVA FARIAS,PROFESSORA ROSEMEIRE FARIAS,F,26/08/1970,Válido,12
11111,1393,Suplente,IVANDRO CORRÊA FONSECA,IVANDRO FONSECA,M,13/02/1974,Válido,11
11112,53,Suplente,SOLANGE LEITE NUNES MESQUITA,SOLANGE NUNES,F,03/05/1973,Válido,11
11033,2163,Eleito,VICTOR ROCHA PIRES DE OLIVEIRA,DOUTOR VICTOR ROCHA,M,01/04/1980,Válido,11
11500,150,Suplente,MOACIR BARBOSA DA SILVA,MHOA,M,02/11/1972,Válido,11
11533,89,Suplente,MILTON CESAR DA SILVA KRUKI,MIL KRUK,M,22/09/1984,Válido,11
11298,15,Suplente,EDILENE OLIVEIRA ANDRADE,LENE ANDRADE,F,24/07/1982,Válido,11
11599,25,Suplente,GLAUCIA MARTINS DE OLIVEIRA,GLAUCIA MARTINS,F,17/09/1983,Válido,11
11191,460,Suplente,VALTER APARECIDO FAVARO,VALTER FAVARO,M,06/10/1963,Válido,11
11456,320,Suplente,VALFRIDO EDMAR PELZL CORREA,EDMAR CORREA BATATA,M,09/09/1966,Válido,11
11000,297,Suplente,UBIRAJARA BORGES MARTINS,UBIRAJARA,M,29/01/1967,Válido,11
11019,683,Suplente,WILSON JOSÉ DA COSTA,WILSON XORORÓ,M,07/04/1965,Válido,11
11110,543,Suplente,LAZARO ANTONIO SANTANA,LÁZARO SANTANA,M,01/07/1978,Válido,11
11020,162,Suplente,WILSON VASQUES,WILSON DA HOMEX,M,09/02/1974,Válido,11
11444,181,Suplente,ULISSES DUARTE,PROFESSOR ULISSES,M,11/04/1945,Válido,11
11220,40,Suplente,CIRO DIAS VILLA,PROFESSOR CIRO,M,01/03/1954,Válido,11
11789,366,Suplente,APARECIDA CONCEIÇÃO DE ARAUJO,CIDA ARAUJO,F,11/04/1975,Válido,11
11131,461,Suplente,SILVANA DE SOUZA RAMOS,PROFESSORA SILVANA RAMOS,F,22/05/1973,Válido,11
11332,53,Suplente,ARNALDO CABREIRA,ARNALDO CABREIRA,M,12/06/1971,Válido,11
11113,73,Suplente,IRINEU NUNES FERREIRA,IRINEU NUNES PARALÍMPICO,M,04/07/1967,Válido,11
11014,72,Suplente,EDER SOLLES APOLINARIO,ÉDER SOLLES,M,04/08/1982,Válido,11
11499,42,Suplente,JOEL GONÇALVES DA SILVA,JOEL FALCÃO,M,16/04/1967,Válido,11
11711,158,Suplente,RODRIGO MORAES LEMOS,RODRIGO LOCUTOR,M,17/08/1983,Válido,11
11123,1792,Suplente,JOSÉ CARLOS TREVIZAN,TREVIZAN,M,24/10/1952,Válido,11
11999,31,Não eleito,MARIA DAS DORES ROCHA,MARIA ROCHA,F,09/11/1961,Anulado sub judice,11
11900,243,Suplente,BARBARA AIRES VIANA,BARBARA VIANA,F,18/06/1990,Válido,11
11299,166,Suplente,CLEONICE OZORIO DE OLIVEIRA TAMASATO DE SOUZA,CLEONICE DA RECICLAGEM,F,16/03/1967,Válido,11
11024,101,Suplente,LUCIANO DA SILVA RAMOS,SEU LÚ,M,06/12/1969,Válido,11
11234,26,Suplente,REGINA MARA MEDEIROS DE SIQUEIRA,ENFERMEIRA REGINA MARA,F,13/08/1974,Válido,11
11300,129,Suplente,AGNALDO FRANCISCO DA SILVA,GUINA,M,10/08/1962,Válido,11
11455,197,Suplente,ANTONIO CARLOS QUEIROZ DOS SANTOS,CARLINHOS CARTEIRO,M,27/05/1976,Válido,11
11333,911,Suplente,LUIZ FELIPE BARBOSA MENDES,FELIPÃO,M,30/05/1968,Válido,11
11100,344,Suplente,PAULO ROBERTO ANDREOTTI,PAULO ANDREOTTI,M,19/08/1961,Válido,11
11777,244,Suplente,GETÚLIO MENDONÇA,GETÚLIO JET MENDONÇA,M,07/06/1968,Válido,11
11600,29,Suplente,ALINE ROBERTA DA SILVA LEITE,ALINE SILVA,F,16/11/1982,Válido,11
11700,122,Suplente,VALDINHA MOREIRA DOS SANTOS,VALDA,F,29/11/1967,Válido,11
11155,253,Suplente,ROSANE NELY DE LIMA,ROSANE NELY,F,17/10/1967,Válido,11
11011,1278,Suplente,DERLY DOS REIS DE OLIVEIRA,CAZUZA,M,17/12/1969,Válido,11
11012,382,Suplente,JOEL ANTONIO DA PENHA,JOEL PENHA,M,04/09/1969,Válido,11
11428,518,Suplente,ELEANDRA PACHUKI SERTÃO,ELEANDRA PACHUKI,F,07/11/1974,Válido,11
11555,489,Suplente,ANDERSON ALVES DOS SANTOS,PR ANDERSON ALVES,M,12/12/1982,Válido,11
11222,208,Suplente,JOÃO BATISTA DE CAMARGO FILHO,CAMARGO,M,15/09/1970,Válido,11
11633,170,Suplente,GERALDO PINHEIRO BATISTA,GERALDO GARÇOM,M,02/07/1962,Válido,11
65011,51,Não eleito,ANTONIO BARBOSA SORRILHA,PROF. TONINHO SORRILHA,M,16/08/1972,Válido,65
65111,19,Não eleito,RICARDO MALAQUIAS DA SILVA,MALAQUIAS,M,28/08/1976,Válido,65
65024,152,Não eleito,GLAUBER NASCIMENTO DE BARROS,GLAUBER PORTMAN,M,08/11/1984,Válido,65
65789,30,Não eleito,CHRISTIANE MARIA ELICHESE FERREIRA,CHRIS,F,21/07/1978,Válido,65
65323,38,Não eleito,MYKAEL VITOR ALVES,MYKAEL VITOR,M,30/04/1990,Válido,65
65121,48,Não eleito,MARCELO GOULART GENUINO,MARCELO GOULART,M,12/03/1975,Válido,65
65444,11,Não eleito,GENILSON CRUZ DA ROCHA,GENILSON CRUZ,M,20/01/1970,Válido,65
65777,45,Não eleito,DENISE BATISTA COSTA SILVA,PROFª DENISE BATISTA,F,24/06/1966,Válido,65
65456,115,Não eleito,MARILENA DA SILVA GROLLI,MARILENA GROLLI,F,01/04/1973,Válido,65
65067,208,Não eleito,MARIO CESAR FONSECA DA SILVA,MARIO FONSECA,M,20/11/1973,Válido,65
65533,17,Não eleito,BRUNO DE ARAÚJO BERNARDES,BRUNO BERNARDES,M,22/03/1988,Válido,65
65165,151,Não eleito,CLEUZA PEDROSA ODORICO,CLEUZA PEDROSA,F,16/10/1959,Válido,65
65333,228,Não eleito,EDSON DOS SANTOS MARQUES,PROF. EDSON,M,17/05/1970,Válido,65
65565,69,Não eleito,ROMÁRIO MARQUES DA SILVA JÚNIOR,ROMÁRIO SERRALHEIRO,M,18/06/1980,Válido,65
65000,75,Não eleito,ANGELIM HENRIQUE RODRIGUES SANTARENO,ANGELIM HENRIQUE,M,27/03/1979,Válido,65
65065,112,Não eleito,DANILO DOS SANTOS SILVA,DANILO DOS SANTOS,M,30/03/1993,Válido,65
65222,230,Não eleito,JOSÉ AUGUSTO PEREIRA CARVALHO,ZÉ AUGUSTO,M,23/07/1981,Válido,65
65201,22,Não eleito,VITOR DA CONCEIÇÃO TEIXEIRA,VITOR TEIXEIRA,M,23/01/1999,Válido,65
65073,47,Não eleito,SÔNIA EGLAE OLIVEIRA RODA,SÔNIA EGLAE,F,01/07/1970,Válido,65
65125,68,Não eleito,WANDERSON FERNANDES FONSECA,PROFESSOR WANDERSON,M,24/12/1988,Válido,65
65020,30,Não eleito,REGIANE DE MORAES ROMERO,REGIANE DE MORAES,F,10/03/1988,Válido,65
65135,136,Não eleito,RAPHAEL MESTRE LEMOS,RAPHAEL MESTRE,M,29/11/1988,Válido,65
65888,59,Não eleito,EVERALDO CARLOS DE MELO,EVERALDO CHAPELÃO,M,25/08/1972,Válido,65
65117,64,Não eleito,LUCIENE NASCIMENTO DE OLIVEIRA,LUCIENE VIGILANTE,F,20/02/1976,Válido,65
65123,134,Não eleito,PATRÍCIA FERNANDES ROSA AMORIN,PATRICIA ROSA,F,11/10/1976,Válido,65
65555,54,Não eleito,CLEUZA DA COSTA,CLEU COSTA,F,17/06/1980,Válido,65
65321,34,Não eleito,ELAINE SILVA VALADARES,ELAINE VALADARES,F,11/06/1987,Válido,65
65160,98,Não eleito,MARIA DO SOCORRO NUNES DE MATOS VALDONADO DOS SANTOS,SOCORRO MATOS,F,19/08/1956,Válido,65
13705,4,Suplente,LAILA DOS SANTOS MORAES,LAILA MORAES,F,27/11/1999,Válido,13
13333,437,Suplente,BENEDITA MARQUES BORGES,PROFESSORA BENÊ,F,28/12/1967,Válido,13
13400,143,Suplente,ANDRE LUIS DA SILVA LIMA,PROFESSOR ANDRE LUIS,M,07/06/1992,Válido,13
13777,108,Suplente,KRIEGEL NEVOLAND DO NASCIMENTO,KRIEGEL NASCIMENTO,M,27/01/1969,Válido,13
13313,91,Suplente,SAMUEL ALEX DE OLIVEIRA MIRANDA,SAMUKA,M,23/09/1981,Válido,13
13813,56,Suplente,WALDEMAR PEREIRA DO CARMO,WALDEMAR PEREIRA ARAGUAINHA,M,07/03/1951,Válido,13
13713,935,Suplente,EDER RODRIGUES DE LIMA,ENFERMEIRO EDER MAGUILA,M,11/12/1976,Válido,13
13100,112,Suplente,GILSON DOS SANTOS MENEZES,GILSON MENEZES,M,25/03/1975,Válido,13
13456,22,Suplente,ROSINEIA SILVA DE CARVALHO,ROSINEIA SILVA,F,05/10/1985,Válido,13
13789,119,Suplente,KENSY KENIDY PALACIO DOS SANTOS,KENSY KENIDY,F,08/04/1983,Válido,13
13123,1743,Suplente,GILVANO KUNZLER BRONZONI,PROFESSOR GILVANO,M,08/06/1976,Válido,13
13182,15,Suplente,SEBASTIÃO MAURÍCIO BORGES,SEBASTIÃO MAURÍCIO,M,31/05/1958,Válido,13
13239,51,Suplente,EDUARDO SOARES LINO,EDUARDO TIO DO CHURROS,M,23/09/1969,Válido,13
13195,93,Suplente,BRUNA GUIMARÃES SOUZA,BRUNA DA RECICLAGEM,F,27/04/1996,Válido,13
13900,169,Suplente,IVANILTO ALVES PEREIRA,AMARELO DO SINDICATO,M,04/09/1976,Válido,13
13020,72,Suplente,JÓ MEDEIROS DE AQUINO,JÓ PROFESSOR ARTISTA,M,12/05/1971,Válido,13
13220,372,Suplente,WILDS OVANDO PEREIRA,WILDS OVANDO ,M,06/03/1971,Válido,13
13133,189,Suplente,ALBERTO INACIO DA SILVA,ALBERTO INACIO,M,17/12/1992,Válido,13
13180,617,Suplente,KARLA CÂNEPA COUTO DE AMORIM LOPES,KARLA CÂNEPA,F,23/11/1981,Válido,13
13131,262,Suplente,MICHELE ALVES CERZÓSIMO,PROFESSORA MICHELE CERZÓSIMO,F,28/06/1982,Válido,13
13600,489,Suplente,ILMAR RENATO GRANJA FONSECA,ILMAR MAMAO,M,10/01/1979,Válido,13
13613,1226,Suplente,FRANCISCO GIVANILDO DOS SANTOS,PROFESSOR FRANCISCO,M,22/07/1971,Válido,13
13121,211,Suplente,DIVONETE COSTA DE QUEIROZ RIGON,DIVONETE COSTA,F,09/01/1967,Válido,13
13223,86,Suplente,JAQUELINE DE SOUZA CAMPOS,JAQUELINE CAMPOS,F,30/07/1967,Válido,13
13321,480,Suplente,JULIANA BARBOSA LIMA E SANTOS TOYAMA,JULIANA SARTOMEN,F,20/02/1990,Válido,13
13001,301,Suplente,JAIRO NÓBREGA,JAIRÃO,M,12/12/1961,Válido,13
13530,92,Suplente,SANDRA DA SILVA,SANDRA DA SILVA,F,28/09/1973,Válido,13
13113,487,Suplente,RONALDO DE SOUZA COSTA,DR RONALDO COSTA,M,03/10/1962,Válido,13
13067,3470,Eleito,CAMILA BAZACHI JARA,CAMILA JARA,F,10/02/1995,Válido,13
13700,2030,Suplente,LUIZA RIBEIRO GONÇALVES,LUIZA RIBEIRO,F,04/04/1968,Válido,13
13222,624,Suplente,BARTOLINA RAMALHO CATANANTE,PROFESSORA BARTÔ,F,24/08/1962,Válido,13
13920,46,Suplente,LINDALVA FRANÇA DA SILVA,DALVINHA DA DIÁRIA,F,19/07/1970,Válido,13
13007,55,Suplente,VANESSA LEMES DE ARAÚJO,VANESSA LEMES ,F,02/07/1981,Válido,13
13000,1127,Suplente,EUGENIA PORTELA DE SIQUEIRA MARQUES,PROFESSORA EUGENIA PORTELA,F,17/06/1964,Válido,13
13420,167,Suplente,ORLANDO DE ALMEIDA FILHO,ORLANDINHO BANCÁRIO,M,06/05/1979,Válido,13
13013,282,Suplente,NATÁLLIA BRAGA,NATÁLLIA BRAGA,F,28/04/2002,Válido,13
13999,1264,Suplente,JAQUELINE TEIXEIRA DA SILVA,JAQUELINE TEIXEIRA DO ASAS,F,17/06/1968,Válido,13
13699,2167,Eleito,AYRTON DE ARAUJO,AYRTON DE ARAUJO,M,28/03/1961,Válido,13
13111,181,Suplente,JANICE TEREZINHA ANDRADE DA SILVA,JANICE ANDRADE,F,16/07/1980,Válido,13
13500,339,Suplente,JULIO RICARDO PEREIRA DUAILIBI,RICARDO DUAILIBI,M,09/11/1971,Válido,13
45321,2772,Suplente,LÍVIO VIANA DE OLIVEIRA LEITE,DR. LÍVIO,M,08/09/1974,Válido,45
45399,51,Suplente,TERESA ARMANDA SOUZA DA SILVA GIRALDI,TERESA ARMANDA,F,06/02/1964,Válido,45
45611,41,Suplente,AMÉRICO DE OLIVEIRA,AMÉRICO DE OLIVEIRA,M,28/05/1969,Válido,45
45678,4209,Eleito,JOÃO CÉSAR MATTO GROSSO PEREIRA,JOÃO CÉSAR MATTOGROSSO,M,08/11/1983,Válido,45
45333,176,Suplente,DOMENICA NOBRE DE JESUS,DOMENICA NOBRE,F,27/06/1976,Válido,45
45175,37,Suplente,LARISSA MARCA PUDELL,DJ LARISSA MARCA,F,30/11/1986,Válido,45
45012,119,Suplente,ZAQUEU LARRÉA,ZAQUEU LARRÉA,M,13/06/1975,Válido,45
45122,3616,Suplente,CLÁUDIO JORDÃO DE ALMEIDA SERRA FILHO,CLAUDINHO SERRA,M,27/08/1991,Válido,45
45123,4157,Eleito,JOÃO BATISTA DA ROCHA,PROF. JOÃO ROCHA,M,23/06/1957,Válido,45
45253,162,Suplente,CANDIDA MARTINS CORRÊA,CANDINHA DO PARADESPORTO,F,06/09/1960,Válido,45
45456,1281,Suplente,MARIA APARECIDA DE OLIVEIRA DO AMARAL,ENFERMEIRA CIDA AMARAL,F,12/01/1960,Válido,45
45612,350,Suplente,ARNALDO MEDEIROS DE SOUZA,ARNALDO MEDEIROS,M,04/02/1975,Válido,45
45001,238,Suplente,CESAR GUERREIRO DA SILVA,GUERREIRO DO FÁCIL,M,20/02/1968,Válido,45
45040,45,Suplente,CARLA CRISTINA FRANCO TEIXEIRA,CARLA TEIXEIRA,F,13/04/1973,Válido,45
45434,81,Suplente,JOÃO CARNEIRO DA SILVA,JOTA SILVA,M,20/11/1971,Válido,45
45048,146,Suplente,IRACILDA DE FÁTIMA BENITEZ,IRACILDA BENITEZ,F,19/02/1961,Válido,45
45100,101,Suplente,JOÃO VICTOR CAROLINO DE ALBUQUERQUE,JOÃO DA BORRACHA,M,05/02/1965,Válido,45
45021,68,Suplente,PATRÍCIA CABRERA RAVAGLIA,PATRÍCIA CABRERA,F,21/03/1975,Válido,45
45022,77,Suplente,DEOCLECIO DIOGO DE ARAUJO JUNIOR,DEOCLECIO ARAUJO,M,04/12/1980,Válido,45
45700,2579,Suplente,ELIAS LONGO JUNIOR,JUNIOR LONGO,M,21/05/1984,Válido,45
45055,386,Suplente,KARLA WALESKA DE MELO,KARLA+CARLOS CG+FORTE E JUSTA,F,14/02/1980,Válido,45
45465,72,Suplente,ELIZANGELA MARIA MARQUES BARROS,ELIZANGELA BARROS,F,09/11/1973,Válido,45
45777,199,Suplente,ZILDENEIS SALVIANO DA SILVA,NEI SALVIANO,M,22/12/1960,Válido,45
45000,394,Suplente,JONAS DE PAULA,JONAS DE PAULA,M,20/05/1962,Válido,45
45045,701,Suplente,LAIS FERREIRA PAULINO BORGES,LAÍS PAULINO,F,18/11/1987,Válido,45
45545,1227,Suplente,GIANCARLO JOSETTI SANDIM,GIAN SANDIM,M,18/03/1982,Válido,45
45888,107,Suplente,ELANAI RODRIGUES DOS SANTOS,LANA RODRIGUE,F,08/09/1967,Válido,45
45500,1497,Suplente,ANTONIO FERREIRA DA CRUZ FILHO,DR. ANTONIO CRUZ,M,05/12/1949,Válido,45
45555,588,Suplente,MARIO SÉRGIO GOMES DE CASTRO,MARINHO DA ACOMAC,M,10/07/1967,Válido,45
45111,170,Suplente,ROBERTA GEOVANNA MARTINEZ GARCIA,ROBERTA GARCIA,F,17/04/1990,Válido,45
45789,90,Suplente,GABINO ELIXECE LINO,GABINO LINO,M,27/02/1954,Válido,45
45800,346,Suplente,WALDIR BARROS DA SILVA,PROF. WALDIR BARROS DA SILVA,M,18/02/1968,Válido,45
45666,597,Suplente,SELMO CASSIMIRO DA SILVA,SELMO CASSIMIRO,M,16/05/1972,Válido,45
45999,4199,Eleito,JUARI LOPES PINTO,PROFESSOR JUARI,M,23/07/1978,Válido,45
45007,1811,Suplente,WELLINGTON DE OLIVEIRA,DELEGADO WELLINGTON,M,26/05/1971,Válido,45
45221,134,Suplente,FRANCISCO JOSÉ PEREIRA,CHICÃO DO CAMELÓDROMO,M,20/04/1966,Válido,45
45222,373,Suplente,ALBINO ROMERO,DR. ALBINO ROMERO,M,20/03/1951,Válido,45
45015,226,Suplente,ELY EDSON SILVEIRA MELO FILHO,ELY SILVEIRA,M,29/10/1987,Válido,45
45190,640,Suplente,MARIA CAMPOS MENDES,POLICIAL MARIA CAMPOS,F,04/01/1965,Válido,45
45067,238,Não eleito,OTALICIO PEREIRA DOS SANTOS,BRANCO BILLY,M,10/12/1971,Anulado sub judice,45
45444,641,Suplente,DAGMAR CARPEZANI LOPES,DAGMAR CARPEZANI,M,09/08/1961,Válido,45
45645,4118,Suplente,ADEMIR SANTANA DELMONDES,ADEMIR SANTANA,M,24/11/1964,Válido,45
45145,279,Suplente,JOSÉ MANUEL MARQUES CANDIA,JOSÉ MANUEL,M,07/04/1971,Válido,45
51051,2873,Eleito,SANDRO TRINDADE BENITES,DR SANDRO BENITES,M,24/07/1974,Válido,51
51190,828,Suplente,LUCIANO PEREIRA DOS SANTOS,CABO PEREIRA,M,09/02/1974,Válido,51
51193,1909,Suplente,PEDRO CENTURIÃO FILHO,MAJOR CENTURIÃO,M,10/03/1961,Válido,51
51052,116,Suplente,JUSCELENER GONÇALVES BARBOSA,JUSCELENER BARBOSA,F,30/05/1974,Válido,51
51123,1366,Suplente,BRUNO E SILVA NÓBREGA,PROFESSOR BRUNO NÓBREGA,M,22/08/1978,Válido,51
51234,950,Suplente,OSAEL PEDROZO DE ALMEIDA,GCM OSAEL PEDROSO,M,10/04/1980,Válido,51
51010,29,Suplente,ANNA PAULA STEGUN OLIVEIRA,CABO ANNA,F,02/12/1979,Válido,51
51113,48,Suplente,MAIARA INÊS DE FIGUEIREDO MACEDO,MAIARA MACEDO,F,27/05/1989,Válido,51
51005,718,Suplente,GIVANILDO HELENO DE PAULA,GIVANILDO DE PAULA,M,21/08/1979,Válido,51
51208,44,Suplente,MICHELI DO NASCIMENTO DE SANTANA,MICHELI SANTANA,F,13/02/1990,Válido,51
51519,1206,Suplente,LINDAURA PAZDEROVÁ,LINDAURA DO ROUXINÓIS,F,28/07/1968,Válido,51
51321,111,Suplente,DARILZA BARRACA REZENDE,DADA FISIOTERAPEUTA,F,22/04/1979,Válido,51
51000,829,Suplente,SONIA MARIA CORREIA DOS SANTOS,ENFERMEIRA SONINHA DA SAÚDE,F,04/02/1960,Válido,51
51151,52,Suplente,MAURO HENRIQUE FLORES DA SILVA,MAURO HENRIQUE,M,20/04/1986,Válido,51
51211,53,Suplente,JOÃO BATISTA FERREIRA JUNIOR,JOÃO DA CAÇAMBA,M,02/05/1979,Válido,51
51751,1330,Suplente,CARLOS HENRIQUE BAZO,PASTOR CARLOS BAZO,M,28/03/1968,Válido,51
51100,48,Suplente,MARIA CRISTINA MACHADO DOS SANTOS MARQUES VASQUES,CRISTINA VASQUES,F,26/09/1958,Válido,51
51223,548,Suplente,LUCIANO RODRIGUES BORGES,PROFESSOR LUCIANO,M,06/04/1978,Válido,51
51888,634,Suplente,RUDI CARLOS QUINTANA,RUDI CARLOS,M,16/07/1976,Válido,51
51115,323,Suplente,ADRIANO FERREIRA VARGAS,ADRIANO VARGAS,M,08/12/1987,Válido,51
51200,379,Suplente,FLAVIO RICARDO DA CRUZ RABELO,FLAVINHO,M,02/01/1985,Válido,51
51067,327,Suplente,FÁBIO DA ROCHA CARNEIRO,PROFESSOR FABIO ROCHA,M,28/07/1977,Válido,51
51666,19,Suplente,FABIO SILVA DAS GRAÇAS,FABINHO,M,05/03/1980,Válido,51
51333,324,Suplente,ALESSANDRO CHAVES DE ANDRADE,ALESSANDRO CHAVES,M,24/05/1975,Válido,51
51651,77,Suplente,SILVIO CORRÊA DE AQUINO,SILVIO CORRÊA,M,27/09/1969,Válido,51
51222,266,Suplente,MARCOS ROGERIO ANDRADE FERREIRA,MARCOS ROGÉRIO CABELEIREIRO,M,28/05/1972,Válido,51
51001,22,Suplente,SARA GLORIA OLIVEIRA DA SILVA SANTOS,SARA GLORIA,F,04/12/1968,Válido,51
51121,477,Suplente,RENATA DALAVIA MALHADO,RENATA DALÁVIA,F,22/12/1983,Válido,51
51444,2113,Suplente,PAULO CESAR LANDS FILHO,PAULO LANDS,M,10/08/1987,Válido,51
51055,1509,Suplente,JOEL LIDIO FAUSTINO,JOEL FAUSTINO,M,26/11/1976,Válido,51
51007,274,Suplente,JOÃO RODRIGUES DA SILVA,RODRIGUES DO CARTÓRIO,M,24/02/1967,Válido,51
51999,228,Suplente,JANE DUARTE DOS SANTOS,JANE DU POVO,F,21/04/1979,Válido,51
51500,719,Suplente,ROQUE DUTRA ESCOBAR,ROQUE DUTRA,M,24/10/1964,Válido,51
51300,285,Suplente,NILSON PAULO RICARTES DE OLIVEIRA,NILSON RICARTES,M,20/12/1957,Válido,51
51789,533,Suplente,LUIZ ANTONIO DE OLIVEIRA,LUIZ ANTONIO,M,22/02/1968,Válido,51
51120,129,Suplente,THAIS PEREIRA DA SILVA,THAIS PEREIRA,F,17/05/1995,Válido,51
51800,928,Suplente,BRUNO SILVEIRA MIRANDA GONÇALVES,CABO SILVEIRA,M,25/07/1991,Válido,51
51111,1268,Suplente,MARIA ANGELICA FONTANARI DE CARVALHO SILVA,ANGELICA FONTANARI,F,05/03/1980,Válido,51
51515,704,Suplente,ORESTES MORAES GODOI,ORESTES BATUTA,M,07/03/1958,Válido,51
51955,320,Suplente,VANDERLEI SOARES FRANÇA,VANDERLEI FRANÇA,M,30/10/1986,Válido,51
51024,139,Suplente,GILMAR APARECIDO FARIAS DA SILVA,NEI PRETINHO,M,11/05/1959,Válido,51
51555,2986,Eleito,EDUARDO LOPES MIRANDA,EDU MIRANDA,M,30/04/1962,Válido,51
33555,121,Não eleito,ODILON DAVID VALU,ODILON VALU,M,28/12/1972,Válido,33
33022,137,Não eleito,DARCI LIMA DA SILVA MACHADO,DONA DARCI ASSISTENTE SOCIAL,F,27/03/1964,Válido,33
33055,255,Não eleito,JEFERSON FERNANDES,JEFERSON FERNANDES,M,05/01/1978,Válido,33
33331,24,Não eleito,MARCELO ANTONIO DA SILVA,PASTOR MARCELINHO,M,01/10/1985,Válido,33
33221,18,Não eleito,DAYANE GOMES DAS NEVES,DAYANE GOMES,F,18/06/1983,Válido,33
33533,4,Não eleito,NOYR RONDORA MARQUES,NOYR RONDORA,F,21/10/1969,Válido,33
33122,41,Não eleito,EDUARDO FERREIRA,EDUARDO MESTRE DE OBRAS ,M,18/03/1960,Válido,33
33330,142,Não eleito,VALDIZETE RODRIGUES BEZERRA,ZETTI SEGURANÇA,M,11/08/1968,Válido,33
33666,59,Não eleito,JUSCELINO SOARES BRUM,ENGENHEIRO JUSCELINO ,M,27/04/1956,Válido,33
33000,145,Não eleito,TATIANA FRANCISCO DA SILVA MARQUES,TATIANA TERENA,F,17/02/1986,Válido,33
33500,54,Não eleito,JOSEMAR DA SILVA OLIVEIRA,JOSEMAR DO NOVALIMA,M,20/05/1975,Válido,33
33999,19,Não eleito,PATRÍCIA BISPO GONÇALVES,MISSIONARIA PATRICIA,F,28/01/1972,Válido,33
33399,96,Não eleito,MARCO ANTONIO PALERMO ORTEGA,MARCO ANTONIO DO APLICATIVO,M,01/02/1969,Válido,33
33523,222,Não eleito,JONAS ANJOS DA SILVA,JONAS CAIPIRA,M,28/05/1961,Válido,33
33111,152,Não eleito,ROSA NEIDE CARDOSO,MISSIONARIA ROSA NEIDE,F,17/07/1964,Válido,33
33220,164,Não eleito,ANDRE LUIZ PEREIRA DE ANDRADE VIEIRA,ANDRE VIEIRA ,M,22/10/1982,Válido,33
33123,163,Não eleito,CLODOALDO DIAS GUIMARAES,CLODOALDO BOLSONARO,M,17/11/1980,Válido,33
33333,385,Não eleito,ADENIR CHAVES DE BARROS,MAGÊ BARROS,M,11/04/1971,Válido,33
33312,34,Não eleito,MERCEDES AMARILIA,MERCEDES AMARILIA,F,24/09/1971,Válido,33
33789,169,Não eleito,MARCOS DOMICIANO DE SOUZA,MARCOS ROSINHA,M,10/03/1971,Válido,33
33033,178,Não eleito,ADAO CEZAR DE SOUZA MENDONCA,TENENTE ADAO MEDONCA,M,21/01/1962,Válido,33
33453,91,Não eleito,SIELMO ESTEVAO DE SOUZA,SIELMO ESTEVÃO,M,21/09/1967,Válido,33
33377,15,Não eleito,ROSENILDA DE OLIVEIRA JESUS,ROSE DE JESUS,F,10/11/1978,Válido,33
33777,64,Não eleito,JOAO GERALDO PEREIRA DA SILVA FILHO,JOÃO GERALDO,M,11/05/1980,Válido,33
33456,42,Não eleito,EZEQUIEL FREIRE DA SILVA,ENG EZEQUIEL FREIRE,M,15/12/1961,Válido,33
33335,122,Não eleito,DEBORA PIEMONTE HENRIQUES,DÉBORA PEREIRÃO,F,20/05/1972,Válido,33
