numero,votos_nominais,situacao,nome,nome_urna,sexo,data_nasc,destino_voto,numero_partido
15015,60,Não eleito,LEANDRO OLIVEIRA PEDROZA,LEANDRO GURUBÉIA,M,07/03/1978,Válido,15
15225,9,Não eleito,DENILSON TAVARES SILVA,DENILSON,M,25/02/1990,Válido,15
15555,43,Não eleito,ALCEMIR XAVIER DE MELO,CEMIR,M,10/10/1970,Válido,15
15333,10,Não eleito,JULIA HILARIO TRENTIN,JÚLIA HILÁRIO,F,20/03/1962,Válido,15
15444,38,Não eleito,ALESSANDRO SOBRAL TEIXEIRA,SANDRO SOBRAL,M,14/08/1976,Válido,15
15545,23,Não eleito,MARIA DA PENHA BUQUERONI DA SILVA,PENHA BUQUERONI,F,13/03/1970,Válido,15
15115,5,Não eleito,MARCIANO ROSA FERNANDES,MARCIANO,M,04/12/2001,Válido,15
15678,9,Não eleito,JOÃO BATISTA LINS,JOÃO BATISTA,M,24/06/1950,Válido,15
15020,12,Não eleito,JOCÉLIA AMADA DE ANDRADE COSTA,CÉLIA DO MORRO,F,23/08/1973,Válido,15
15123,33,Não eleito,NAZÁRIO DE SOUZA FERREIRA,NAZÁRIO,M,04/02/1964,Válido,15
15222,25,Não eleito,SILVANA ROCHA VIEIRA,SILVANA ESTEVÃO,F,05/05/1980,Válido,15
40000,2,Não eleito,MIRIAN MUNIZ RAMOS LADISLAU,MISSIONARIA MIRIAN,F,13/07/1965,Válido,40
40333,21,Não eleito,JHONES SOARES DA SILVA,JHONES SOARES,M,15/02/1997,Válido,40
40123,64,Não eleito,MIGUEL AFONSO ALMEIDA DE OLIVEIRA,AFONSO,M,24/04/1952,Válido,40
40666,50,Não eleito,RENATA CRISTINE ROSEIRA,RENATA ADVOGADA,F,10/10/1978,Válido,40
40444,34,Não eleito,JOSÉ RICARDO DE OLIVEIRA QUEIROZ,JOSE RICARDO DO CONTORNO,M,03/01/1957,Válido,40
40555,42,Não eleito,ADENILSON QUINTO TEIXEIRA,NILSINHO,M,12/12/1973,Válido,40
40456,1,Não eleito,MAURICIO BARBOSA DA ROCHA,MAURICIO BARBOSA,M,12/08/1984,Válido,40
40234,8,Não eleito,MARIA JOSE RONCARTI,ZEZE,F,11/03/1962,Válido,40
40111,18,Não eleito,JULIO CEZAR DA SILVA BARROS,CEZAR GANDAIA,M,26/01/1981,Válido,40
40222,24,Não eleito,HERALDO CAROLINO DE ANDRADE,HERALDO CAPOEIRA,M,02/02/1967,Válido,40
14300,3,Não eleito,TEREZA DIAS BARBOSA,TEREZA DIAS,F,29/09/1959,Válido,14
14567,19,Não eleito,TIAGO SILVA DOS SANTOS,TIAGO TEQUINHA,M,19/04/1982,Válido,14
14099,4,Não eleito,ALOISIO PEREIRA MELO,MELO,M,19/04/1965,Válido,14
14200,11,Não eleito,JOSÉ CARLOS MELLO BERNARDO,JOSÉ CARLOS,M,01/12/1989,Válido,14
14400,10,Não eleito,CHEYLA MEDEIROS DE SOUZA,CHEYLA MEDEIROS,F,09/08/1979,Válido,14
14100,4,Não eleito,ILMA LOURENÇO BRASIL PEREIRA,ILMA BRASIL,F,04/04/1975,Válido,14
14579,9,Não eleito,JOSÉ NATAL CORDEIRO,NATAL DA COCADA,M,25/12/1967,Válido,14
43111,2,Suplente,LUCIMAR DE SOUZA RIBEIRO,NENZINHA,F,26/04/1971,Válido,43
43999,19,Suplente,EBENEZER FERREIRA PACHECO,PROFESSOR EBENÉZER,M,10/10/1981,Válido,43
43043,44,Suplente,WAGNER MORAIS DE FARIA,WAGNER DO ZÉ RENATO,M,29/10/1984,Válido,43
43777,6,Suplente,JOSE OLYMPIO DE AQUINO CORREA,JOSE OLIMPIO MARCENEIRO,M,01/01/1967,Válido,43
43325,2,Suplente,ANA MARIA DE SOUZA MELLO,NANINHA,F,22/08/1974,Válido,43
43333,192,Eleito,DIEGO PEDROSA DE SOUZA,DIEGO DO BETINHO,M,18/01/1991,Válido,43
43888,13,Suplente,REGINALDO VICTOR BRAGA,REGINALDO VICTOR,M,16/07/1985,Válido,43
43444,22,Suplente,ANGELA MARIA ALVES MARQUES,ANGELA MARQUES,F,02/02/1991,Válido,43
43321,3,Suplente,ANA CLAUDIA RIBEIRO ROSA,ANA CLAUDIA,F,02/08/1993,Válido,43
43234,29,Suplente,ALCEMIR PEREIRA FERRAZ,ALCEMIR BÉ,M,15/07/1970,Válido,43
43222,93,Suplente,LUCAS DE OLIVEIRA AQUINO,LUCAS DO DEUZINHO,M,22/03/1989,Válido,43
43000,25,Suplente,VERA LUCIA SABOIA DA SILVA,VERA SABÓIA,F,05/10/1967,Válido,43
43555,9,Suplente,JULIO CEZAR MORAIS DA FONSECA,JULINHO DO ALTIVO,M,05/08/1980,Válido,43
33625,33,Não eleito,DILCEIA APARECIDA SARRIA ALBINO DA SILVA,DILCEIA SARRIA,F,07/05/1979,Válido,33
33555,122,Não eleito,MAURO CESAR SCARPINI PIMENTEL,CESINHA MECANICO,M,10/02/1975,Válido,33
33000,92,Não eleito,IRINEU GOULARTE OLIVEIRA,IRINEU,M,03/02/1985,Válido,33
33777,7,Não eleito,MAURO MOREIRA DA SILVEIRA,MAURO MOREIRA,M,09/04/1968,Válido,33
33234,7,Não eleito,BISMARA DE AQUINO PEIXOTO TEIXEIRA,BISMARA,F,03/05/1992,Válido,33
33333,8,Não eleito,ISABEL EMERENCIANO QUIRINO,ISABEL QUIRINO,F,05/11/1960,Válido,33
33666,20,Não eleito,JOSE CARLOS GOMES RAMOS,CAIO DO VALTÃO,M,19/03/1965,Válido,33
33123,36,Não eleito,JAIRO JOSE PALMARES,JAIRO PALMARES,M,12/09/1961,Válido,33
13130,133,Eleito,MARIO LUCIO RIBEIRO MARQUES,MARIO LUCIO,M,18/07/1982,Válido,13
13100,3,Suplente,DIANA SODRÉ LOURENÇO DA SILVA,DIANA SODRÉ,F,22/09/1982,Válido,13
13333,89,Suplente,DOUGLAS VIANA CARNEIRO,DOUGLAS TOCÃO,M,20/10/1989,Válido,13
13123,37,Suplente,VANESSA DE OLIVEIRA MIRANDA,VANESSA OLIVEIRA,F,02/01/1981,Válido,13
13222,15,Suplente,LUIZ CLAUDIO DA SILVA PEREIRA,CLAUDIO BARÃO,M,19/10/1970,Válido,13
13666,73,Suplente,MARIA DAS GRAÇAS CABRAL GONÇALVES,CIRINHA,F,18/05/1967,Válido,13
13113,8,Suplente,ALEXANDRE VALIM CAMARGO,ALEXANDRE GOIANO,M,16/12/1987,Válido,13
13077,10,Suplente,KATIA SILVA BARBOSA,KATIA,F,25/11/1982,Válido,13
13000,7,Suplente,FLAVIA VALADAO MOZELLE,FLAVIA VALADAO,F,10/01/1990,Válido,13
13777,15,Suplente,MAGNO SERODIO SILVA ARAUJO,MAGNO SERODIO,M,04/03/1963,Válido,13
13111,18,Suplente,AMANDA DE SOUZA SILVA CARVALHO,AMANDA CARVALHO,F,12/01/1986,Válido,13
10456,106,Suplente,FABIO PAULO GUESI,FABINHO DA FARMACIA,M,16/12/1976,Válido,10
10000,74,Suplente,JOÃONEIR CHOTÉ SILVA,JOÃONEIR,M,27/06/1986,Válido,10
10300,11,Suplente,MONICA CAMPOS MILANI CARVALHO,MONICA MILANI,F,18/10/1971,Válido,10
10200,8,Suplente,MARCIA FLORENCIO DE OLIVEIRA FARIA,MARCIA FLORENCIO,F,02/08/1970,Válido,10
10789,29,Suplente,RONILSON MACHARETE DE ANDRADE,RONILSON DO SEBASTIAO ADÃO,M,18/10/1988,Válido,10
10123,268,Eleito,PAULO CESAR DE OLIVEIRA,PAULINHO,M,03/11/1956,Válido,10
10500,53,Suplente,MARIA DA APARECIDA PEDROZA PINTO,APARECIDA PEDROZA,F,12/10/1970,Válido,10
10777,27,Suplente,LUCINESIA DE SOUZA,LUCINESIA SOUSA,F,15/02/1981,Válido,10
10555,7,Suplente,RONILSON MADEIRA DA SILVA,RONILSON MADEIRA,M,17/09/1965,Válido,10
10345,18,Suplente,ELCIO MURRO TEBALDI,ELCIO TEBALDI,M,05/11/1945,Válido,10
10100,154,Eleito,ÉDERSON PINTOR,ÉDERSON PINTOR,M,05/06/1991,Válido,10
10567,16,Suplente,MARCIA NUNES DE QUEIROZ,MARCIA NUNES,F,13/07/1973,Válido,10
11222,17,Suplente,JULIO CEZAR MUNIZ DA SILVA,JÚLIO CÉZAR BOQUINHA,M,18/06/1976,Válido,11
11123,14,Suplente,ALESSANDRO RIBEIRO DE AZEVEDO,PROFESSOR ALESSANDRO,M,17/09/1972,Válido,11
11676,49,Suplente,WILLIAN RANGEL LEAL,PROFESSOR WILLIAN RANGEL,M,16/11/1976,Válido,11
11345,5,Suplente,JUAREZ DA SILVA RAMOS,JUAREZ MESTRE JOJO,M,19/04/1967,Válido,11
11000,18,Suplente,CELI ALVES PEREIRA GUIMARAES,LILA,F,25/07/1967,Válido,11
11444,51,Suplente,MARIA SANTA HILÁRIO FERREIRA,MARIA SANTA,F,14/08/1982,Válido,11
11111,12,Suplente,CARLOS CASTILHO CAMPOS DA SILVA,CARLOS CASTILHO,M,01/10/1957,Válido,11
11234,176,Eleito,ADELINO GONÇALVES MENDES,PORÉ,M,06/01/1963,Válido,11
11456,9,Suplente,NILO BARELA DE OLIVEIRA,NILINHO,M,16/08/1987,Válido,11
11333,16,Suplente,LEANDRO LUIZ CAMPOS MAGALHÃES,LEANDRO DO GELO,M,28/04/1975,Válido,11
11555,159,Eleito,ANGELA MARIA HENRIQUES,ANGELA DA SAÚDE,F,14/12/1954,Válido,11
11113,6,Suplente,FABIANE LOPES DA SILVA,FABIANE DO BRANCO,F,23/09/1975,Válido,11
11223,93,Suplente,LINDOMAR ZACARIAS DA SILVA,MAZINHO DO LAERTE RUSSO,M,23/08/1973,Válido,11
22123,72,Suplente,LEANDRO CEZAR TOMAZ SOUZA,LEANDRO CÉZAR DA IGREJA,M,24/04/1972,Válido,22
22111,31,Suplente,PAULO EMILIO BASTOS GUERRA FILHO,FIFI,M,12/02/1980,Válido,22
22345,8,Suplente,FRANCIELE HENRIQUES,FRANCIELE DO CHICO BRIZOLA,F,08/03/1979,Válido,22
22485,8,Suplente,VANIA MARIA DA SILVA MOURA,VANIA MOURA,F,03/06/1967,Válido,22
22762,31,Suplente,VANDERLEIA PERUZINI PINHEIRO DA SILVA,VANDERLEIA PINHEIRO,F,16/12/1983,Válido,22
22555,45,Suplente,NIELSON FERNANDES MURI DA SILVA,NIELSON FABER,M,09/11/1988,Válido,22
22222,144,Suplente,PAULO SERGIO DA SILVA,SERGIO ET,M,16/05/1976,Válido,22
22022,34,Suplente,CAMILA APARECIDA TEIXEIRA FERREIRA,CAMILA FERREIRA,F,07/01/1982,Válido,22
22118,9,Suplente,RULIGLEIS BARBOSA DA SILVA,RULIGLEIS,M,22/12/1983,Válido,22
22000,211,Eleito,IVANILDO MENDES DE OLIVEIRA,IVANILDO MENDES,M,31/12/1975,Válido,22
22333,176,Eleito,FABIANO BASILIO ZANARDI,FABIANO ZANARDI,M,27/05/1991,Válido,22
12222,224,Eleito,ANA BEATRIZ RANGEL GOMES MOUTINHO,ANA BEATRIZ,F,04/08/1989,Válido,12
12333,36,Suplente,ALTAMIR CRISTOFORI REZENDE,TAMIRO,M,31/01/1961,Válido,12
12345,23,Suplente,CREUZA MARIA AMARAL MAGALHÃES,CREUZA AMARAL,F,02/09/1971,Válido,12
12123,13,Suplente,THIAGO DE OLIVEIRA SABINO,THIAGÃO,M,03/02/1984,Válido,12
12190,39,Suplente,MARCELO SILVA DE MATOS,MARCELO PM,M,14/07/1970,Válido,12
12444,9,Suplente,WILMAR OLIVEIRA COTTINI FILHO,WILMAR,M,26/04/1992,Válido,12
12555,7,Suplente,LUANA LEANDRA BALBINO DOS SANTOS,LUANA,F,29/07/1990,Válido,12
12777,18,Suplente,PAULO DA SILVA MILANI,PAULO MILANI,M,02/08/1980,Válido,12
12000,11,Suplente,JOKLEYER ANTONIO FARIA DA SILVA,JOKLEYER,M,19/12/1958,Válido,12
12236,211,Suplente,VILMAR ARAUJO DE OLIVEIRA,VILMAR,M,30/01/1964,Válido,12
