numero,votos_nominais,situacao,nome,nome_urna,sexo,data_nasc,destino_voto,numero_partido
70256,146,Suplente,JOSÉ ANTÕNIO PEREIRA DA SILVA,JOSÉ ANTÔNIO,M,05/01/1985,Válido,70
70700,587,Suplente,JAIRO MUNIZ DE AMORIM,IRMÃO JAIRO,M,27/03/1960,Válido,70
70222,50,Suplente,AURIANI DE JESUS SILVA,AURIANI DE JESUS,F,28/08/1967,Válido,70
70223,23,Suplente,NAIELE SOUZA BATISTA,NAIELE BATISA,F,26/10/1990,Válido,70
70100,154,Suplente,LUCIMAR SANTANA MENDES,LÚCIA MENDES,F,27/01/1981,Válido,70
70000,901,Suplente,HÉLIO SANTANA ARAÚJO,HÉLIO SANTANA,M,27/07/1976,Válido,70
70333,1166,Suplente,JUAREZ RIGOL DA SILVA,JUAREZ RIGOL,M,06/10/1963,Válido,70
70111,734,Suplente,IRINEU SANTOS DA SILVA,IRINEU SANTOS,M,26/06/1976,Válido,70
70007,380,Suplente,VALCY BARBOZA RIBEIRO,VALCY RIBEIRO,M,23/03/1981,Válido,70
70555,51,Suplente,DANILA MICHELE SOUZA DOS SANTOS,DANILA MICHELE,F,06/12/1998,Válido,70
70200,1467,Eleito,WALDSON PEREIRA SALAZAR,WALDSON DA AGESP,M,16/12/1977,Válido,70
70777,126,Suplente,ACRÍZIO SOUSA DA COSTA,BORRACHA MÓVEL,M,10/11/1969,Válido,70
70192,777,Suplente,MAGNA REGINA FERREIRA,MAGNA DA SAÚDE,F,04/09/1972,Válido,70
70123,512,Suplente,JOÃO CAMPOS DE ABREU,PASTOR JOÃO CAMPOS,M,05/04/1956,Válido,70
70038,316,Suplente,RONALDO MILHOMEM BRITO,RONALDO MILHOMEM,M,21/03/1974,Válido,70
70456,579,Suplente,ISMAEL FREIRE CAVALCANTE,ISMAEL CAVALCANTE,M,27/04/1967,Válido,70
27420,35,Não eleito,ORLANDO DOS REIS SILVA,ORLANDO,M,16/08/1982,Válido,27
27123,107,Não eleito,MARCUS EDUARDO NERY ARAUJO DE MENDONÇA,MARCÃO BOLSONARO,M,16/06/1981,Válido,27
27038,190,Não eleito,LUCIMAR GOMES GODOY,LUCIMAR GODOY,F,02/09/1958,Válido,27
27234,36,Não eleito,BRENDA BARROS LOPES,BRENDA DO LAVA JATO,F,08/10/1980,Válido,27
27888,111,Não eleito,NAGI MUNIZ LOPES,NAGI MUNIZ,M,26/06/1980,Válido,27
27135,491,Não eleito,RAILDO MIRANDA MORAIS,RAILDO MIRANDA,M,16/12/1993,Válido,27
27776,160,Não eleito,JOSÉ ALAN DE OLIVEIRA CASTRO,JOSÉ ALAN,M,23/02/1978,Válido,27
27017,3,Não eleito,MARTHA LÚCIA DUARTE ALVES,MARTHA HADASSA,F,29/07/1982,Válido,27
27270,95,Não eleito,LUCAS SANTOS BELINELLE,LUCAS BELINELLE,M,28/11/1989,Válido,27
27000,8,Não eleito,FRANCISCO ANICETO SIQUEIRA NETO,SIQUEIRA NETO,M,29/08/1957,Válido,27
27277,25,Não eleito,RODRIGO BARBOSA RODRIGUES,RODRIGO BARBOSA,M,07/03/1985,Válido,27
27900,17,Não eleito,DUCINALVA FERNANDES RIOS,DULCE DA CASA DAS BECAS,F,10/06/1969,Válido,27
27027,140,Não eleito,FREDERICO GOMES DA ROCHA,FREDY ROCHA,M,25/11/1986,Válido,27
27777,158,Não eleito,ROGÉRIO FERNANDES DA SILVA,ROGÉRIO FERNANDES,M,27/02/1988,Válido,27
27010,328,Não eleito,RAIMUNDO MAGALHÃES DE SOUSA,MAGALHÃES,M,12/03/1959,Válido,27
27300,699,Não eleito,RAIMUNDO NONATO NORONHA ALVES,RAIMUNDO CONTADOR,M,24/08/1972,Válido,27
27012,50,Não eleito,JANICE PEREIRA RODRIGUES,JANICE MARZIO,F,12/09/1978,Válido,27
27121,12,Não eleito,ILMA DE JESUS SOUSA DA SILVA,PASTORA ILMA,F,23/08/1959,Válido,27
27051,162,Não eleito,ERISVALDO MIRANDA DOS SANTOS,NEGUINHO BAIANO,M,09/08/1985,Válido,27
27193,259,Não eleito,PETERSON QUEIROZ DE ORNELAS,BOMBEIRO ORNELAS,M,22/08/1978,Válido,27
27007,40,Não eleito,ANSELMO BENEDITO DE OLIVEIRA,ANSELMO,M,11/02/1957,Válido,27
27100,628,Não eleito,CIRLEY GONÇALVES DA SILVA MENDONÇA,CIRLEY GONÇALVES,M,22/12/1982,Válido,27
27846,5,Não eleito,LAYNARA ALVES LIMA,NARA,F,30/05/1996,Válido,27
27111,130,Não eleito,DJACY ALMEIDA DA SILVA,DJACY ALMEIDA,M,07/09/1964,Válido,27
27191,23,Não eleito,ISAIAS DOS SANTOS NETO,NETO DO ARAGUATINS,M,10/07/1963,Válido,27
27380,147,Não eleito,ISMAEL FREITA MOREIRA,SARGENTO MOREIRA,M,08/04/1969,Válido,27
27200,53,Não eleito,ROSA MARIA ARAUJO DE VASCONCELOS,ROSA MARIA,F,01/02/1973,Válido,27
23023,479,Suplente,GEORGIO MOURA E SILVA,PROFESSOR GEGÊ,M,27/05/1977,Válido,23
23999,5,Suplente,LUCIMAY CARLA ARALDI,CARLA ARALDI,F,01/07/1982,Válido,23
23000,587,Suplente,FLÁVIO DIAS DA SILVA,FLAVIO DIAS,M,04/12/1972,Válido,23
23443,2,Suplente,NAIZE ABREU BANDEIRA DE MELO,NAÍZE MELO,F,06/09/1987,Válido,23
23222,1134,Suplente,WILTON BEZERRA DO NASCIMENTO,WILTON DO ZÉ BRANQUIM,M,29/09/1975,Válido,23
23343,8,Suplente,JARDILENE PEREIRA DA SILVA,JADY,F,27/09/1990,Válido,23
23900,365,Suplente,JURANDI OLIVEIRA DE ALMEIDA,JURANDI OLIVEIRA,M,06/11/1977,Válido,23
23173,8,Suplente,RAIMUNDA BARBOSA BARREIRA DA SILVA,RAIMUNDA BARBOSA,F,18/12/1985,Válido,23
23100,1250,Eleito,RUBENS DE JESUS UCHOA,RUBENS UCHÔA,M,19/04/1985,Válido,23
23400,511,Suplente,ANTENOR SARAIVA DE SOUSA,ANTENOR SARAIVA,M,12/11/1970,Válido,23
23444,248,Suplente,FRANCISCO KLEBER MELO DAMASCENO,KLEBER DO PARAÍBA,M,20/07/1968,Válido,23
23300,498,Suplente,HEGUEL BELMIRO SOUTO DE ALBUQUERQUE,HEGUEL ALBUQUERQUE,M,08/10/1975,Válido,23
23123,1653,Eleito,JOATAN SILVA DE JESUS,JOATAN,M,05/09/1979,Válido,23
23120,150,Suplente,ANTONIO PESSOA MARACAÍPE,PESSOA,M,24/08/1966,Válido,23
23777,200,Suplente,FRANCISCO MENDES BRAGA,GALEGO,M,21/04/1952,Válido,23
23600,113,Suplente,RENATO JOSE VEIGA,RENATO VEIGA,M,20/09/1979,Válido,23
23331,1,Suplente,ZILEIDE TIMOTIO RIBEIRO,LEIDE TIMOTIO,F,26/10/1972,Válido,23
23700,259,Suplente,CLEUDES LIMA PINHEIRO,MARRECO DO TAXI,M,04/12/1977,Válido,23
23713,25,Suplente,MARIA DAS GRAÇAS MENDES DE OLIVEIRA,MARIA MENDES,F,13/09/1970,Válido,23
23111,123,Suplente,CARLOS EDUARDO AIRES GOMES DOS SANTOS,EDUARDO AIRES,M,20/04/1963,Válido,23
23555,53,Suplente,MARIO ZAN MARTINS FORMIGA,FORMIGUINHA,M,15/07/1974,Válido,23
23500,468,Suplente,TIBURCIO MARCIO PIMENTEL TOLENTINO,TIBÚRCIO TOLENTINO,M,14/04/1951,Válido,23
23200,116,Suplente,MARIA DOMINGAS DOS SANTOS MORAES,DOMINGAS SANTOS,F,01/09/1991,Válido,23
23001,26,Suplente,ALESSANDRA ANDRADE REZENDE,ALESSANDRA REZENDE,F,15/08/1974,Válido,23
23456,157,Suplente,RAINEL RODRIGUES PEREIRA,NEGÃO DO CHAPÉU,M,30/09/1968,Válido,23
23333,254,Suplente,DOMINGOS PINTO DA COSTA,DOMINGOS PINTO,M,18/07/1971,Válido,23
15777,48,Suplente,MARIA DE FATIMA AUZIER GUIMARÃES,FÁTIMA DA COMUNIDADE,F,27/03/1972,Válido,15
15010,1072,Suplente,DIOGO FERNANDES COSTA VALDEVINO,DIOGO FERNANDES,M,12/09/1986,Válido,15
15800,1349,Suplente,LÚCIO CAMPELO DA SILVA,LUCIO CAMPELO,M,26/12/1963,Válido,15
15500,1942,Eleito,ROGÉRIO DE FREITAS LEDA BARROS,ROGERIO FREITAS,M,07/07/1977,Válido,15
15680,47,Suplente,NOELI DE FATIMA KOSSMANN,NOELI DO PÃO DE ALHO,F,26/02/1971,Válido,15
15600,74,Suplente,JAMIR LOURENÇO FILHO,JAMIR LOURENÇO,M,13/09/1956,Válido,15
15300,91,Suplente,JOÃO PAULO DE CARVALHO,JP DO POVO,M,01/05/1970,Válido,15
15700,30,Suplente,ANTÔNIO FERNANDO DE OLIVEIRA SANTANA,FERNANDO BAIANO,M,18/09/1973,Válido,15
15123,475,Suplente,LEIDIANE GLORIA CARDOSO,LEIDINHA CARDOSO,F,30/11/1985,Válido,15
15200,34,Suplente,MIRIAN VIEIRA DUARTE,MIRIAN DUARTE,F,31/08/1968,Válido,15
15015,581,Suplente,JACQUES SILVA DE SOUSA,JACQUES SILVA,M,08/11/1946,Válido,15
15023,164,Suplente,JOSILENE DE SOUZA MEDRADO,JOSY,F,08/07/1980,Válido,15
15118,36,Suplente,JOSÉ HAROLDO NUNES DE AZEVEDO,ZÉ HAROLDO,M,18/05/1951,Válido,15
15202,42,Suplente,DIRLENE MÁRCIA PEREIRA ANDRADE,SARGENTO DIRLENE,F,21/01/1984,Válido,15
25555,106,Suplente,FABÍOLA PEIXOTO DE ARAÚJO,PROFESSORA FABIOLA,F,17/05/1969,Válido,25
25800,962,Suplente,ELIS RAIK MIRANDA DE CARVALHO,PROFESSOR ELIS RAIK,M,13/08/1978,Válido,25
25500,37,Suplente,CELIO DE AZEVEDO,MAJOR AZEVEDO,M,15/03/1970,Válido,25
25025,1077,Suplente,GUSTAVO ANUNCIAÇÃO DA SILVA FARIA,GUSTAVO FARIA,M,29/03/1996,Válido,25
25123,1444,Suplente,EDSON MOTA DE OLIVEIRA,ETINHO NORDESTE,M,26/01/1968,Válido,25
25125,149,Suplente,ANDRÉ LUIZ DONZELI,ANDRE PORKÃO,M,16/08/1970,Válido,25
25222,137,Suplente,PRISCILLA MARIA ALVES DA SILVA,MAJOR PRISCILLA,F,28/05/1972,Válido,25
25777,62,Suplente,LUIZ ALBERTO COQUEIRO FILHO,COQUEIRO FILHO,M,29/03/1966,Válido,25
25000,2925,Eleito,PEDRO HENRIQUE CARDOSO BECKMAN,PEDRO CARDOSO,M,06/06/1996,Válido,25
25444,86,Suplente,ALEXANDRE IZEQUIEL DE SOUSA,ALEX PICA-PAU,M,29/08/1980,Válido,25
25321,59,Suplente,OSCARINA DE DEUS PRADO,KARINA PRADO,F,06/05/1980,Válido,25
25113,4,Suplente,TÉZZIA DE ALMEIDA SOUSA,TÉZZIA ALMEIDA,M,18/09/1997,Válido,25
25111,147,Suplente,MARCIA REGINA DOS SANTOS,SUBTENENTE MÁRCIA REGINA,F,14/01/1975,Válido,25
25100,2953,Eleito,MARILON BARBOSA CASTRO,MARILON BARBOSA,M,20/08/1961,Válido,25
28300,158,Não eleito,EGLLY LUCENA SANTOS,EGLLY COWBOY,M,21/09/1982,Válido,28
28063,6,Não eleito,LUZENIR LUCENA DA SILVA,LUZENIR LUCENA,F,10/10/1969,Válido,28
28765,94,Não eleito,CELSO MONTOIA NOGUEIRA,MONTOYA BOLSONARO,M,02/01/1971,Válido,28
28600,297,Não eleito,AURISMAR PEREIRA CAVALCANTE,CAVALCANTE,M,10/01/1971,Válido,28
28128,130,Não eleito,LUIZ CARLOS PRESTES SEIXAS,DR LUIZ PRESTES,M,12/04/1949,Válido,28
28222,75,Não eleito,MARIA PAIXÃO FERREIRA SOUZA,PAIXÃO,F,27/03/1964,Válido,28
28088,5,Não eleito,FERNANDO TEIXEIRA STORNI,FERNANDO STORNI,M,16/11/1947,Válido,28
28000,79,Não eleito,CLERIA REZENDE SILVEIRA SANTANA,CLERIA REZENDE,F,17/01/1972,Válido,28
28028,1,Não eleito,JESSYKA LUMA LIRA MARTINS,JESSYKA LUMA,F,05/12/1997,Válido,28
28123,672,Não eleito,JUANOR DA FONSECA RIBEIRO,JUANOR DA LIMPEZA,M,22/10/1966,Válido,28
28998,9,Não eleito,OLIMPIO LOPES DA SILVA,NETÃO,M,16/07/1952,Válido,28
28555,305,Não eleito,MOISES VALADARES DE SOUZA,MOISES VALADARES,M,13/11/1978,Válido,28
28777,198,Não eleito,DAVI RODRIGUES DE SOUSA,DAVI DA PESCA,M,03/07/1969,Válido,28
28100,54,Não eleito,LOURIVAL FRANCISCO FONTES LOURENÇO,LOURIVAL DO SAO JOAO,M,22/05/1976,Válido,28
28800,347,Não eleito,CARLOS AUGUSTO MELO DE OLIVEIRA,CARLÃO OLIVEIRA,M,06/09/1966,Válido,28
28333,99,Não eleito,ADRIANO RIBEIRO DA COSTA,ADRIANO RIBEIRO,M,09/11/1982,Válido,28
28700,12,Não eleito,REGEIS GONZAGA DE OLIVEIRA,REGES PATRIOTA,M,16/06/1975,Válido,28
28900,13,Não eleito,JOELMA MOURA,JOELMA MOURA,F,11/12/1966,Válido,28
28454,2,Não eleito,CLEUDILENE SILVA BARBOSA OLIVEIRA,CLEUDILENE BARBOSA,F,03/03/1984,Válido,28
28999,18,Não eleito,MARINALVA VIANA RODRIGUES,SARGENTO MARINALVA,F,31/08/1977,Válido,28
22022,426,Não eleito,MUNIZ ARAÚJO PEREIRA JÚNIOR,MUNIZ JR DO ITOP,M,15/03/2000,Válido,22
22444,93,Não eleito,MARIA XAVIER DE OLIVEIRA,MARIA XAVIER,F,06/07/1957,Válido,22
22555,1240,Não eleito,HILDA GOMES CAMPELO,PASTORA HILDA,F,02/09/1980,Válido,22
22333,80,Não eleito,JHONNATHAN DA SILVA SANTOS,GORDIM DO LITRÃO,M,29/12/1989,Válido,22
22063,103,Não eleito,MOZART MANUEL MACEDO FELIX,DELEGADO MOZART,M,10/06/1983,Válido,22
22152,39,Não eleito,MANOEL FRANCISCO DO NASCIMENTO,CHIQUINHO DO TAXI,M,18/05/1951,Válido,22
22123,329,Não eleito,MONALISA FARIAS DOS SANTOS,MONALISA FARIAS,F,23/03/1984,Válido,22
22111,9,Não eleito,CARLOS JEAN QUIRINO DOS SANTOS,CARLOS JEAN,M,08/03/1978,Válido,22
22888,60,Não eleito,MARIA DE JESUS GONÇALVES ROCHA PASSOS,DIJÉ DA ENFERMAGEM,F,06/08/1963,Válido,22
22153,987,Não eleito,GILMAR FERNANDES CUNHA,FERNANDES DA GUARDA,M,28/07/1975,Válido,22
22580,155,Não eleito,LUÍZ FERNANDO MARINS,FERNANDO CHIQUINHO,M,27/02/1972,Válido,22
22222,157,Não eleito,NELCIVAN COSTA FEITOSA,PASTOR NELCIVAN,M,10/11/1973,Anulado sub judice,22
22345,3,Não eleito,OSVALDO MARQUES DE CARVALHO,OSVALDO CORRETOR,M,28/10/1959,Válido,22
65222,31,Não eleito,NILTON NASCIMENTO DOS SANTOS,DUENDE DE TAQUARUÇU,M,11/01/1964,Válido,65
65150,5,Não eleito,ISAQUE ANTÔNIO FERREIRA,FEREIRA,M,12/11/1945,Válido,65
65300,97,Não eleito,EDILMA LAGO VIEIRA,EDILMA VIEIRA,F,24/01/1974,Válido,65
65000,175,Não eleito,SIDEROMAR MESSIAS PIRES,SIDY DO POVO,M,08/08/1965,Válido,65
65700,137,Não eleito,MARCELO MARTINS DA CONCEIÇÃO MOREIRA,MARCELO MORENO,M,07/08/1991,Válido,65
65065,413,Não eleito,GERMANA PIRES CORIOLANO,PROFESSORA GERMANA,F,18/11/1979,Válido,65
65007,55,Não eleito,WERKY SILVA NOLÊTO,PROFESSOR WERKY,M,25/01/1976,Válido,65
65900,24,Não eleito,IONEA FELIX DO NASCIMENTO,IOENEA DAS AURENY,F,18/06/1968,Válido,65
65789,52,Não eleito,ADRIANA MARIA DE MOURA,ADRIANA RUIVA,F,29/10/1973,Válido,65
65100,50,Não eleito,ABRAÃO CAVALCANTE LIMA,ABRAÃO LIMA,M,12/12/1953,Válido,65
65180,7,Não eleito,ADRIANA DE SOUSA SILVA,ADRIANA SOUSA,F,27/12/1987,Válido,65
65234,29,Não eleito,JOSE IVAN RODRIGUES DE SOUZA,PX,M,29/09/1947,Válido,65
65456,456,Não eleito,RAIMUNDO PINHEIRO DA SILVA FILHO,LICO PINHEIRO,M,10/08/1982,Válido,65
65333,28,Não eleito,RAIMUNDO DE JESUS BELCHOR,BELCHIOR DO TAQUARI,M,29/11/1967,Válido,65
65777,6,Não eleito,DENISE MARTA LOPES VIEIRA,PROFESSORA DENISE,F,21/07/1974,Válido,65
65123,481,Não eleito,GEORGE LAURO RIBEIRO DE BRITO,PROFESSOR GEORGE,M,25/01/1977,Válido,65
65555,116,Não eleito,JHONATHAS SILVA DE SOUSA,JHONATHAS DA JUVENTUDE,M,24/02/1996,Válido,65
12321,66,Suplente,JOÃO PAULO LEITE PEREIRA JUNIOR,JOTA P JUNIOR,M,31/12/1989,Válido,12
12012,241,Suplente,VALERIA ARAUJO DE QUEIROZ,ENFERMEIRA VALERIA,F,29/06/1968,Válido,12
12777,1970,Eleito,MOISEMAR ALVES MARINHO,MOISEMAR MARINHO,M,20/11/1982,Válido,12
12121,78,Suplente,CIRO WELLINGTON SOARES RIBEIRO,CIRO GARÇOM,M,30/07/1985,Válido,12
12007,218,Suplente,JOELSON BARBOSA PEREIRA,JOELSON DA NITROXI,M,13/02/1974,Válido,12
12344,21,Suplente,MAURIELTON FERREIRA COELHO,CANTOR MAURIELTON,M,31/12/1976,Válido,12
12333,82,Suplente,EULER DE SOUZA VIDAL,EULER VIDAL,M,07/04/1961,Válido,12
12888,215,Suplente,WILSON GOMES DA SILVA,WILSON DA VILA AGROTINS,M,22/01/1980,Válido,12
12500,707,Suplente,CLAYZER MAGONO DUARTE,NEGO,M,07/05/1982,Válido,12
12222,134,Suplente,MARIA IOLANDA MOURA LIMA,PROFESSORA IOLANDA LIMA,F,16/02/1965,Válido,12
12112,234,Suplente,LIDEMAR SOUZA PARENTE,LIDEMAR PARENTE,M,11/07/1980,Válido,12
12444,127,Suplente,LUCIVALDO MOREIRA DA SILVA,TAFFAREL,M,01/04/1971,Válido,12
12600,52,Suplente,MARIANA GOMES MOTA,MARIANA MOTA,F,11/04/1996,Válido,12
12000,231,Suplente,ANA MARIA LAGE RABELO,ANA LAGE,F,29/09/1972,Válido,12
12555,93,Suplente,JOSÉ HENRIQUE ALVES DO NASCIMENTO,HENRIQUE DO TAQUARI,M,24/10/1973,Válido,12
12345,690,Suplente,FREDSON CARNEIRO DA ROCHA,FREDIM DO POVO,M,13/07/1984,Válido,12
12300,399,Suplente,JANIVALDO CARVALHO ROCHA,PROFESSOR JANIVALDO,M,20/04/1978,Válido,12
12580,398,Suplente,MARIA DE JESUS DA COSTA E SILVA,MARIA DE JESUS,F,06/08/1964,Válido,12
12605,100,Suplente,ERENAL BARBOSA DA SILVA,ERENAL BARBOSA,M,29/11/1977,Válido,12
12455,72,Suplente,BENIZA MARIA LUZ COSTA,BENIZA LUZ,F,08/06/1956,Válido,12
12123,79,Suplente,ISABEL ARAUJO SOUZA,ISABEL ARAÚJO,F,22/10/1976,Válido,12
12200,176,Suplente,ODECIO SILVA COSTA,ODECIO COSTA,M,15/12/1968,Válido,12
12100,125,Suplente,ANTÔNIO GENIVAL DA SILVA,INDIO DA CENTRAL GESSO,M,30/11/1976,Válido,12
50000,42,Não eleito,SANDRA MARIA RIBEIRO LEITÃO,SANDRA MARIA RIBEIRO LEITÃO,F,07/04/1975,Válido,50
50111,346,Não eleito,CHARLEIDE MATOS DA CRUZ,CHARLEIDE MATOS ,F,14/04/1979,Válido,50
50555,170,Não eleito,EDERVAL CAMARGO ROCHA,PROFESSOR EDERVAL,M,03/06/1969,Válido,50
50100,18,Não eleito,ARLINDO MIGUEL DOS SANTOS,ARLINDO MIGUEL DOS SANTOS,M,01/05/1967,Válido,50
50123,28,Não eleito,SILVIO DE SOUSA,SILVIO DE SOUSA,M,04/04/1972,Válido,50
17123,1189,Eleito,MARCIO DA COSTA REIS,MÁRCIO REIS,M,09/03/1968,Válido,17
17456,166,Suplente,RAIMUNDO ARAUJO MAMONA,ARAÚJO MELODIA,M,31/08/1979,Válido,17
17666,69,Suplente,LIDEIA MONTEIRO DA SILVA,LIDEIA MONTEIRO,F,10/04/1978,Válido,17
17717,96,Suplente,JAMILSON PINHEIRO GUIMARAES,JOTA PINHEIRO,M,07/02/1977,Válido,17
17111,164,Suplente,MARIA DE LURDES PEREIRA DA SILVA,PROFESSORA LURDES,F,21/06/1975,Válido,17
17777,809,Suplente,RUBENALDO MAIA DA SILVA,BENNA MAIA,M,12/06/1974,Válido,17
17444,97,Suplente,MARIA DO SOCORRO DE SOUSA CARVALHO,SOCORRO DAS NOIVAS,F,01/04/1970,Válido,17
17234,7,Suplente,ANTONIO CARLOS VIEIRA DO NASCIMENTO,ANTONIO CARLOS,M,13/01/1974,Válido,17
17000,58,Suplente,EDSON FRANCISCO DOS SANTOS,EDSON FRANCISCO,M,05/06/1958,Válido,17
17701,123,Suplente,GELMIRES LIMA FRANÇA,FRANÇA DA AUTO ESCOLA,M,15/11/1966,Válido,17
17117,94,Suplente,SELISMAR MESSIAS PIRES,SÉLLYS MESSIAS,M,12/05/1967,Válido,17
17017,127,Suplente,AGNALDO PEREIRA LIMA,MARABÁ,M,19/05/1980,Válido,17
17750,62,Suplente,ADILCIMAR AGUIAR PARENTE,INDIO PARENTE,M,05/03/1968,Válido,17
17999,50,Suplente,ROSEMILDA RAMOS FREITAS,BISPA ROSEMILDA,F,14/06/1963,Válido,17
17147,82,Suplente,GILMAR DONIZETTI FERNANDES,GILMAR DA TOYOTA,M,14/07/1962,Válido,17
17700,276,Suplente,VANUSA MARTINS CARDOSO GOMES,VANUSA MARTINS,F,04/05/1970,Válido,17
17678,50,Suplente,NABIA PRAIGIDA FEITOSA,NÁBIA PRAIGIDA,F,05/04/1973,Válido,17
17900,79,Suplente,MARCOS VINICIUS COSTA DE OLIVEIRA,MARCOS COSTA,M,10/09/1993,Válido,17
17233,28,Suplente,SILVIA MARIA PEREIRA DA SILVA OLIVEIRA,IRMA SILVIA,F,01/04/1984,Válido,17
17333,121,Suplente,GLEIZEANE BRAGA NUNES,GLEISY NUNES,F,02/05/1965,Válido,17
17355,204,Suplente,LEDISON RICARDO OLIVEIRA PORTELA,LEDISON PORTELA,M,30/06/1997,Válido,17
17555,102,Suplente,GASPAR ALVES PEREIRA,GASPAR DO ESPETINHO,M,14/05/1972,Válido,17
17007,252,Suplente,JOÃO BOSCO DE OLIVEIRA,DR. JOÃO BOSCO,M,09/11/1962,Válido,17
17987,266,Suplente,SEBASTIÃO TERTULIANO FILHO,PASTOR TERTULIANO,M,17/11/1971,Válido,17
17577,57,Suplente,EVA MARIA DA CONCEIÇÃO,EVA BICO,F,22/02/1963,Válido,17
17888,325,Suplente,RENATO ALVES TEIXEIRA,RENATO DIVINO TEIXEIRA,M,24/02/1974,Válido,17
17100,843,Suplente,AMAURISMAR MOTA SOUSA,MAURO MOTA,M,05/07/1973,Válido,17
17222,133,Suplente,DEUZELI DOS SANTOS,DEUZELI,F,14/06/1980,Válido,17
17800,450,Suplente,WESLEY MAIA GUIMARÃES,WESLEY MAIA,M,23/01/1984,Válido,17
90200,40,Suplente,RAINANDA ISAURA DIAS BISPO DE SOUSA,RAINANDA BISPO,F,30/08/2001,Válido,90
90456,49,Suplente,THIAGO ALVES FEITOZA WAHLBRINK,THIAGO WAHLBRINK,M,08/09/1986,Válido,90
90007,573,Suplente,GEORGTON THOMÉ BUJAR MOURA PACHÊCO,PROFESSOR TON,M,31/10/1968,Válido,90
90000,302,Suplente,MAYARA SILVA CABRAL,DRA MAYARA CABRAL,F,13/06/1984,Válido,90
90190,508,Suplente,HUDSON GUIMARÃES LEITE,DELEGADO HUDSON,M,19/11/1973,Válido,90
90567,64,Suplente,ALDO TAVARES CORADO,PROFESSOR ALDO CORADO,M,19/10/1967,Válido,90
90999,97,Suplente,MARIA GORETT RODRIGUES BRAGA,GORETT BRAGA,F,04/10/1961,Válido,90
90121,21,Suplente,WEDER CESAR FERREIRA DA SILVA,WEDER CESAR,M,30/07/1989,Válido,90
90111,667,Suplente,ZORIVAN MONTEIRO DE CASTRO SOARES,ZORIVAN MONTEIRO,M,12/10/1976,Válido,90
90700,158,Suplente,JOSÉ IVAN FARIAS DE OLIVEIRA,PERITO IVAN,M,11/06/1953,Válido,90
90974,127,Suplente,PAULO CÉSAR MORAES DA SILVA,PC MORAES,M,11/01/1974,Válido,90
90333,199,Suplente,PAULO CÉSAR SILVA CARVALHO,PAULINHO,M,16/08/1988,Válido,90
90300,29,Suplente,ANA PAULA SILVA,ANA PAULA,F,16/05/1987,Válido,90
90222,18,Suplente,INGRID LOPES DA SILVA,INGRID,F,08/06/2000,Válido,90
90104,99,Suplente,ALEX ALVES DE MOURA,ALEX MOURA,M,25/07/1978,Válido,90
90777,597,Suplente,JOÃO RODRIGUES DA CRUZ,JOÃO CRUZ,M,07/10/1967,Válido,90
90063,60,Suplente,ANTONIA ARAÚJO DE FREITAS,TOINHA DO FORRÓ,F,07/01/1957,Válido,90
90888,214,Suplente,ISRAEL SANTOS SILVA,ISRAEL SANTOS,M,14/08/1983,Válido,90
90100,762,Eleito,IOLANDA PEREIRA CASTRO,PROFESSORA IOLANDA CASTRO,F,26/12/1973,Válido,90
90800,46,Suplente,MAURO BRITO DA COSTA,MAURO BRITO,M,08/07/1975,Válido,90
90321,81,Suplente,IRISLENE CRISTINA BATISTA DE OLIVEIRA,IRISLENE OLIVEIRA,F,31/05/1990,Válido,90
90555,39,Suplente,EURIVAM GERÔNIMO DOS REIS,EURIVAM GERÔNIMO,M,14/04/1986,Válido,90
90009,325,Suplente,RAIMUNDO AUGUSTO DELGADO JUNIOR,PROFESSOR DELGADO JUNIOR,M,19/12/1972,Válido,90
90090,615,Suplente,RAWLINSON DOS SANTOS SILVA,PROFESSOR RAWLINSON,M,10/02/1979,Válido,90
90123,311,Suplente,ISRAEL DE PAULA MAIA,PROFESSOR ISRAEL MAIA,M,05/04/1982,Válido,90
90400,7,Suplente,JESSICA MILEIDE CARDOSO DA SILVA,JESSICA MILEIDE,F,16/03/1991,Válido,90
90900,208,Suplente,EDGAR MASCARENHAS TAVARES,EDGAR MASCARENHAS,M,01/03/1966,Válido,90
20100,166,Não eleito,JOÃO DE SOUZA ARAUJO,PAI,M,25/05/1988,Válido,20
20190,256,Não eleito,CLAUBER DE ABREU MARTINS,CORONEL CLAUBER,M,17/03/1970,Válido,20
20500,19,Não eleito,MARIA DE FATIMA MELO ALBUQUERQUE CAMARANO,FATIMA ALBUQUERQUE,F,13/10/1959,Válido,20
20000,75,Não eleito,SANDRELY FERRAZ FERREIRA PINHO,SANDRELY,F,24/05/1974,Válido,20
20835,0,Não eleito,KARINA DE CARVALHO MARDEN,KARINA MARDEN,F,17/03/1985,Válido,20
20020,44,Não eleito,EMILIO ROBERTO DE SOUSA E SILVA,ROBERTIM CARREIRINHA,M,04/10/1970,Válido,20
20007,82,Não eleito,NAELIO ALVES DE SOUSA,ALEGRIA,M,04/05/1973,Válido,20
20123,1093,Não eleito,EVANDO JOSÉ DE OLIVEIRA,VANDIN DO POVO,M,10/06/1962,Válido,20
20222,61,Não eleito,FRANCIMAR PEREIRA DOS SANTOS,CIMARZINHO DO POVO,M,09/09/1965,Válido,20
20200,62,Não eleito,LUZIENE BRANDÃO DO NASCIMENTO,LUZIENE BRANDÃO,F,13/12/1992,Válido,20
20555,5,Não eleito,GILMAR VASCONCELOS DO COUTO,GILMAR DA ECONOMIA,M,24/01/1966,Válido,20
20777,82,Não eleito,JOSÉ AUGUSTO RODRIGUES,PASTOR JOSÉ AUGUSTO,M,05/08/1976,Válido,20
20011,51,Não eleito,ELLEN CRISTINA PINHO DA SILVA DINIZ,ELLEN PINHO,F,11/02/1982,Válido,20
20700,41,Não eleito,MARCOS LOPES SILVA,MARCOS CHOKITO,M,26/06/1982,Válido,20
20120,47,Não eleito,MATEUS MARTINS DA SILVA,MATEUS DO SOFÁ,M,10/05/1970,Válido,20
20620,160,Não eleito,JEFFERSON NUNES ALECRIM,CORONEL ALECRIM,M,11/08/1967,Válido,20
35111,31,Não eleito,SEVERINO MANOEL DA SILVA,PASTOR SEVERINO,M,07/03/1957,Válido,35
35000,73,Não eleito,SOLANGE CAVALCANTE DOS SANTOS DA SILVA,PROF SOLANGE,F,27/05/1977,Válido,35
14200,353,Não eleito,JOSÉ MARINHO BORGES,JOSÉ BORGES,M,14/05/1979,Válido,14
14888,94,Não eleito,VALDILEIA ADRIANO PEREIRA RIBEIRO,VALDILEIA ADRIANO,F,04/07/1975,Válido,14
14456,140,Não eleito,DANILO ARGOLLO BRAGANÇA,MAJOR ARGOLLO,M,12/01/1976,Válido,14
14440,46,Não eleito,MÁRIO DAVID SOUZA VIEIRA,MÁRIO SEGURANÇA,M,13/02/1966,Válido,14
14700,10,Não eleito,AURIA COELHO ABREU,AURYA ABREU,F,21/12/1979,Válido,14
14777,291,Não eleito,FÁBIO ALVES LEMES,FABINHO HONDA,M,30/09/1977,Válido,14
14000,376,Não eleito,PEDRO GERALDO CUNHA DE AGUIAR,DR PEDRO,M,22/05/1958,Válido,14
14014,490,Não eleito,JANNAIR ALVES DE SOUZA,JANNAIR ALVES,M,07/04/1969,Válido,14
14444,209,Não eleito,JOSÉ SABÓIA DE SOUZA LIMA NETO,JOSÉ SABÓIA,M,01/03/1984,Válido,14
14123,45,Não eleito,FAUSTO RODRIGUES DE SOUSA NETO,PROFESSOR FAUSTO,M,19/11/1972,Válido,14
14111,94,Não eleito,FELÍCIO ALVES COSTA,FELÍCIO COSTA,M,29/05/1978,Válido,14
14190,62,Não eleito,JUSCÉLIA CARVALHO GALVÃO,SARGENTO JUCÉLIA,F,08/06/1983,Válido,14
14555,64,Não eleito,SHIRLEY MARANHÃO ARAÚJO,SARGENTO MARANHÃO,F,05/02/1970,Válido,14
14400,10,Não eleito,PHATYA DO CARMO OLIVEIRA,SARGENTO PÁTYA PEIXOTO,F,18/05/1985,Válido,14
40700,83,Suplente,IGOR PRADO SILVA SANTOS,IGOR PRADO,M,15/12/1986,Válido,40
40888,643,Suplente,ATHUS DE OLIVEIRA LIMA,ATHUS,M,11/06/1992,Válido,40
40100,183,Suplente,GIOVANNA CAVALCANTI NAZARENO,GIOVANNA NAZARENO,F,18/03/1980,Válido,40
40140,179,Suplente,THEODORO DANTAS DE FIGUEIREDO,THEO DANTAS,M,17/12/1983,Válido,40
40190,1344,Eleito,ANTONIO VIEIRA DA SILVA JUNIOR,JUNIOR BRASÃO,M,23/10/1973,Válido,40
40640,61,Suplente,JOSE RIBEIRO DE LIMA,RAFAEL DA FEIRA,M,28/06/1960,Válido,40
40123,174,Suplente,ELIANE CAMPOS DE ARAUJO OLIVEIRA,ELIANÊ CAMPOS,F,17/06/1971,Válido,40
40777,210,Suplente,DOUGLAS THALISSON SANCHES LEITE,DOUGLAS PAPEL,M,01/07/1987,Válido,40
40222,207,Suplente,DARCIL RUFINO MATOS,DARCIL RUFINO,M,23/09/1994,Válido,40
40789,50,Suplente,ANA AMÉLIA ALVES DE SOUSA,ANA AMÉLIA,F,05/08/1962,Válido,40
40025,30,Suplente,WENY LOPES PEREIRA,WENY LOPES,M,12/01/1977,Válido,40
40063,204,Suplente,RAFAEL CARNEIRO DE ALMEIDA,RAFAEL GUIROLLE,M,22/01/1983,Válido,40
40111,938,Suplente,EPITÁCIO BRANDÃO LOPES FILHO,EPITÁCIO BRANDÃO FILHO,M,06/10/1977,Válido,40
40404,150,Suplente,HERIKA MENDONÇA HONORATO,HÉRIKA HONORATO,F,11/01/1980,Válido,40
40321,62,Suplente,RENATA ECKART MACENA,RENATA ECKART,F,18/05/1967,Válido,40
40200,352,Suplente,WILLIAN BRITO ALVES,PROFESSOR WILLIAN BRITO,M,17/09/1987,Válido,40
40500,407,Suplente,MARCO ANTONIO PAMPOLHA GOMES DA SILVA,MARCO GOMES,M,25/02/1980,Válido,40
40400,26,Suplente,KALINE NEIVA REIS,DJ KALINE - JUNTOS NESSA,F,30/06/1980,Válido,40
40444,666,Suplente,ROSA HELENA AMBROSIO DE CARVALHO,ROSA DA ANJO AZUL,F,03/04/1976,Válido,40
40007,152,Suplente,FREED RODRIGUES LUSTOSA,FREED LUSTOSA,M,04/05/1984,Válido,40
40040,532,Suplente,FELIPE ROCHA MARTINS,FELIPE ROCHA,M,03/10/1984,Válido,40
40555,367,Suplente,NEILTON VIEIRA SARAIVA,NEILTON DOS APLICATIVOS,M,07/08/1983,Válido,40
40015,222,Suplente,FRANCISCO DAS CHAGAS LIMA,PROFESSOR ROBSON,M,27/08/1981,Válido,40
40180,877,Suplente,ALEXANDRE PEREIRA ARAÚJO,SOMOS,M,01/02/1983,Válido,40
40800,205,Suplente,LILIANE BEZERRA DE SOUSA,LILI BEZERRA DO AMASTHA,F,02/05/1978,Válido,40
40023,202,Suplente,KARLEANE RODRIGUES FERREIRA,PROFESSORA KARLEANE,F,08/12/1988,Válido,40
40600,122,Suplente,ELIZEU RODRIGUES PEREIRA,ELIZEU RODRIGUES,M,17/02/1996,Válido,40
40000,1161,Eleito,MAURO ANTONIO ALVARA LACERDA,LACERDA DO GÁS,M,30/07/1977,Válido,40
40300,528,Suplente,GUSTAVO HENRIQUE SOMERA RIBEIRO,SOMERA DO BAIXO CLERO,M,20/03/1997,Válido,40
36333,9,Não eleito,JAIRO CABRAL DOS SANTOS,JAIRO PROFESSOR PIXOTE,M,17/05/1976,Válido,36
36888,36,Não eleito,REINALDO DA SILVA ROCHA,REINALDO DO SOCIAL BAR,M,25/03/1972,Válido,36
36222,23,Não eleito,ALESANDRA SOARES PIRES,ALESANDRA PIRES,F,07/09/1983,Válido,36
36111,29,Não eleito,JOSÉ MAMÉDIO OLIVEIRA,MAMÉDIO O MARANHENSE,M,12/08/1952,Válido,36
36444,47,Não eleito,RONAN DIAS DE ASSUNÇÃO,LOCUTOR RONAN DIAS,M,03/06/1992,Válido,36
36123,196,Não eleito,MIRALTINA PEREIRA ARAÚJO SILVA,TINA DO SANTO AMARO,F,02/08/1964,Válido,36
36777,241,Não eleito,FERNANDA EMILIA BUCAR PORTO,FERNANDA BUCAR,F,23/01/1990,Válido,36
36001,34,Não eleito,LUCILENE MACHADO PEREIRA DE SOUSA,IRMA LUCILENE,F,29/07/1982,Válido,36
36000,13,Não eleito,LUIS OLIVEIRA FERREIRA,LUIS OLIVEIRA,M,04/04/1983,Válido,36
36555,46,Não eleito,LUIZ HENRIQUE COELHO DOS SANTOS TELES,LUIZINHO DO AUTO CENTER,M,15/08/1976,Válido,36
36036,31,Não eleito,AURICELIO MIRANDA MOTA,DIREITINHA,M,29/08/1980,Válido,36
36999,38,Não eleito,GILSON ARAÚJO SILVA,GILSON SILVA,M,11/01/1969,Válido,36
43123,195,Não eleito,ANTONIO TADEU DE SOUZA,TADEU DA CASA DOS FILTROS,M,11/02/1955,Válido,43
43155,201,Não eleito,VALTRUDE MESSIAS,DIÁCONO MESSIAS,M,15/11/1957,Válido,43
43330,9,Não eleito,REGINA ANTONIA NEPOMUCENO SILVA,REGINA,F,06/06/1958,Válido,43
43400,253,Não eleito,ANTONIO RODRIGUES ROCHA NETO,ANTONIO CASEBRE,M,04/08/1968,Válido,43
43111,29,Não eleito,ELIZABETE FERREIRA DA SILVA,BETE DA PRAIA,F,09/06/1963,Válido,43
43270,25,Não eleito,EDVALDO SOBRINHO DA FONSECA,EDVALDO DAS ARNOS,M,06/08/1971,Válido,43
43000,387,Não eleito,ELMIR JOSE ALVES,IRMÃO ELMIR,M,12/10/1965,Válido,43
43043,1,Não eleito,JOELMA DOS REIS GOVEIA,JOELMA GOVEIA,F,05/05/1989,Válido,43
43500,258,Não eleito,FRANCISCA D'ARC MERTENY DE LIMA,FRANCISCA DARC,F,18/05/1982,Válido,43
43100,700,Não eleito,ERIVELTON DA SILVA SANTOS,ERIVELTON,M,13/11/1978,Válido,43
43700,1,Não eleito,ELIEL CESAR MATEUS TINOCO,CUCAS,M,24/10/1962,Válido,43
43147,261,Não eleito,JORDEON GAMA DE SOUSA,JOTA GAMA,M,11/03/1976,Válido,43
43333,197,Não eleito,NILSON LUIZ SILVEIRA GRIMM,NILSON GRIMM,M,13/05/1995,Válido,43
43300,36,Não eleito,JOSE ROBERTO PEREIRA DE CARVALHO,PROFESSOR JOSÉ ROBERTO,M,05/09/1977,Válido,43
43800,119,Não eleito,GILSON SANTOS MARTINS,GILSON SANTOS,M,03/08/1970,Válido,43
43063,405,Não eleito,SOLANY MARIA SOUZA MOREIRA,ENFERMEIRA SOL,F,20/12/1974,Válido,43
13114,203,Suplente,MARIA VANIR ILIDIO,MARIA VANIR,F,02/02/1964,Válido,13
13600,33,Suplente,IZABEL MARIA PEREIRA DA CRUZ,BEBEL,F,07/08/1960,Válido,13
13123,152,Suplente,FABIANA MARIA DA SILVA,PROFESSORA FABIANA,F,12/05/1981,Válido,13
13612,306,Suplente,ANTONIO ÉDIS LIBERATO LUCENA,ANTÔNIO EDIS,M,09/09/1971,Válido,13
13304,72,Suplente,MARIO AGOSTINHO COELHO PINTO,MARIO PINTO,M,30/12/1969,Válido,13
13200,1147,Eleito,SOLANGE JANE TAVARES DUAILIBE DE JESUS,SOLANGE DUAILLIBE,F,08/04/1967,Válido,13
13222,237,Suplente,JOELSON PEREIRA DOS SANTOS,PROFESSOR JOELSON,M,23/09/1973,Válido,13
13073,199,Suplente,JULIO LIMA RAMOS,JULIO BOKÃO,M,20/02/1958,Válido,13
13013,909,Suplente,EUTALIA BARBOSA RODRIGUES NAVES,EUTALIA,F,25/03/1971,Válido,13
13111,98,Suplente,JOAQUIM DARES DOS SANTOS,JOAQUIM DARES,M,08/09/1969,Válido,13
13456,143,Suplente,GENIVALDO DE MOURA SANTOS,BOB MOURA,M,15/03/1982,Válido,13
13300,32,Suplente,EDERJOFRE SOARES DA SILVA,EDERJOFRE,M,07/10/1981,Válido,13
13777,87,Suplente,IVAN DIAS DO NASCIMENTO,RODADO PRODUÇÕES,M,05/04/1976,Válido,13
13000,638,Suplente,EDY CESAR DOS PASSOS JUNIOR,PROFESSOR EDY CÉSAR,M,25/07/1982,Válido,13
13003,87,Suplente,RAIMUNDA PEREIRA DE ARAUJO NETO,RAIMUNDINHA DO POVO,F,17/07/1949,Válido,13
51333,26,Suplente,MARISTELA FELIPE OLIVEIRA,ESTELA VANESSA,F,15/03/1964,Válido,51
51069,14,Suplente,JAIRO ALVES DA SILVA,JAIRINHO,M,11/10/1991,Válido,51
51900,254,Suplente,JOSEANE SOUSA FERREIRA,JOSEANE SOUSA,F,15/06/1986,Válido,51
51800,47,Suplente,LEIDIANE DUARTE SILVA SANTOS,LEIDIANE,F,26/10/1986,Válido,51
51171,46,Suplente,CARLOS ALBERTO ARAUJO,COBAL,M,29/03/1969,Válido,51
51777,219,Suplente,GLEBERTON VARGAS FRANCA,GLEBINHO FRANÇA,M,11/06/1971,Válido,51
51500,368,Suplente,HUMBERTO ARRUDA ALENCAR,HUMBERTO ALENCAR,M,08/02/1966,Válido,51
51001,207,Suplente,FAUSTO JOSÉ MENDES,FAUSTO MENDES,M,24/09/1981,Válido,51
51122,38,Suplente,CORIOLANO MACHADO DA SILVA JÚNIOR,CORIOLANO MACHADO,M,20/07/1967,Válido,51
51222,522,Suplente,MARCOS AURELIO MOREIRA DE SOUZA,MARQUINHOS,M,28/08/1986,Válido,51
51106,59,Suplente,JOANA D'ARC PEREIRA SANTOS,JOANA D'ARC,F,04/11/1967,Válido,51
51070,60,Suplente,ROSILEIDE GOMES DOS SANTOS DE AQUINO,CANTORA LEIDE,F,02/05/1978,Válido,51
51200,27,Suplente,WESLEY WASHINGTON VAZ FERREIRA,PR WESLEY VAZ,M,01/06/1988,Válido,51
51044,15,Suplente,ANDRE LOPES DE AGUIAR,ANDRE LOPES,M,27/01/1982,Válido,51
51000,485,Suplente,SID-NEY DIAS DE MENEZES,SID NEY MENEZES,M,06/12/1969,Válido,51
51700,260,Suplente,EDISOM ALVES DA SILVA,PROF EDISOM ALVES,M,03/06/1978,Válido,51
51111,122,Suplente,ROGERIO OLIVEIRA ROCHA,FERINHA DOS AURENYS,M,05/03/1972,Válido,51
51789,546,Suplente,MARIA DA CONCEIÇÃO ALVES DE MELO,CONCEIÇÃO ALVES IRMÃ,F,26/11/1964,Válido,51
51555,60,Suplente,ROBERTO ALVES DA SILVA,ROBERTO ALVES,M,15/04/1973,Válido,51
51100,1088,Eleito,JOSÉ DO LAGO FOLHA FILHO,FOLHA,M,03/04/1968,Válido,51
51400,16,Suplente,DANUBIA ROCHA GOMES LIMA,DANUBIA,F,05/03/1987,Válido,51
51003,66,Suplente,IRACEMA LOPES ROMANO DA SILVA,IRACEMA DA SAUDE,F,10/12/1975,Válido,51
51123,186,Suplente,ADRIANO DOS SANTOS LIMA,ADRIANO SANTOS,M,01/10/1987,Válido,51
51300,203,Suplente,CECILIO EDER ALVES DOS SANTOS,CECILIO EDER,M,13/12/1980,Válido,51
51010,204,Suplente,DANIEL FERREIRA DIAS,DANIEL DIAS VETERINÁRIO,M,28/03/1986,Válido,51
51151,18,Suplente,LUIS CARLOS PEREIRA DA SILVA,BINGÃO,M,07/02/1972,Válido,51
51051,83,Suplente,HENRIQUE LÁZARO LOPES CARDOSO,HENRIQUE FRAGATA,M,29/05/1967,Válido,51
51002,17,Suplente,NARA PEREIRA CARVALHO,NARA CARVALHO,F,16/01/1996,Válido,51
45000,79,Suplente,FLÁVIO TIAGO CASTRO BRUM,TED BRUM,M,07/01/1978,Válido,45
45145,728,Suplente,MARIA APARECIDA ROSENO LIRA MARTINS,CIDA ROZENO,F,07/09/1972,Válido,45
45900,58,Suplente,MARIA DA CONCEIÇÃO DE SOUSA,CONCEIÇÃO,F,12/07/1966,Válido,45
45700,203,Suplente,MARCOS SOUSA TERRECO,MARQUINHO DA MORADIA,M,30/05/1972,Válido,45
45600,985,Suplente,VALTONIA GONÇALVES DOS SANTOS,VALTÔNIA,F,29/03/1980,Válido,45
45369,295,Suplente,DÁGMA SOUSA LOPES PIRES,DÁGMA PIRES,F,24/06/1963,Válido,45
45888,82,Suplente,ELBER ALVES DE OLIVEIRA,ELBINHO DO AURENY II,M,18/06/1984,Válido,45
45300,1207,Suplente,RAIMUNDO RÊGO DE NEGREIROS,MAJOR NEGREIROS,M,31/08/1970,Válido,45
45244,168,Suplente,JHON LUCAS BRANDÃO SOUZA,JHON LUCAS BRANDÃO,M,03/03/1996,Válido,45
45555,1195,Suplente,MARIA DE FÁTIMA PEREIRA DE SENA E SILVA,PROFESSORA FÁTIMA SENA,F,18/02/1977,Válido,45
45111,112,Suplente,NÉLIO NOGUEIRA LOPES,NÉLIO LOPES,M,06/07/1986,Válido,45
45005,98,Suplente,GLENDA KELLY LOPES,GLENDA DO GPS,F,01/08/1976,Válido,45
45477,835,Suplente,IVANETE PEREIRA SILVA LIMA,IVANETE LIMA,F,22/11/1975,Válido,45
45800,302,Suplente,MARIA HELENA DA SILVA GUIMARÃES,MARIA HELENA,F,12/08/1971,Válido,45
45045,42,Suplente,JOÃO BATISTA RIBEIRO ARAÚJO,BATISTA RIBEIRO,M,01/04/1976,Válido,45
45333,173,Suplente,RAIMUNDO CARLOS PEREIRA DA SILVA,CARLINHOS SILVA,M,18/12/1976,Válido,45
45122,57,Suplente,AGNALDO RIBEIRO DA COSTA,AGNALDO RIBEIRO,M,23/11/1973,Válido,45
45454,46,Suplente,MÁRCIO ROBERTO DOS SANTOS,MÁRCIO ROBERTO,M,22/10/1980,Válido,45
45678,132,Suplente,SILVANEIDE MACEDO COSTA DE SOUSA,SILVINHA MACEDO,F,15/10/1976,Válido,45
45123,2012,Eleito,FILIPE MARTINS DOS SANTOS,FILIPE MARTINS,M,01/04/1984,Válido,45
45200,90,Suplente,EULERLENE ANGELIM GOMES,EULA ANGELIM,F,10/01/1975,Válido,45
45100,1279,Eleito,JUCELINO RODRIGUES DE JESUS,JUCELINO,M,28/05/1962,Válido,45
45500,349,Suplente,LUCIANO DE CASTRO TEIXEIRA,DR LUCIANO,M,02/02/1975,Válido,45
45104,235,Suplente,BRUNO MENDES,BRUNO MENDES NAÇÃO RAP,M,12/07/1988,Válido,45
45911,49,Suplente,DAVID SOUZA AVELINO,IRMÃO DAVI,M,01/10/1953,Válido,45
45744,18,Suplente,MANOEL ORISOMAR VIEIRA RIBEIRO,MANOELZINHO,M,28/12/1976,Válido,45
45222,409,Suplente,EMMANOEL MARLON PEREIRA,EMMANOEL MARLON,M,25/11/1984,Válido,45
45777,1659,Eleito,EUZIMAR PEREIRA DE ASSIS,EUDES ASSIS,M,04/08/1970,Válido,45
19222,93,Suplente,QUÉSIA RODRIGUES DE CARVALHO,QUÉSIA CARVALHO,F,28/08/1968,Válido,19
19180,64,Suplente,WEIGMA MICHELY DA SILVA,PROFESSORA WEIGMA,F,08/11/1975,Válido,19
19444,42,Suplente,JOSIANDRA CLEY VARIANI,PROFESSORA JOSIANDRA,F,21/03/1972,Válido,19
19196,136,Suplente,WESLANE CIRQUEIRA C DO NASCIMENTO,PROFESSORA WESLANE,F,19/03/1971,Válido,19
19999,223,Suplente,NATAL CESAR ALVES DE CASTRO,NATAL CASTRO,M,25/12/1972,Válido,19
19400,94,Não eleito,ANTÔNIO DOMINGOS DIAS DE SOUZA,ANTÔNIO DIAS,M,20/01/1965,Anulado sub judice,19
19200,23,Suplente,MARCOS ANTÔNIO SILVA SANTOS,MARCÃO DA MIRACEMA,M,10/06/1972,Válido,19
19192,1088,Suplente,ESTEVAM RIVELLO ALVES,DR ESTEVAM RIVELLO ALVES,M,03/05/1983,Válido,19
19029,34,Suplente,MANOEL ERNANE DA SILVA,ERNANDES CARECA,M,02/03/1986,Válido,19
19100,176,Suplente,EDIMILSON DOS SANTOS,EDIMILSON DA LÍDER,M,09/11/1962,Válido,19
19612,144,Suplente,PAULO SÉRGIO CARVALHO JUNIOR,PAULO SÉRGIO,M,10/09/1980,Válido,19
19808,34,Suplente,ÉDINA MOURA ARAÚJO MONTEIRO,ÉDINA MOURA,F,03/06/1971,Válido,19
19123,115,Suplente,ELENILSON BEZERRA RODRIGUES,ELENILSON BEZERRA,M,30/04/1982,Válido,19
19800,2083,Eleito,JANAD MARQUES DE FREITAS VALCARI,PROFESSORA JANAD VALCARI,F,18/03/1984,Válido,19
19000,640,Suplente,DIAN CARLOS RODRIGUES NETO,DIAN CARLOS,M,16/08/1983,Válido,19
19777,211,Suplente,ANTÔNIO DELBES BARBOSA,DELBES BARBOSA,M,02/11/1982,Válido,19
19101,337,Suplente,PEDRO ADROALDO DA SILVA,CAPITÃO ADROALDO,M,23/07/1960,Válido,19
19001,105,Suplente,CHARLES BRONCIO DE OLIVEIRA CRUZ,CHARLES BRONCIO,M,27/07/1973,Válido,19
19195,100,Suplente,LÁZARO GOMES DE SOUSA,LÁZARO GOMES,M,11/02/1972,Válido,19
19900,194,Suplente,RAIMUNDO DONATO DA SILVA JUNIOR,JÚNIOR SILVA,M,07/01/1982,Válido,19
19190,58,Suplente,MARIA APARECIDA GLÓRIA DOS SANTOS,CIDA GLÓRIA,F,29/01/1986,Válido,19
19111,314,Não eleito,ADÃO CLARO BARBOSA DE MELO,ADÃO ÍNDIO,M,12/08/1960,Anulado sub judice,19
19188,4,Suplente,ÂNGELA MARIA DE BRITO RODRIGUES,ÂNGELA MARIA,F,04/01/1968,Válido,19
19011,251,Suplente,JÚLIO CÉSAR DA SILVA MAMEDE,CORONEL MAMEDE,M,10/06/1964,Válido,19
19700,164,Suplente,MARCOS AIRES RODRIGUES,MARCOS AIRES,M,07/05/1974,Válido,19
19555,1195,Suplente,JOSMUNDO VILA NOVA DE SOUZA,JOSMUNDO VILA NOVA,M,01/07/1977,Válido,19
19500,120,Suplente,ELVIO QUIRINO PEREIRA,PROFESSOR ELVIO QUIRINO,M,22/01/1966,Válido,19
19333,401,Suplente,FERNANDO MACEDO CARVALHO,FERNANDO MACEDO,M,26/07/1990,Válido,19
19019,241,Suplente,SUELLEN MEDRADO SILVA FERNANDES,SUELLEN MEDRADO,F,13/05/1990,Válido,19
10789,170,Suplente,NAYARA FERNANDES DURÃO,NAYARA DURÃO,F,08/05/1984,Válido,10
10028,58,Suplente,RODRIGO LOURENÇO DE CARVALHO,RODRIGO DA FANFARRA,M,06/12/1997,Válido,10
10500,104,Suplente,NILSON GOMES DOS SANTOS,PR NILSON GOMES,M,28/08/1967,Válido,10
10000,950,Suplente,GLEYDSON RICARDO MARTINS TORRES,GLEYDSON DA TOCANTINS TV,M,15/04/1978,Válido,10
10300,77,Suplente,EDIVALDO ALVES DE SOUSA,BRASILEIRO,M,12/07/1975,Válido,10
10017,57,Suplente,MARILUCE COELHO DE SOUSA,MARILUCE,F,16/01/1979,Válido,10
10777,170,Suplente,RODRIGO RODRIGUES SILVA,RODRIGO SILVA,M,02/10/1993,Válido,10
10123,189,Suplente,ERBETE CARREIRO MARTINS,HERBETE MARTINS,M,22/11/1976,Válido,10
10888,187,Suplente,VALTO ROLIM DOS SANTOS,DEDIM BARBEIRO,M,03/09/1977,Válido,10
10259,83,Suplente,ROSANIA DE SOUZA FRANÇA,ROSANIA FRANÇA SARMENTO,F,24/08/1959,Válido,10
10222,58,Suplente,ROSENILDA MONTEIRO DA SILVA RIBEIRO,ROSE RIBEIRO,F,06/02/1989,Válido,10
10999,18,Suplente,JANIVALDO MARQUES SOARES,JANIVALDO,M,11/09/1963,Válido,10
10100,193,Suplente,HELIVAN ARAUJO LOPES,HELIVAN LOPES,M,23/08/1978,Válido,10
10333,21,Suplente,KESIA CARINA DE OLIVEIRA FEITOSA,KÉSIA CARINA,F,05/09/1978,Válido,10
10010,582,Suplente,JOAO VICTOR MOREIRA DE FREITAS,SARGENTO JOÃO VICTOR,M,28/11/1981,Válido,10
10318,1246,Eleito,DANIEL RODRIGO DO NASCIMENTO,DANIEL NASCIMENTO,M,01/02/1983,Válido,10
10555,70,Suplente,MARIA JUSSIMAR PEREIRA DA COSTA SANTOS,JUSSI DO SIMIÃO,F,01/06/1977,Válido,10
77333,110,Suplente,JOAO LUIZ FERREIRA DE CARVALHO,JOAO LUIZ,M,22/07/1981,Válido,77
77077,300,Suplente,JALIS NUNES RIBEIRO,JALIS DA EXCLUSIVA,M,25/11/1976,Válido,77
77600,32,Suplente,ROSINO ALVES TAVARES JUNIOR,JUNIOR DAS ARNOS,M,03/10/1975,Válido,77
77123,202,Suplente,CARLOS EDUARDO NOGUEIRA DE MORAES,EDUARDO MOARES,M,09/01/1979,Válido,77
77001,24,Suplente,DENISE FERNANDES DE SOUZA,DENISE,F,24/08/1973,Válido,77
77100,1540,Suplente,JAIME CAFE DE SA,JAIME CAFE,M,18/01/1973,Válido,77
77500,29,Suplente,LUCIVANIA MACEDO BARROS,LUCIVANIA BARROS,F,13/09/1986,Válido,77
77777,870,Suplente,ELAINE ROCHA CHAVES MENEGON,ELAINE ROCHA,F,26/11/1978,Válido,77
77000,439,Suplente,WESCLEY PEREIRA DA SILVA,WESCLEY CEARA,M,30/09/1982,Válido,77
77120,257,Suplente,LEANDRO DELFINO DOS SANTOS,LEANDRO BICUDO,M,10/10/1982,Válido,77
77700,1912,Eleito,LAUDECY COELHO ARRUDA COIMBRA,LAUDECY COIMBRA,F,26/03/1969,Válido,77
77111,735,Suplente,MANOEL CARLOS MONTEIRO JUNIOR,JUNIOR DO CARTORIO,M,05/01/1971,Válido,77
18500,3,Não eleito,ANTONIO DINIZ DE AZAMBUJA,ANTONIO DINIZ DE AZAMBUJA,M,25/11/1950,Válido,18
18000,140,Não eleito,ELIANE CECILIA TOCHTROP,ELIANE TOCHTROP,F,22/11/1966,Válido,18
18018,12,Não eleito,WILMA SOARES DO NASCIMENTO,WILMA SOARES DO NASCIMENTO,F,10/11/1971,Válido,18
18900,49,Não eleito,ADALBERTO BRITO NUNES,ADALBERTO BRITO NUNES,M,06/06/1985,Válido,18
